log(MSE-ICA-components),comp
6.27728636,40
4.207263038,40
5.281196308,40
5.130595681,40
6.480242485,40
5.395974436,40
4.625477124,40
6.94771728,40
7.166409408,40
7.773042803,40
7.081805494,40
5.972203588,40
7.211052345,40
6.4748645,40
4.355286205,40
6.843557618,40
4.143840499,40
3.776682639,40
6.091426974,40
3.130675442,40
5.787962495,40
7.386320585,40
4.452293769,40
6.695383713,40
6.41028899,40
4.68273165,40
3.395386259,40
6.392723306,40
5.209859715,40
6.095578673,40
5.092931321,40
6.520732382,40
5.579477477,40
4.254393211,40
6.450515523,40
6.407646484,40
7.085971039,40
5.91486337,40
7.627881788,40
8.65172389,40
5.232830805,40
9.176356436,40
5.455019154,40
6.102332111,40
5.905303805,40
4.816018242,40
5.936705565,40
3.099298654,40
3.855512073,40
5.038822235,40
5.977908339,40
4.83064281,40
6.57083898,40
7.5224348,40
5.565959894,40
5.279266735,40
5.146407496,40
7.618551137,40
4.670261924,40
5.84257818,40
3.984780754,40
6.849679553,40
8.93582639,40
6.574692765,40
6.154980578,40
8.480673335,40
5.784954165,40
2.940692764,40
5.530513085,40
4.890866646,40
6.46872504,40
4.889524584,40
3.495998343,40
8.03294339,40
6.706729849,40
8.149127437,40
5.416219007,40
8.038556496,40
7.691963289,40
4.65959167,40
3.666675065,40
4.434321986,40
4.793892494,40
6.273870925,40
4.455807348,40
4.192378422,40
5.935010608,40
6.839139038,40
5.892272112,40
3.722939011,40
7.151844256,40
5.414473238,40
6.926624036,40
5.12090874,40
7.20277675,40
7.855605197,40
6.482380288,40
6.599593311,40
6.985647026,40
6.953853151,40
8.84682339,40
7.469339013,40
5.076076251,40
6.788782468,40
5.821715058,40
2.570476516,40
6.077468117,40
7.058669718,40
4.807197577,40
6.490766601,40
8.324130135,40
6.061378915,40
6.894533984,40
7.061851815,40
4.274643769,40
6.336040446,40
7.086759904,40
5.112095881,40
4.772723859,40
8.835048286,40
4.550896509,40
6.648166368,40
6.595989633,40
5.588286004,40
6.233668574,40
5.218901389,40
7.251725547,40
6.187150708,40
5.050039389,40
6.005680231,40
4.433094302,40
5.834912814,40
5.177853127,40
6.075232899,40
5.913522265,40
4.916784508,40
6.068936415,40
5.91763725,40
4.65524867,40
6.445445487,40
5.56942671,40
7.072063844,40
4.878464815,40
4.142273081,40
6.714568661,40
5.515302221,40
5.755306229,40
8.419484684,40
5.031078884,40
3.779822688,40
5.388095946,40
5.783246308,40
6.702147915,40
2.396415463,40
5.827612008,40
5.908403487,40
7.293338582,40
5.920235031,40
5.796485462,40
4.835569334,40
8.810954365,40
6.730099639,40
5.169746706,40
7.71870329,40
7.450002643,40
6.086460901,40
7.12583438,40
7.03821345,40
5.829173935,40
3.805836818,40
6.755819795,40
2.53754696,40
5.603266738,40
6.254096626,40
5.774144925,40
5.715858667,40
5.098883241,40
3.329614795,40
4.373042843,40
6.526023245,40
5.73307567,40
6.042844187,40
5.211464585,40
5.083348112,40
5.510426013,40
6.386542799,40
9.123514155,40
4.937165734,40
5.4141966,40
4.786463789,40
6.684817262,40
8.228884503,40
6.582808166,40
4.968383568,40
4.26727766,40
4.489363213,40
5.843959282,40
8.173487407,40
5.739271033,40
6.870170833,40
5.940897588,40
5.801471396,40
7.474657921,40
6.029345,40
3.95667749,40
3.252368683,40
6.889940413,40
8.235854438,40
5.38682135,40
7.159455977,40
7.593310312,40
5.297023271,40
4.77929671,40
5.471994118,40
5.927687129,40
5.460264332,40
5.581274262,40
4.79137265,40
4.686215762,40
6.495016498,40
4.341842842,40
5.828222134,40
5.149420817,40
8.304660421,40
7.963176385,40
8.16768485,40
5.503182577,40
4.922257461,40
7.312409807,40
3.843119503,40
4.132715557,40
3.612219835,40
4.494145534,40
6.243911765,40
4.962009957,40
5.168354342,40
5.854640255,40
5.504782069,40
4.26314398,40
7.036593906,40
4.590175823,40
3.787173819,40
6.81310573,40
5.047471426,40
2.746856494,40
7.523504155,40
5.73870065,40
8.088510804,40
5.403554172,40
5.576282429,40
5.69409515,40
3.544083596,40
8.476491356,40
3.318078565,40
4.59300682,40
8.549916342,40
8.094099505,40
5.209439125,40
4.13893119,40
4.439737074,40
8.24168091,40
5.770830728,40
4.95398076,40
5.914149357,40
6.203540856,40
4.386201866,40
7.142590639,40
4.247097432,40
5.940686907,40
6.849876385,40
7.689306006,40
7.845556869,40
4.393196396,40
6.661540208,40
8.983501274,40
6.763532996,40
4.940005887,40
7.311983651,40
6.767808471,40
6.668408992,40
7.481691431,40
6.308373701,40
8.929489827,40
7.306079124,40
5.217839085,40
6.710642162,40
5.20125557,40
6.084714056,40
7.560234376,40
8.848816546,40
5.669035334,40
5.612841601,40
5.664316162,40
2.618115967,40
4.860217449,40
3.499852421,40
5.66221586,40
5.993358923,40
7.070324576,40
5.139079075,40
6.849337441,40
6.783209846,40
8.024543757,40
5.90267173,40
5.104051129,40
3.987653669,40
5.053735161,40
4.50341475,40
6.497169316,40
7.572251113,40
4.749360097,40
4.730619749,40
5.012835732,40
6.959068169,40
6.848007218,40
6.00371216,40
6.696224677,40
6.118526402,40
5.857750163,40
8.601458349,40
4.413842559,40
3.547975808,40
6.840671187,40
7.98355022,40
4.145648296,40
3.162796863,40
2.429800231,40
5.548689791,40
5.43337199,40
7.392085757,40
5.885912642,40
5.712296138,40
6.955918532,40
7.367179008,40
7.414665891,40
4.269349105,40
6.811468194,40
7.214283558,40
0.099869086,40
3.583000429,40
6.507987131,40
6.584069796,40
5.858159569,40
2.918024738,40
6.48275307,40
8.595336093,40
5.722125876,40
7.929902752,40
6.792172884,40
3.601830346,40
6.913815795,40
2.203767794,40
4.603804508,40
7.176281375,40
5.844726385,40
5.651105027,40
2.415292062,40
4.249168582,40
8.113939526,40
5.737724804,40
5.699169649,40
3.267421819,40
7.034229723,40
5.238743147,40
3.116676675,40
5.631110051,40
7.815429441,40
7.758551271,40
1.920064125,40
7.416541266,40
5.686893783,40
5.694882719,40
6.683199503,40
4.226187544,40
2.128234612,40
5.117131913,40
6.422050861,40
8.176635098,40
8.365629685,40
4.198785084,40
5.921128082,40
6.635050552,40
4.487214578,40
6.149709779,40
5.426793354,40
5.225029992,40
6.551819307,40
8.303851054,40
5.640100358,40
6.920775584,40
5.964878086,40
4.224089192,40
4.757635836,40
6.381834891,40
6.717116503,40
7.614558041,40
7.173155947,40
4.34257683,40
7.545582942,40
6.475415365,40
4.219272737,40
6.828049647,40
5.960819267,40
6.712852239,40
3.861344371,40
4.157987659,40
7.07287084,40
6.908858323,40
2.541131864,40
3.248604681,40
6.971911771,40
5.060970488,40
5.484997177,40
5.554880937,40
7.097729895,40
5.075539387,40
4.087737855,40
4.859784134,40
5.045885938,40
7.144991938,40
7.348314603,40
6.463598227,40
6.81097128,40
4.818783483,40
5.133349097,40
7.490852145,40
6.255482289,40
5.673347912,40
2.935550297,40
6.168661652,40
4.255701878,40
3.457334122,40
6.79763163,40
6.343688461,40
6.869773406,40
6.335757586,40
5.213815683,40
7.714114681,40
9.087627639,40
5.382194571,40
4.654745651,40
5.415951262,40
4.974680117,40
3.939299275,40
4.818187567,40
7.570420663,40
5.879729062,40
6.534268111,40
4.982938984,40
5.853205943,40
5.020270731,40
7.662518282,40
6.041614543,40
4.388265904,40
6.354204277,40
5.680937964,40
7.776190443,40
7.871599687,40
2.899891023,40
6.221762498,40
5.914160237,40
6.570190114,40
5.290194561,40
4.628869368,40
5.59642117,40
9.135046173,40
5.353350284,40
5.640892063,40
6.421841871,40
2.034341764,40
5.536902542,40
6.167340631,40
6.904282719,40
6.527835974,40
4.876693312,40
4.845042054,40
7.178256573,40
5.881747028,40
7.342090094,40
7.144353755,40
4.308497009,40
5.377487854,40
4.35372206,40
6.288343916,40
8.715307825,40
5.616631206,40
4.854574051,40
7.404913963,40
7.351199174,40
6.373731171,40
8.221988031,40
6.15905374,40
7.726724117,40
5.529178437,40
5.67861354,40
3.182696332,40
8.076471295,40
7.444001498,40
5.715136133,40
5.811133089,40
7.132483195,40
4.680217244,40
5.53082647,40
6.594793626,40
5.921613518,40
5.194751877,40
5.748678726,40
5.965597781,40
7.025407162,40
4.852545115,40
3.858140076,40
7.223390533,40
6.054501382,40
8.342290879,40
6.853834442,40
6.808289812,40
7.124935664,40
7.994989694,40
4.135958235,40
7.788204529,40
7.232646541,40
2.980156738,40
7.190943447,40
4.117888509,40
6.419629769,40
4.366386779,40
6.245480427,40
2.899716355,40
4.158863771,40
7.484660678,40
6.237384218,40
-0.516656187,40
5.783295774,40
4.864654966,40
5.617894346,40
6.664298485,40
4.824413808,40
7.116078837,40
6.61592137,40
2.387383788,40
5.888851794,40
3.905123956,40
5.152869728,40
4.226924403,40
7.171730583,40
6.300782659,40
6.509790863,40
7.384541456,40
7.786646872,40
6.930364155,40
5.773206636,40
8.500584584,40
5.528402225,40
6.981911272,40
6.109585898,40
5.870070803,40
7.987951003,40
1.897493755,40
5.640718398,40
7.308304853,40
5.783674367,40
7.855272449,40
3.949346015,40
4.170090803,40
5.965821087,40
7.331366693,40
5.352531174,40
5.861934928,40
5.911912725,40
4.703985817,40
6.658498758,40
6.77014996,40
2.494595936,40
6.083332495,40
5.790499496,40
5.297723852,40
7.562506695,40
7.244250142,40
6.68068701,40
6.868337712,40
7.261713372,40
3.465008939,40
5.151687783,40
5.526584792,40
3.271366583,40
8.444957388,40
3.388347124,40
8.517647098,40
8.166428794,40
5.16984908,40
5.265481021,40
5.241158127,40
7.182852338,40
5.761399745,40
7.706853532,40
6.223610666,40
5.223055951,40
5.826153944,40
6.131369547,40
6.686988775,40
5.793736,40
6.739605164,40
6.274261028,40
6.220252235,40
2.843544743,40
4.393760388,40
6.522436959,40
4.431017504,40
5.718373534,40
1.632440955,40
7.083409827,40
4.379032196,40
4.869839742,40
7.37697009,40
3.057744661,40
5.017214555,40
5.32186797,40
6.582977155,40
3.199430165,40
4.842876134,40
4.564766131,40
6.724228321,40
4.286280054,40
2.282807673,40
4.98770346,40
6.511256498,40
6.208436905,40
5.721411106,40
4.289949919,40
6.21304673,40
6.263327837,40
6.697579177,40
6.160878656,40
5.918079639,40
6.882007221,40
8.391040868,40
4.465259322,40
5.53999129,40
5.406018144,40
6.183880332,40
4.992737224,40
5.935428353,40
3.453895354,40
5.572056905,40
5.088603567,40
6.197197864,40
4.83283378,40
6.775052697,40
4.245159782,40
6.494387052,40
6.840902657,40
5.808038377,40
8.290804084,40
5.952660398,40
8.897562401,40
6.577666412,40
8.025664118,40
3.258914896,40
3.272021376,40
4.960387403,40
4.694508591,40
6.284466981,40
6.639271323,40
8.041351244,40
5.128264962,40
8.298023443,40
2.205413746,40
4.774085424,40
6.234528152,40
7.64374296,40
2.592050471,40
0.771401839,40
6.980941655,40
5.82441288,40
5.175673579,40
6.172576972,40
6.538576536,40
7.935123602,40
4.421259599,40
6.995469432,40
8.658958163,40
5.020083318,40
5.170273124,40
7.672490232,40
5.993949136,40
4.816261666,40
4.553359244,40
4.918955723,40
4.995779086,40
3.605706471,40
7.284276084,40
4.662934995,40
7.617693498,40
6.490419192,40
2.239385194,40
4.021491952,40
5.510935875,40
1.917533226,40
5.680869011,40
2.865099334,40
4.896072205,40
6.912376983,40
6.730042865,40
0.151273533,40
6.83650678,40
6.6555491,40
6.369888206,40
4.667631929,40
6.091566245,40
7.006658033,40
-0.20850362,40
5.8092732,40
5.025346498,40
7.937185824,40
4.870642409,40
5.974456174,40
6.283756976,40
6.485243236,40
4.992764357,40
4.948561615,40
6.059309065,40
6.679780492,40
5.598227306,40
3.997957651,40
6.746635857,40
7.941220571,40
8.288053611,40
5.823151347,40
6.679309802,40
5.488839989,40
3.263732248,40
6.106993661,40
6.271713293,40
4.994887247,40
6.423994711,40
7.234832454,40
7.555181228,40
3.420076775,40
4.547627482,40
2.763932053,40
5.168976661,40
5.826778228,40
6.2872069,40
7.321267633,40
5.844206473,40
6.103869377,40
5.634755216,40
8.065876697,40
6.200161102,40
6.435229282,40
7.404107235,40
3.660356866,40
6.25061411,40
5.629725434,40
4.519668843,40
4.69349287,40
4.951116164,40
4.155164956,40
1.76254871,40
6.60100204,40
4.865616578,40
5.64655683,40
6.370154863,40
5.443965247,40
3.487006746,40
5.919651625,40
3.842108078,40
5.553755741,40
6.877486914,40
6.669518964,40
5.776153193,40
6.107333385,40
5.965653054,40
8.189455369,40
3.011449028,40
4.061138885,40
4.007860168,40
6.102648846,40
4.406052476,40
6.245019725,40
5.013127608,40
3.582574143,40
2.148795473,40
4.513530417,40
7.356985595,40
3.741906569,40
1.766087908,40
5.1171235,40
6.905670053,40
7.113109926,40
3.773537607,40
6.122816438,40
6.155622685,40
6.200689756,40
7.018568443,40
7.993954782,40
7.946529117,40
7.477301533,40
5.258094577,40
7.941612633,40
6.668621061,40
7.900910391,40
6.60927272,40
5.468536655,40
7.344572232,40
5.494666158,40
4.678138604,40
4.906125179,40
6.614686716,40
6.435346465,40
7.421114976,40
4.842465327,40
5.888127587,40
7.138511928,40
4.946260171,40
5.588618325,40
7.698797616,40
6.469956868,40
6.459946385,40
5.041403402,40
6.888585883,40
7.482945933,40
6.850559477,40
5.34648994,40
8.533516922,40
2.851403224,40
5.946049137,40
6.772142673,40
5.275779208,40
5.968566045,40
6.19130205,40
4.4105354,40
5.252715516,40
8.39837412,40
2.298533317,40
6.10913751,40
6.42855692,40
7.597308178,40
5.591317495,40
3.878631073,40
5.5906346,40
7.360154388,40
2.409700812,40
5.782678943,40
6.204688579,40
6.16460278,40
7.79803169,40
5.162514283,40
5.923534498,40
6.607843989,40
6.735452205,40
6.701517651,40
3.240888234,40
5.620467759,40
6.513763573,40
8.797116863,40
5.255932191,40
5.917318703,40
2.575146402,40
6.914254544,40
6.707782943,40
6.568674648,40
5.823336357,40
7.185386808,40
5.57737588,40
8.96081497,40
4.955174048,40
7.242747648,40
7.019007145,40
2.993988964,40
2.624449859,40
3.982018223,40
3.388464583,40
4.770361422,40
4.453110037,40
6.509295074,40
8.082612367,40
7.267426267,40
7.007917035,40
3.917129574,40
6.985627759,40
7.510259371,40
5.876607662,40
6.258004335,40
4.33304318,40
3.284819456,40
6.411991561,40
2.965286909,40
5.949397193,40
5.321918864,40
6.736333599,40
5.624127452,40
5.440260263,40
4.379738061,40
5.739622549,40
6.822614693,40
7.168805392,40
3.528447901,40
6.28475161,40
6.372358232,40
6.826113101,40
4.561739034,40
4.808868202,40
5.928094126,40
4.575827079,40
5.130056888,40
4.76617338,40
4.941857766,40
6.125166547,40
4.674697217,40
6.706592567,40
8.29009222,40
5.517557496,40
4.289131463,40
2.359406824,40
4.079004831,40
4.883501501,40
6.129410705,40
4.886862792,40
7.199863497,40
5.889143536,40
4.835750615,40
8.204709379,40
7.231838542,40
4.138193952,40
5.773067404,40
3.829055952,40
4.381652343,40
7.359106277,40
3.853307342,40
4.707031376,40
1.554885174,40
7.099804026,40
6.775707352,40
7.914001347,40
5.70683136,40
3.583967277,40
7.283668964,40
7.401309866,40
7.928618461,40
6.150720667,40
4.077543392,40
7.573508366,40
5.126596558,40
2.625684444,40
3.195328659,40
5.022166052,40
5.481867201,40
8.131999113,40
8.014469712,40
6.02921622,40
4.624351498,40
6.53930526,40
8.053195383,40
6.561860965,40
6.15470449,40
6.512144087,40
4.94658808,40
4.429667552,40
7.274353832,40
6.862988157,40
7.597941805,40
5.070785884,40
7.682481054,40
4.949501452,40
4.383834692,40
3.041938186,40
3.706491918,40
1.292595355,40
6.014807447,40
4.877179001,40
7.407113548,40
5.116966286,40
6.282302997,40
6.401454417,40
6.2456194,40
3.852047301,40
7.174243063,40
4.432078486,40
7.631109402,40
6.965366634,40
6.021135154,40
7.087212796,40
4.747177557,40
4.960626019,40
6.754026962,40
2.221677983,40
5.26235523,40
7.144398822,40
8.59146836,40
6.73771445,40
6.955527876,40
4.073715452,40
3.979856758,40
6.09553591,40
4.463569564,40
5.252401242,40
2.682201194,40
4.169799595,40
4.10743975,40
6.176511675,45
4.191003772,45
4.564653956,45
5.036239743,45
6.428166972,45
5.245433967,45
4.428942572,45
6.900595969,45
7.011368297,45
7.741933731,45
7.047365936,45
5.939682611,45
7.153151361,45
6.525429618,45
4.265075215,45
6.72040444,45
3.986405097,45
3.635217441,45
5.939148391,45
2.959190099,45
5.648567111,45
7.35002632,45
4.390005582,45
6.649395129,45
6.458556522,45
4.493827491,45
3.338136718,45
6.344019845,45
5.158701215,45
5.971001278,45
5.012269395,45
6.437030809,45
5.468056407,45
4.075757047,45
6.374737149,45
6.200594285,45
6.81188469,45
5.628637995,45
7.593237001,45
8.612478308,45
5.190735503,45
9.094198921,45
5.38903292,45
5.940583677,45
5.881474624,45
4.696567859,45
5.888836577,45
2.904287143,45
3.757199645,45
4.950807988,45
5.7939428,45
4.746626011,45
6.503112144,45
7.556451787,45
5.483820844,45
5.137739266,45
4.994446198,45
7.594697066,45
4.601714209,45
5.691056373,45
4.06702154,45
6.845634422,45
8.907667854,45
6.465772962,45
6.162943224,45
8.452944947,45
5.653771969,45
2.834337375,45
5.307528128,45
4.697415176,45
6.391178029,45
4.86304016,45
3.333667738,45
8.018753737,45
6.613093337,45
8.139230034,45
5.334384078,45
7.98643863,45
7.629607338,45
4.342166236,45
3.456298293,45
4.320218148,45
4.731096112,45
6.134628514,45
4.111384778,45
4.113601714,45
5.739594283,45
6.780716904,45
5.702854564,45
3.521638917,45
7.150007546,45
5.314543198,45
6.915649332,45
5.101052281,45
7.076349083,45
7.503781946,45
6.435661601,45
6.542703938,45
6.938597425,45
6.934418516,45
8.840590993,45
7.468045513,45
4.962982803,45
6.726380216,45
5.759126491,45
2.455246715,45
6.00893821,45
7.037540932,45
4.651160151,45
6.404673767,45
8.311305038,45
5.958595955,45
6.879847654,45
7.049668465,45
4.176561044,45
6.284551157,45
7.019991874,45
4.93538268,45
4.620832263,45
8.808067285,45
4.447902624,45
6.302811537,45
6.492322668,45
5.50257284,45
6.182057226,45
5.12452304,45
7.231684758,45
6.085516091,45
5.045228555,45
5.864076659,45
4.229839771,45
5.83123997,45
5.099063344,45
6.005679705,45
5.851841202,45
4.800957846,45
5.995518627,45
5.719088274,45
4.561778077,45
6.393827263,45
5.412826617,45
7.037057582,45
4.801783631,45
4.028698114,45
6.649883209,45
5.422425032,45
5.722023298,45
8.400142387,45
4.88799421,45
3.542576774,45
5.336734176,45
5.64931009,45
6.662491504,45
2.180637092,45
5.776344693,45
5.981904607,45
7.247452486,45
5.816786358,45
5.610324806,45
4.735585634,45
8.780960156,45
6.628024402,45
5.028364567,45
7.683028597,45
7.476581649,45
6.050064343,45
7.109982081,45
6.974321472,45
5.656977064,45
3.749076379,45
6.73483178,45
2.280581162,45
5.457337935,45
6.227878903,45
5.678853651,45
5.619685437,45
5.002943024,45
3.098262861,45
4.22825481,45
6.453087769,45
5.749916653,45
5.859860312,45
5.106546027,45
5.010716671,45
5.397016047,45
6.349192742,45
9.092424686,45
4.811943535,45
5.320403958,45
4.735275937,45
6.544442206,45
8.200557499,45
6.524660179,45
4.87661457,45
3.840413974,45
4.424710664,45
5.680958674,45
8.131220797,45
5.792764273,45
6.850432184,45
5.863141301,45
5.674105407,45
7.425378629,45
5.950012532,45
3.51936961,45
3.091183934,45
6.835344955,45
8.179856241,45
5.27575689,45
7.089587176,45
7.591292474,45
5.176286621,45
4.643243191,45
5.388408554,45
5.795834641,45
5.356732158,45
5.448959724,45
4.694762255,45
4.574772798,45
6.438736614,45
4.018495848,45
5.748548926,45
4.885753029,45
8.30114412,45
7.938102684,45
8.109315662,45
5.397118276,45
4.873767566,45
7.192852061,45
3.704377631,45
3.987632731,45
3.455787441,45
4.297872956,45
6.147850646,45
4.790048768,45
5.011976354,45
5.824694607,45
5.473287302,45
4.165639165,45
7.026154078,45
4.486380155,45
3.347045273,45
6.787113015,45
4.901980014,45
2.490503649,45
7.501468679,45
5.563888634,45
8.064994465,45
5.260118665,45
5.618390048,45
5.626000558,45
3.344151338,45
8.445059336,45
3.191270497,45
4.439189605,45
8.553791189,45
8.098206913,45
5.08559666,45
3.909910179,45
4.194430419,45
8.213543777,45
5.709026877,45
4.701345581,45
5.721021584,45
6.131969979,45
4.312055701,45
7.130641546,45
4.134205157,45
5.756344995,45
6.830581869,45
7.682254059,45
7.802371754,45
4.415692162,45
6.659950165,45
8.952963295,45
6.731893659,45
4.987064486,45
7.213084789,45
6.747468318,45
6.583823762,45
7.466328549,45
6.256421671,45
8.898007357,45
7.309912003,45
5.165138521,45
6.622258419,45
5.157203853,45
5.972376356,45
7.513407581,45
8.782637111,45
5.634736196,45
5.584049774,45
5.573925325,45
2.312664435,45
4.755864189,45
3.329224611,45
5.582384036,45
5.938969061,45
7.023383475,45
5.081231006,45
6.783921619,45
6.7503938,45
8.001029774,45
5.895499856,45
4.986957308,45
3.532719336,45
4.891563128,45
4.301663075,45
6.392943883,45
7.519232118,45
4.637424676,45
4.602984725,45
5.018954072,45
6.94939342,45
6.787721855,45
5.797352286,45
6.566075614,45
6.031183761,45
5.731165745,45
8.604821738,45
4.026096369,45
3.330369593,45
6.727622396,45
7.918447125,45
3.996912254,45
2.95933965,45
2.149652848,45
5.476747683,45
5.368967535,45
7.366992106,45
5.656277526,45
5.601452956,45
6.979263858,45
7.196323529,45
7.385169602,45
4.247734847,45
6.627756828,45
7.236092227,45
-0.116294505,45
3.408574684,45
6.418264268,45
6.557244551,45
5.448757645,45
2.744824954,45
6.391593074,45
8.587862926,45
5.657081633,45
7.847724592,45
6.631938288,45
3.475418735,45
6.890973774,45
1.953936671,45
4.478294538,45
7.153862959,45
5.771516083,45
5.61303939,45
2.078701216,45
4.114693764,45
8.062385057,45
5.567544728,45
5.591336448,45
2.907103823,45
6.980171747,45
5.133943223,45
2.849818098,45
5.574654563,45
7.808551534,45
7.721216172,45
1.231552228,45
7.251052426,45
5.609123186,45
5.636899465,45
6.688993118,45
4.162470087,45
1.831680179,45
5.00338526,45
6.389486353,45
8.355926077,45
8.341529066,45
4.162172374,45
5.856853427,45
6.661657703,45
4.489240709,45
6.115316842,45
5.279981883,45
5.181216157,45
6.529783869,45
8.262601123,45
5.666329376,45
6.720083479,45
5.885631491,45
4.078005184,45
4.638173314,45
6.269666332,45
6.631717529,45
7.482579039,45
7.142875203,45
4.270993074,45
7.529498301,45
6.332408468,45
4.020326848,45
6.76230337,45
5.910188216,45
6.666515141,45
3.681489852,45
3.942464354,45
6.968071662,45
6.880619523,45
2.152846409,45
2.944031728,45
6.883982298,45
4.930581303,45
5.364830023,45
5.491349424,45
6.976235653,45
4.992852379,45
4.011467803,45
4.684898983,45
4.959794628,45
7.111773038,45
7.297333865,45
6.401502492,45
6.777551474,45
4.702951453,45
5.106681232,45
7.300228829,45
6.04578386,45
5.679341728,45
2.737726326,45
6.136505737,45
4.155502082,45
3.312434427,45
6.709537531,45
6.305007141,45
6.657393903,45
6.205115462,45
5.068855738,45
7.678690962,45
9.060326593,45
5.298279371,45
4.512509113,45
5.308736908,45
4.854133168,45
3.778293491,45
4.648872939,45
7.541281782,45
5.842081999,45
6.479760853,45
4.723542376,45
5.808316416,45
4.853595806,45
7.494868593,45
5.952976448,45
4.272062857,45
6.257988965,45
5.672954839,45
7.71226549,45
7.848043033,45
2.661263339,45
6.171001093,45
5.758128861,45
6.534477353,45
5.174356209,45
4.471818395,45
5.519405951,45
9.098188281,45
5.230188587,45
5.506177854,45
6.359840862,45
1.61735328,45
5.402098411,45
6.13075445,45
6.844230859,45
6.447190919,45
4.773555359,45
4.798773285,45
7.078295738,45
5.775866112,45
7.290202929,45
7.092061483,45
4.335329111,45
5.301118159,45
4.337776511,45
6.199147522,45
8.709135906,45
5.534044377,45
4.562572782,45
7.250475623,45
7.37808055,45
6.363654202,45
8.198906683,45
6.074494825,45
7.697871488,45
5.454702617,45
5.702919727,45
2.978424076,45
8.066308132,45
7.365700721,45
5.601333107,45
5.584475604,45
7.061544003,45
4.559491114,45
5.392354083,45
6.496706036,45
5.823154462,45
5.098587966,45
5.699959819,45
5.959148809,45
6.957304737,45
4.666857691,45
3.774091251,45
7.094993964,45
5.96048739,45
8.330706347,45
6.891090843,45
6.719123793,45
7.155466209,45
8.00800892,45
4.142251749,45
7.790774726,45
7.208006888,45
2.904035476,45
7.205842593,45
3.81080598,45
6.399854527,45
3.987668382,45
6.262215196,45
2.841002609,45
4.022789021,45
7.452623343,45
6.094653108,45
-0.542464071,45
5.688708958,45
4.655467219,45
5.591159766,45
6.662484582,45
4.831789136,45
6.95295839,45
6.574261622,45
2.146857446,45
5.823619516,45
3.684050998,45
5.086596668,45
4.067146461,45
6.972353341,45
6.240868918,45
6.557923843,45
7.342235167,45
7.767800972,45
6.929559814,45
5.683763427,45
8.455260199,45
5.42158656,45
6.922929348,45
6.002144163,45
5.824166021,45
7.956725613,45
1.558080368,45
5.360992748,45
7.21746262,45
5.667702807,45
7.805018617,45
3.798154721,45
4.032767418,45
5.879475394,45
7.293100105,45
5.307368914,45
5.705693083,45
5.595666328,45
4.610162282,45
6.606397766,45
6.706967744,45
2.180381941,45
6.027603817,45
5.821434796,45
5.07825116,45
7.537104086,45
7.230345606,45
6.638394875,45
6.858284824,45
7.238871159,45
3.234768157,45
4.966646755,45
5.526005993,45
3.08768544,45
8.421993744,45
3.232020258,45
8.50699361,45
8.092372545,45
5.027224229,45
5.007124296,45
5.109682435,45
7.101183182,45
5.606382966,45
7.653305967,45
5.999955466,45
5.065974642,45
5.77840841,45
6.108814716,45
6.651531222,45
5.702297914,45
6.732012432,45
6.224725507,45
6.13374407,45
2.484413161,45
4.227624884,45
6.473126099,45
4.32337165,45
5.653611169,45
1.32703566,45
6.969422828,45
4.320854025,45
4.801248987,45
7.354332144,45
2.896548558,45
4.721591211,45
5.2067082,45
6.556897602,45
3.010579694,45
4.490514522,45
4.415416231,45
6.591837965,45
4.157462292,45
2.043858005,45
4.922849136,45
6.496546174,45
6.178524508,45
5.625213641,45
4.143892777,45
6.07352985,45
6.235356473,45
6.596883021,45
6.050376852,45
5.854727688,45
6.813473993,45
8.394232075,45
4.344092325,45
5.416118306,45
5.282394996,45
5.92740703,45
4.834536402,45
5.915209214,45
3.212703863,45
5.464787156,45
4.894694966,45
6.109774618,45
4.69333459,45
6.74623661,45
4.163275108,45
6.407333492,45
6.789259247,45
5.580385278,45
8.258573908,45
5.940996854,45
8.854025131,45
6.540049389,45
7.871560005,45
3.115191015,45
3.037032913,45
4.853658053,45
4.505631719,45
6.25066854,45
6.600390886,45
8.007335498,45
5.031234452,45
8.271400216,45
2.255795033,45
4.678490473,45
6.227540471,45
7.543950719,45
2.225906117,45
0.453031883,45
6.836013845,45
5.727111635,45
5.082984249,45
6.243840754,45
6.407385916,45
7.881096658,45
4.35201691,45
6.985778855,45
8.62252138,45
4.849690192,45
5.101141212,45
7.643726177,45
5.952091961,45
4.844406212,45
4.557326649,45
4.817996537,45
5.023110157,45
3.382481353,45
7.221333954,45
4.532280813,45
7.63210392,45
6.581933349,45
1.90909029,45
4.037614828,45
5.495542907,45
1.646507759,45
5.525762262,45
2.610194772,45
4.831038903,45
6.8805818,45
6.442894555,45
-0.25484106,45
6.800122524,45
6.678258389,45
6.383221678,45
4.403480821,45
5.588517761,45
6.980909376,45
-0.386998068,45
5.527656286,45
4.915787115,45
7.860752292,45
4.811570218,45
5.879362404,45
6.174585313,45
6.39098922,45
4.898802462,45
4.900438613,45
6.026634589,45
6.559058937,45
5.479304288,45
3.855254674,45
6.74557606,45
7.907436596,45
8.184944086,45
5.798935985,45
6.630672052,45
5.373862082,45
3.053911064,45
5.976355983,45
6.122718788,45
4.900888273,45
6.419192252,45
7.086781413,45
7.51721187,45
3.235845884,45
4.386409449,45
2.595953179,45
4.920867881,45
5.777413398,45
6.193823613,45
7.315926875,45
5.738791169,45
6.060281658,45
5.497609632,45
8.068466081,45
6.157625885,45
6.369611965,45
7.387809427,45
3.501472816,45
6.219448325,45
5.569517345,45
4.269033952,45
4.47319398,45
4.900418169,45
3.990939779,45
1.540518062,45
6.541570692,45
4.751227288,45
5.599636612,45
6.338671987,45
5.371405003,45
3.303226959,45
5.796148001,45
3.677399859,45
5.480977865,45
6.818262098,45
6.541500665,45
5.682679873,45
6.076121754,45
5.899718245,45
8.190660434,45
2.786141637,45
3.926706543,45
3.82709907,45
6.057016799,45
4.23879058,45
6.189021042,45
4.863678525,45
3.401614877,45
1.980327751,45
4.348381687,45
7.213929602,45
3.649104602,45
1.468330461,45
5.001311259,45
6.719429515,45
7.112918272,45
3.60804307,45
5.912977429,45
5.795219001,45
6.151422568,45
6.982032558,45
7.850492753,45
7.908144201,45
7.449946481,45
5.174553873,45
7.923860894,45
6.60710228,45
7.786348111,45
6.570492548,45
4.863655312,45
7.327471956,45
5.32508035,45
4.542173282,45
4.815125221,45
6.57082543,45
6.349033348,45
7.373891605,45
4.639808354,45
5.814193524,45
7.098117013,45
4.861272279,45
5.324888617,45
7.670210064,45
6.377739821,45
6.38956534,45
5.034601076,45
6.870828299,45
7.424986706,45
6.777178258,45
5.244060846,45
8.518356641,45
2.640794232,45
5.724173489,45
6.75413141,45
5.252640211,45
5.886218339,45
6.10504446,45
4.206062239,45
5.11266538,45
8.379424009,45
1.957556457,45
6.123787462,45
6.381503176,45
7.598205665,45
5.495229544,45
3.672771409,45
5.393267374,45
7.359085513,45
2.206067672,45
5.547657853,45
6.164892121,45
6.12811533,45
7.748290919,45
5.162744183,45
5.790182822,45
6.546049281,45
6.629916005,45
6.66391361,45
3.022829903,45
5.407765798,45
6.407008821,45
8.709231958,45
5.166911312,45
5.829222661,45
2.072015431,45
6.869113406,45
6.563765326,45
6.510710189,45
5.719671853,45
7.151607156,45
5.506734112,45
8.898083127,45
4.783135165,45
7.198105682,45
6.965399159,45
2.840034937,45
2.650052741,45
3.851463537,45
3.224568818,45
4.671296506,45
4.303725631,45
6.459085732,45
7.99101431,45
7.258484799,45
6.900809029,45
3.729193141,45
6.956867105,45
7.455396326,45
5.829378111,45
6.220120253,45
4.136841667,45
3.070147227,45
6.376073591,45
2.803403844,45
5.866429888,45
5.210678046,45
6.60322417,45
5.475792259,45
5.322192593,45
4.174553694,45
5.705698769,45
6.726025649,45
7.050320838,45
3.388009608,45
6.24175123,45
6.325545709,45
6.731091952,45
4.453927059,45
4.724675777,45
5.850367594,45
4.382091673,45
5.080791646,45
4.752779173,45
4.841738118,45
6.06620017,45
4.611793407,45
6.666574143,45
8.249802187,45
5.444812189,45
4.123423313,45
2.186595644,45
3.90251136,45
4.660823978,45
6.068630572,45
4.723323162,45
6.825903503,45
5.804928035,45
4.762318426,45
8.199657859,45
7.245090224,45
3.987092146,45
5.771819622,45
3.56629992,45
4.169299511,45
7.321586811,45
3.456129322,45
4.525592217,45
1.419854948,45
6.988277167,45
6.629676806,45
7.90739511,45
5.576263997,45
3.432015895,45
7.168886789,45
7.428961255,45
7.896756875,45
6.065537192,45
3.986674479,45
7.545490572,45
4.927435889,45
2.406335121,45
2.907700534,45
4.88130139,45
5.425803406,45
8.077392262,45
8.001464316,45
5.937226231,45
4.453881795,45
6.496078735,45
7.998479662,45
6.327280141,45
5.993455819,45
6.469102899,45
4.869616398,45
4.301028732,45
7.245307875,45
6.852101214,45
7.56303396,45
4.730056703,45
7.676913748,45
4.85853245,45
4.051713561,45
2.74431299,45
3.546458129,45
1.07145234,45
5.926860391,45
4.773901248,45
7.350507303,45
5.007657333,45
6.188460024,45
6.336439893,45
6.147558648,45
3.680206623,45
7.132828242,45
4.245677118,45
7.63201227,45
6.891640086,45
5.959267041,45
7.117147065,45
4.604089738,45
4.796469898,45
6.714923834,45
2.001475051,45
5.136282293,45
7.125745131,45
8.560258279,45
6.732613247,45
6.919542545,45
3.929671526,45
3.858498799,45
5.862538752,45
4.330370878,45
5.080381978,45
2.359540883,45
4.062688266,45
3.81732357,45
6.089418802,50
3.993990505,50
4.307026271,50
4.921745489,50
6.378272237,50
5.065786747,50
4.045630956,50
6.882516407,50
6.987331179,50
7.701789469,50
7.028443271,50
5.834261448,50
7.121029389,50
6.469899492,50
4.106730913,50
6.655934833,50
3.83228558,50
3.468871907,50
5.835428304,50
2.731554155,50
5.458649615,50
7.316019039,50
4.214560842,50
6.611193382,50
6.37395223,50
4.312143657,50
3.000603963,50
6.237397433,50
5.02343139,50
5.871484844,50
4.907544742,50
6.357326376,50
5.291878453,50
3.896949644,50
6.304729837,50
6.18731531,50
6.764706713,50
5.412058635,50
7.546527938,50
8.481299884,50
5.078278066,50
9.034407662,50
5.304548068,50
5.822361318,50
5.817759131,50
4.521062194,50
5.850978046,50
2.412522217,50
3.440527541,50
4.802073278,50
5.725981051,50
4.63006985,50
6.441324508,50
7.467848666,50
5.3765153,50
5.04201283,50
4.791306656,50
7.630006632,50
4.561771225,50
5.599556513,50
3.678701722,50
6.821501128,50
8.875389209,50
6.344421479,50
6.120147872,50
8.410052881,50
5.52720331,50
2.612034002,50
5.032209263,50
4.583622556,50
6.327006737,50
4.882695105,50
3.167227821,50
7.985342229,50
6.467112584,50
8.111453496,50
5.256060812,50
7.970890395,50
7.548377746,50
4.383408507,50
3.31863057,50
4.182677303,50
4.546427823,50
5.99238461,50
3.919953815,50
3.928367884,50
5.625062765,50
6.728197605,50
5.435306662,50
3.327741725,50
7.102551033,50
5.299044336,50
6.879327453,50
4.86804373,50
6.989834912,50
7.538663506,50
6.416309909,50
6.490939982,50
6.903741482,50
6.913180568,50
8.790938168,50
7.454137968,50
4.826248496,50
6.690405838,50
5.675782255,50
2.27407114,50
5.835848777,50
7.018290842,50
4.528840251,50
6.333628243,50
8.33159867,50
5.863006931,50
6.833865587,50
7.0222677,50
3.944149983,50
6.262116459,50
6.960127089,50
4.804111468,50
4.596364593,50
8.749743142,50
4.313230814,50
5.711984726,50
6.404163483,50
5.422608583,50
6.095181149,50
5.04884137,50
7.207020817,50
5.932454539,50
4.9537917,50
5.832923426,50
4.203900899,50
5.733586968,50
5.014905035,50
5.940846307,50
5.778051854,50
4.676570497,50
5.952309734,50
5.541595832,50
4.444771415,50
6.294931463,50
5.37229865,50
6.978967084,50
4.628314732,50
3.902948448,50
6.61078211,50
5.395966617,50
5.698399973,50
8.407081566,50
4.7551702,50
3.369611431,50
5.240689967,50
5.56119789,50
6.626718093,50
1.951160623,50
5.729611977,50
5.998220089,50
7.172007584,50
5.628548725,50
5.289398469,50
4.534377284,50
8.722825605,50
6.556210347,50
4.961128519,50
7.667549909,50
7.476083621,50
5.854874107,50
7.090038599,50
6.95737191,50
5.578611451,50
3.934543386,50
6.719566483,50
2.014536743,50
5.366079327,50
6.182951791,50
5.471404844,50
5.537938669,50
4.863441425,50
2.80000244,50
4.069025189,50
6.404644948,50
5.620538517,50
5.77206554,50
4.976271347,50
4.723329534,50
5.263411756,50
6.317542697,50
9.077443443,50
4.728904715,50
5.336882544,50
4.556699314,50
6.393829839,50
8.176970658,50
6.429908472,50
4.767213829,50
3.60816962,50
4.24349028,50
5.595712796,50
8.129221915,50
5.68254958,50
6.835804705,50
5.771599118,50
5.556661615,50
7.404706106,50
5.900155257,50
3.329940378,50
2.883910021,50
6.799439351,50
8.119834944,50
5.157390179,50
7.047392052,50
7.561375503,50
5.015740648,50
4.510144603,50
5.324642453,50
5.724482076,50
5.272654416,50
5.367708311,50
4.495810834,50
4.453337577,50
6.472902956,50
3.939056032,50
5.694351444,50
4.69163076,50
8.258792167,50
7.913315583,50
8.095109249,50
5.290851286,50
4.687474879,50
7.118289206,50
3.565513071,50
3.872739058,50
3.3441578,50
4.210142665,50
6.084604863,50
4.633359946,50
4.887781095,50
5.717721284,50
5.3550983,50
4.120935401,50
6.989990125,50
4.379342639,50
2.505641773,50
6.75857505,50
4.837206453,50
2.180462976,50
7.497871889,50
5.47316727,50
8.060700542,50
5.301884453,50
5.228987192,50
5.599524561,50
3.187512637,50
8.422584784,50
3.06145932,50
4.337763751,50
8.55805085,50
8.071429481,50
5.018247947,50
3.695354115,50
3.989410072,50
8.193612858,50
5.50618461,50
4.518187662,50
5.623948867,50
5.997655556,50
3.895568174,50
7.098375159,50
4.024133243,50
5.600859995,50
6.813719958,50
7.682960087,50
7.749467314,50
4.311276028,50
6.593120512,50
8.912963394,50
6.682851509,50
4.85783817,50
7.063614133,50
6.732726535,50
6.556759499,50
7.345588013,50
6.294149009,50
8.83143074,50
7.322452854,50
5.07126432,50
6.604161228,50
5.088789482,50
5.899990198,50
7.489485168,50
8.766783021,50
5.600690401,50
5.50900803,50
5.376017762,50
2.085712275,50
4.65694603,50
3.157130924,50
5.418041334,50
5.904662527,50
7.054033499,50
4.945393075,50
6.756903841,50
6.738410143,50
7.943060227,50
5.817675031,50
4.941120872,50
3.366021699,50
4.810889746,50
4.218107629,50
6.300599984,50
7.517963838,50
4.509955308,50
4.465790251,50
4.971740618,50
6.922946406,50
6.683411705,50
5.719293021,50
6.411844651,50
5.908576778,50
5.623559748,50
8.594885257,50
3.683570971,50
3.104936406,50
6.723952798,50
7.854300023,50
3.915969371,50
2.769498817,50
1.865571304,50
5.403884091,50
5.283613541,50
7.383903967,50
5.519720146,50
5.486362171,50
6.960974649,50
6.944111016,50
7.340508466,50
4.165098374,50
6.516814769,50
7.227246136,50
-0.273601174,50
3.196812306,50
6.421690521,50
6.566679297,50
5.385364925,50
2.480082154,50
6.202208543,50
8.574115094,50
5.648889667,50
7.800192956,50
6.433003383,50
3.298035105,50
6.889376186,50
1.722151698,50
4.328163352,50
7.141940056,50
5.641109671,50
5.492806909,50
1.751667405,50
3.92087289,50
8.020509559,50
5.525496161,50
5.533126376,50
2.733741703,50
6.911127562,50
5.016991798,50
2.620867911,50
5.467644913,50
7.81804281,50
7.670003164,50
0.952734013,50
7.153283343,50
5.563790584,50
5.57872097,50
6.653868403,50
4.041102939,50
1.346936615,50
4.882424196,50
6.367622845,50
8.096105263,50
8.293115049,50
3.753238907,50
5.828138551,50
6.602101397,50
4.445085927,50
6.059582458,50
5.163062863,50
4.936559028,50
6.489682988,50
8.251255104,50
5.708994444,50
6.57823446,50
5.809889446,50
3.967768441,50
4.571161343,50
6.245609548,50
6.538000012,50
7.369913366,50
7.132534735,50
3.989482941,50
7.524562947,50
6.243321117,50
3.867149873,50
6.726527356,50
5.842105872,50
6.565805157,50
3.484370513,50
3.763908605,50
6.921234535,50
6.826969699,50
1.810024265,50
2.643640795,50
6.785692537,50
4.856757523,50
5.312903614,50
5.397364784,50
6.886515371,50
4.825378036,50
3.796190505,50
4.568733095,50
4.803584949,50
7.071141543,50
7.236209409,50
6.385244317,50
6.776370715,50
4.469855501,50
5.021677618,50
7.231103043,50
5.924140942,50
5.581855964,50
2.71215148,50
6.00238553,50
3.974163309,50
3.209513901,50
6.656350279,50
6.219550212,50
6.557518783,50
6.162460975,50
4.936422852,50
7.607125101,50
9.053643581,50
5.233715123,50
4.419913479,50
5.245903289,50
4.698746575,50
3.576198935,50
4.465577457,50
7.512981323,50
5.756742902,50
6.421168867,50
4.557229324,50
5.671247282,50
4.702376898,50
7.359001568,50
5.88824695,50
4.15049116,50
6.235434067,50
5.573692246,50
7.631091903,50
7.791185612,50
2.482987288,50
6.105314995,50
5.701367655,50
6.52759184,50
5.09400339,50
4.312417091,50
5.359749552,50
9.069444793,50
5.151685752,50
5.408534349,50
6.336362135,50
1.591899139,50
5.271165963,50
6.068976413,50
6.766308979,50
6.424272319,50
4.727739654,50
4.802397293,50
6.985824187,50
5.714713621,50
7.236219352,50
6.976309502,50
4.163281517,50
5.206261522,50
4.113404369,50
6.136075237,50
8.707310046,50
5.474665166,50
4.458685386,50
7.049211475,50
7.331202641,50
6.378300375,50
8.183400476,50
5.986714667,50
7.69813988,50
5.289607287,50
5.676608676,50
2.789426342,50
8.053950217,50
7.355066437,50
5.514691782,50
5.364896836,50
6.696885887,50
4.436594962,50
5.299523838,50
6.458982843,50
5.785851233,50
5.033392262,50
5.603195478,50
5.926195412,50
6.899854783,50
4.642163719,50
3.682417888,50
6.929566995,50
5.869020708,50
8.325990921,50
6.833002234,50
6.6604502,50
7.123955887,50
8.022109807,50
4.142544788,50
7.745615517,50
7.156403589,50
2.575705093,50
7.170897498,50
3.673095444,50
6.358909019,50
3.83294241,50
6.145181674,50
2.842363428,50
3.862306066,50
7.410229932,50
5.931321422,50
-0.566344614,50
5.533550507,50
4.541277615,50
5.56109236,50
6.550275633,50
4.614797613,50
6.777266651,50
6.497844742,50
1.888248966,50
5.82646339,50
3.420908452,50
4.994175395,50
3.909717187,50
6.777255941,50
6.200344037,50
6.515427157,50
7.28567711,50
7.71974947,50
6.95005281,50
5.596911272,50
8.415291649,50
5.337459142,50
6.852513932,50
5.910344485,50
5.832927851,50
7.921997209,50
1.179434065,50
5.085329533,50
7.159192682,50
5.522263635,50
7.751264469,50
3.615128709,50
3.861812338,50
5.853860323,50
7.258339862,50
5.172677812,50
5.672353471,50
5.412123252,50
4.510915174,50
6.5962543,50
6.621412743,50
1.974794544,50
5.996334794,50
5.727289459,50
4.958641135,50
7.527122482,50
7.172061626,50
6.566049695,50
6.855168408,50
7.24464322,50
3.125224912,50
4.832899155,50
5.493773141,50
2.902197479,50
8.378561857,50
3.052269971,50
8.485306316,50
8.049397436,50
4.9323693,50
4.661242585,50
4.915902757,50
7.086639947,50
5.358230137,50
7.566437121,50
5.836282394,50
4.895141164,50
5.692558013,50
6.145432672,50
6.620187214,50
5.578723334,50
6.726608142,50
6.183953622,50
6.031929471,50
2.193244295,50
4.059944871,50
6.449743256,50
4.212624572,50
5.573961464,50
1.024818833,50
6.94888949,50
4.217068038,50
4.687871241,50
7.337748251,50
2.597527958,50
4.38784369,50
5.137206191,50
6.496418819,50
2.825948971,50
4.468406384,50
4.298161106,50
6.503292545,50
4.046402846,50
1.791260891,50
4.688576886,50
6.484442887,50
6.137830235,50
5.56701634,50
3.858005764,50
6.032062115,50
6.171966938,50
6.540717597,50
5.974575675,50
5.765913792,50
6.782913042,50
8.398216318,50
4.24806616,50
5.298944916,50
5.152272264,50
5.946023788,50
4.802790079,50
5.866774137,50
3.018821056,50
5.428173027,50
4.709922866,50
6.083039343,50
4.542059194,50
6.789050251,50
4.039141668,50
6.349134883,50
6.684334685,50
5.671132097,50
8.277374146,50
5.810235929,50
8.849277686,50
6.479497483,50
7.736869781,50
2.835382226,50
3.055157014,50
4.764634092,50
4.49540835,50
6.189531679,50
6.560361624,50
7.953173493,50
4.957030166,50
8.197873591,50
2.293792585,50
4.539252622,50
6.184636424,50
7.467355442,50
2.240532087,50
0.220760343,50
6.591921798,50
5.701285208,50
5.017087921,50
6.139254205,50
6.310801261,50
7.836796488,50
4.279693158,50
6.956905297,50
8.556007225,50
4.697915267,50
5.053150678,50
7.619763603,50
5.907461074,50
4.807397162,50
4.472143514,50
4.672415478,50
4.892834367,50
3.337237578,50
7.167162906,50
4.381511709,50
7.590486994,50
6.574348134,50
1.585290043,50
3.914173402,50
5.459853773,50
1.361119741,50
5.427410912,50
2.033389534,50
4.781608867,50
6.872737382,50
6.114598401,50
-0.535427959,50
6.516715237,50
6.692427328,50
6.359386627,50
3.874223718,50
5.430478287,50
6.949216098,50
-0.523664032,50
5.127428709,50
4.783920539,50
7.748639282,50
4.704624792,50
5.805509474,50
6.111519475,50
6.314689454,50
4.795033373,50
4.822159585,50
5.984268537,50
6.320109836,50
5.441064907,50
3.672213793,50
6.770891698,50
7.901682844,50
8.021693899,50
5.725711839,50
6.534618346,50
5.270259869,50
3.002462353,50
5.874816798,50
5.970486065,50
4.823653849,50
6.395363615,50
6.945236137,50
7.513481272,50
2.929595797,50
4.220867057,50
2.399534941,50
4.725448478,50
5.693878294,50
6.15955969,50
7.26928827,50
5.653239043,50
6.016760258,50
5.381224198,50
8.037934601,50
6.048550199,50
6.290225464,50
7.377145889,50
3.350836848,50
6.168818334,50
5.479530649,50
4.110841595,50
4.34371664,50
4.659433857,50
3.85146613,50
1.245719176,50
6.493478821,50
4.626990621,50
5.529309795,50
6.339759752,50
5.299284154,50
3.539477461,50
5.566065904,50
3.203778917,50
5.458314201,50
6.75461148,50
6.55153758,50
5.609086059,50
5.977097962,50
5.780046596,50
8.170175903,50
2.556713348,50
3.744799784,50
3.803411157,50
6.006964903,50
4.074737808,50
6.146792273,50
4.737144848,50
3.311255913,50
1.790484548,50
4.10884113,50
7.108111047,50
3.441917809,50
1.172528054,50
4.906355985,50
6.587367397,50
7.090275244,50
3.40665882,50
5.72220852,50
5.402817176,50
6.150807098,50
6.951418302,50
7.77957877,50
7.853256935,50
7.399233732,50
5.083005256,50
7.91284234,50
6.614465165,50
7.671960259,50
6.503112144,50
4.518743133,50
7.309413232,50
5.234054442,50
4.436786927,50
4.713208905,50
6.481528898,50
6.289492043,50
7.29542956,50
4.615697163,50
5.677969429,50
7.042399006,50
4.695864488,50
5.003648664,50
7.640332886,50
6.344141837,50
6.336803909,50
5.017886468,50
6.830880612,50
7.396081479,50
6.705529046,50
5.096023141,50
8.52499602,50
2.42709324,50
5.607975147,50
6.74191552,50
5.152820578,50
5.764854922,50
6.061016593,50
4.127242667,50
5.006348368,50
8.365644476,50
1.880871596,50
6.073222561,50
6.344574401,50
7.573120532,50
5.372824456,50
3.480697199,50
5.338422258,50
7.276835422,50
2.036112057,50
5.460643719,50
6.074440547,50
6.110580177,50
7.748426925,50
4.894137138,50
5.663162851,50
6.488524988,50
6.595189061,50
6.660463682,50
2.827104672,50
5.252260406,50
6.377099525,50
8.658511261,50
5.07060598,50
5.735128414,50
1.548366681,50
6.770430165,50
6.533192791,50
6.467141767,50
5.68801593,50
7.151396586,50
5.434793276,50
8.865567675,50
4.723536276,50
7.138246404,50
6.946947293,50
2.534577319,50
2.577473192,50
3.709142806,50
3.004623598,50
4.47548671,50
4.01527305,50
6.411620109,50
7.821451988,50
7.214457851,50
6.836797664,50
3.535626224,50
6.806412493,50
7.422534703,50
5.788071385,50
6.14174075,50
3.957119542,50
2.820588569,50
6.321818842,50
2.646710767,50
5.794739385,50
5.057556522,50
6.528656745,50
5.160986301,50
5.350416332,50
3.99743663,50
5.666948466,50
6.668043517,50
6.940436394,50
3.240205558,50
6.18481106,50
6.2897847,50
6.67643081,50
4.319176344,50
4.574672595,50
5.861516466,50
4.358663171,50
4.938451301,50
4.595925621,50
4.743033062,50
5.989078394,50
4.550684159,50
6.617559022,50
8.185211775,50
5.346338337,50
3.999518528,50
1.987452448,50
3.743591352,50
4.616726838,50
5.954297181,50
4.587738866,50
6.602636649,50
5.726869269,50
4.653414954,50
8.160159349,50
7.224545418,50
3.83657131,50
5.700979529,50
3.344619172,50
4.015900947,50
7.255232208,50
3.433886787,50
4.363077826,50
0.680432412,50
6.876024694,50
6.480707117,50
7.888894952,50
5.497813576,50
3.263799941,50
7.032131643,50
7.417539803,50
7.863263678,50
5.931481997,50
3.830491305,50
7.505690485,50
4.83000469,50
2.179108657,50
2.716433743,50
4.746812763,50
5.278373169,50
8.031380514,50
7.985269423,50
5.850164979,50
4.296466702,50
6.487862068,50
7.989754233,50
6.130776785,50
5.952315606,50
6.453309873,50
4.783727189,50
4.067534192,50
7.253496386,50
6.838096118,50
7.565579218,50
4.540817683,50
7.658708329,50
4.815766106,50
4.008544831,50
2.791324423,50
3.40904311,50
0.816543231,50
5.833561145,50
4.749803587,50
7.330673625,50
4.833585098,50
6.084836579,50
6.279772006,50
6.106369673,50
3.497041014,50
7.110595485,50
4.08591861,50
7.591170142,50
6.848245402,50
5.886410347,50
7.135825432,50
4.406871265,50
4.641929594,50
6.721299927,50
1.746609142,50
5.02076529,50
7.091444258,50
8.502088532,50
6.721353541,50
6.92187687,50
3.708985416,50
3.619152529,50
5.817394951,50
4.176099014,50
5.014618136,50
2.027992435,50
3.929338351,50
3.486792928,50
5.942047086,55
3.912347965,55
4.282008927,55
4.792453397,55
6.326460824,55
5.05423536,55
3.873879788,55
6.766833397,55
7.015654657,55
7.650416885,55
7.034433477,55
5.769898321,55
7.054988288,55
6.454317268,55
4.081007317,55
6.563118055,55
3.685325478,55
3.278425075,55
5.826863724,55
2.954472129,55
5.384195792,55
7.302363188,55
4.082273247,55
6.544868674,55
6.241826042,55
4.174873555,55
2.99261386,55
6.108315277,55
4.910680065,55
5.753628667,55
4.77987807,55
6.309304076,55
5.14890492,55
3.720726233,55
6.243765914,55
6.090587141,55
6.529206997,55
5.129280678,55
7.526279677,55
8.413189411,55
4.932073448,55
8.971363092,55
5.197112835,55
5.733501704,55
5.788918484,55
4.427012312,55
5.807782629,55
2.316483424,55
3.385751765,55
4.530920274,55
5.577691133,55
4.545002146,55
6.383645088,55
7.421057579,55
5.329077928,55
4.944096184,55
4.606632587,55
7.632439768,55
4.31140622,55
5.450153773,55
3.767544989,55
6.764099777,55
8.812856451,55
6.340646946,55
5.900219701,55
8.381389052,55
5.41622138,55
2.423597771,55
4.932658906,55
4.5911651,55
6.27676624,55
4.568409896,55
2.940782238,55
7.994308438,55
6.440439368,55
8.090262189,55
5.161490231,55
7.93143679,55
7.495290982,55
4.279027382,55
3.061499326,55
4.051457427,55
4.452764275,55
5.96007042,55
3.314942554,55
3.801590172,55
5.522202037,55
6.671792716,55
5.078112152,55
3.128802458,55
7.039086891,55
5.199679689,55
6.81153501,55
4.829659145,55
6.885807141,55
7.377359783,55
6.37583778,55
6.482187738,55
6.884400531,55
6.872736528,55
8.691861752,55
7.438794132,55
4.695249869,55
6.685209179,55
5.529398388,55
1.521929253,55
5.659174919,55
6.995097984,55
4.439804226,55
6.241515589,55
8.312497308,55
5.766225439,55
6.797458436,55
7.015259047,55
3.782752889,55
6.252993102,55
6.895123124,55
4.667014193,55
4.446656287,55
8.708781599,55
4.091596752,55
5.497101497,55
6.31985048,55
5.318876887,55
6.021292305,55
4.957517312,55
7.181408056,55
5.843789412,55
4.765816621,55
5.755365502,55
4.072935268,55
5.701180725,55
4.921307783,55
5.874266067,55
5.796133949,55
4.583121487,55
5.861336823,55
5.373237795,55
4.323561552,55
6.185109827,55
5.331329426,55
6.96675391,55
4.488046075,55
3.762482805,55
6.571777424,55
5.29197113,55
5.615343354,55
8.398109452,55
4.615732796,55
3.299562668,55
5.154188021,55
5.441356695,55
6.551402571,55
1.701160009,55
5.616998123,55
6.011172588,55
7.182266921,55
5.566825567,55
5.172344529,55
4.488673916,55
8.668524326,55
6.423188973,55
4.894947725,55
7.638265914,55
7.48191748,55
5.722814985,55
7.068932272,55
6.929666555,55
5.460770582,55
3.880253201,55
6.636649234,55
1.775023728,55
5.262333085,55
6.162571698,55
5.371362026,55
5.445609493,55
4.778547597,55
2.567009518,55
4.024836847,55
6.26010249,55
5.584864533,55
5.634102122,55
4.865974138,55
4.606640205,55
5.153680662,55
6.296564717,55
9.04116658,55
4.591112333,55
5.236548119,55
4.456099811,55
6.323251814,55
8.143631164,55
6.398470825,55
4.708948136,55
3.464464324,55
4.211140828,55
5.539872892,55
8.089218233,55
5.635374661,55
6.779967284,55
5.692394071,55
5.510225922,55
7.370226827,55
5.870165942,55
2.912804676,55
2.677421297,55
6.747227988,55
8.074468238,55
5.076072821,55
6.995930566,55
7.549863706,55
4.924769058,55
4.36491714,55
5.261788407,55
5.603512817,55
5.1431717,55
5.333751287,55
4.444375269,55
4.310834968,55
6.441059795,55
3.654130023,55
5.670207513,55
4.441308839,55
8.238469021,55
7.869358245,55
8.050555726,55
5.181060468,55
4.480012017,55
7.03168897,55
3.418269849,55
3.740965529,55
3.226381764,55
4.115271469,55
6.052343581,55
4.463526141,55
4.81159554,55
5.671085273,55
5.299783957,55
3.966051934,55
6.961357802,55
4.283143222,55
2.119528403,55
6.732435998,55
4.672450288,55
2.060403507,55
7.476500859,55
5.41812147,55
8.042343277,55
5.310344285,55
4.941317249,55
5.512833045,55
3.139537571,55
8.404162886,55
2.775479894,55
4.278175176,55
8.566677273,55
8.08913538,55
4.843795688,55
3.49022157,55
3.91466295,55
8.202035979,55
5.387318499,55
4.387260222,55
5.460110279,55
5.870935631,55
3.705784402,55
7.066246982,55
3.880644702,55
5.256754172,55
6.78846689,55
7.68186844,55
7.731580846,55
4.187039761,55
6.570026351,55
8.852787102,55
6.668255179,55
4.72289639,55
6.947735093,55
6.682841363,55
6.529272856,55
7.279908987,55
6.24854968,55
8.764567439,55
7.335456938,55
4.914884781,55
6.516382551,55
4.990017192,55
5.830476965,55
7.389539628,55
8.738639686,55
5.505484918,55
5.493216594,55
5.149195892,55
1.8589281,55
4.527432635,55
2.98041785,55
5.360364029,55
5.845295653,55
6.999044783,55
4.845789297,55
6.7222824,55
6.719122743,55
7.899878786,55
5.78517601,55
4.87084587,55
3.064397638,55
4.780077033,55
4.172683643,55
6.253113388,55
7.444279247,55
4.384838496,55
4.318648532,55
5.007257913,55
6.856750864,55
6.653445135,55
5.560206735,55
6.266529516,55
5.756746471,55
5.544139189,55
8.589622487,55
3.478850292,55
2.907361386,55
6.666088645,55
7.839824192,55
3.800978233,55
2.564036935,55
1.52552675,55
5.252555237,55
5.303604877,55
7.353139943,55
5.375416857,55
5.336365473,55
6.915109306,55
6.712639739,55
7.267741817,55
4.113714963,55
6.346372634,55
7.230724733,55
-0.433166125,55
3.027889395,55
6.333717105,55
6.530509414,55
4.939505982,55
1.914548401,55
6.14107715,55
8.534696181,55
5.6082302,55
7.716560953,55
6.28798309,55
3.044728773,55
6.856409059,55
1.420161071,55
4.18924082,55
7.138758705,55
5.517294903,55
5.451360343,55
1.393485848,55
3.674952741,55
8.003635644,55
5.49480727,55
5.435357886,55
2.450880652,55
6.875428777,55
4.900175877,55
2.663482373,55
5.398792601,55
7.79785334,55
7.633111465,55
1.094228508,55
7.126891311,55
5.515450705,55
5.526781273,55
6.661998733,55
3.880913594,55
1.263301205,55
4.784088206,55
6.347347067,55
8.039866279,55
8.305205425,55
3.752863975,55
5.722162979,55
6.598082107,55
4.312625439,55
6.041419985,55
5.051529356,55
4.645549602,55
6.482492308,55
8.231656761,55
5.667500562,55
6.447321,55
5.764361953,55
3.766919613,55
4.429214433,55
6.191189934,55
6.578242182,55
7.247985714,55
7.112471292,55
3.706911618,55
7.500003303,55
6.13247007,55
3.710307317,55
6.66550322,55
5.809231136,55
6.507853213,55
3.368064788,55
3.500265252,55
6.82318349,55
6.778307612,55
1.495492338,55
2.346188372,55
6.734710693,55
4.852920242,55
5.24348017,55
5.211169372,55
6.733289588,55
4.801660277,55
3.761776944,55
4.425650547,55
4.644206163,55
7.069452827,55
7.192582553,55
6.31193116,55
6.705335386,55
4.477596354,55
4.881342719,55
7.081153833,55
5.711324609,55
5.461286623,55
2.390277162,55
5.875189454,55
3.724330974,55
3.081985001,55
6.563172823,55
6.153489861,55
6.508018992,55
5.975186071,55
4.872062266,55
7.53604784,55
9.020869415,55
5.036717748,55
4.267359805,55
5.140134636,55
4.580301277,55
3.349951736,55
4.400286374,55
7.477699882,55
5.68190982,55
6.395804119,55
4.293917618,55
5.58676609,55
4.566233417,55
7.230170447,55
5.758160895,55
4.018606406,55
6.202302315,55
5.479138941,55
7.591016851,55
7.780673362,55
2.31317639,55
6.07792645,55
5.546054738,55
6.489338657,55
4.958693318,55
4.162494081,55
5.30239542,55
9.055730016,55
4.957604845,55
5.334884595,55
6.271437585,55
1.390212001,55
5.146370905,55
6.010308628,55
6.704712754,55
6.351285241,55
4.660802473,55
4.796670628,55
6.886775691,55
5.60158248,55
7.210917236,55
6.949439011,55
4.009736191,55
4.950501122,55
4.128666964,55
6.113919203,55
8.698214095,55
5.442170303,55
4.161875285,55
6.876224472,55
7.324736815,55
6.342347401,55
8.174469598,55
5.899610029,55
7.675379608,55
5.251169073,55
5.656078665,55
2.602451168,55
8.058106851,55
7.330197927,55
5.428601285,55
5.280347189,55
6.651361028,55
4.299134265,55
5.157695202,55
6.410226203,55
5.708174518,55
4.811373202,55
5.440708323,55
5.787500343,55
6.838222275,55
4.56385677,55
3.516801124,55
6.788122028,55
5.821111713,55
8.293402473,55
6.819511215,55
6.610829956,55
7.118547672,55
8.000489255,55
3.702349948,55
7.749964627,55
7.087127009,55
2.354917734,55
7.170125013,55
3.54970078,55
6.320460052,55
3.476554776,55
6.089731631,55
2.969395912,55
3.839732182,55
7.358002586,55
5.691972183,55
-0.578107705,55
5.375686144,55
4.450289819,55
5.497202244,55
6.433817334,55
4.556741277,55
6.6777793,55
6.501698573,55
1.627738666,55
5.785462729,55
3.161497804,55
4.892990913,55
3.73895997,55
6.627920187,55
6.189373576,55
6.472079525,55
7.206191916,55
7.6969224,55
6.91722655,55
5.532373872,55
8.392521805,55
5.164022045,55
6.765394494,55
5.818392803,55
5.806607873,55
7.889740211,55
0.81569991,55
4.878729602,55
7.05768173,55
5.482793494,55
7.712122031,55
3.482232592,55
3.695680387,55
5.726026667,55
7.222492139,55
5.125476997,55
5.579282269,55
4.94612314,55
4.368873841,55
6.529297095,55
6.545327035,55
1.924033447,55
5.957400529,55
5.634593236,55
4.795973634,55
7.487805926,55
7.137217303,55
6.513200453,55
6.849089243,55
7.196749467,55
2.814894905,55
4.604739338,55
5.421780987,55
2.778483143,55
8.359863447,55
2.930497709,55
8.459346559,55
7.972140525,55
4.726305885,55
4.383885715,55
4.794991599,55
7.02662434,55
5.220334792,55
7.491604386,55
5.812781428,55
4.810128261,55
5.606435106,55
6.169994299,55
6.569251742,55
5.518637355,55
6.765989023,55
6.129150468,55
5.933864666,55
1.669723552,55
3.906492911,55
6.359890478,55
4.079533318,55
5.585883351,55
0.814497792,55
6.914049091,55
4.074375951,55
4.558155765,55
7.322714522,55
2.304277386,55
4.196523218,55
5.08084276,55
6.39536308,55
2.625229251,55
4.340898663,55
4.183393877,55
6.470326913,55
3.895151746,55
1.542693183,55
4.425694004,55
6.44162332,55
6.041375132,55
5.436547879,55
3.860678312,55
5.877598272,55
6.08064061,55
6.481351049,55
5.89136374,55
5.617507743,55
6.760870883,55
8.390046857,55
4.104633349,55
5.195555265,55
5.045558971,55
5.863178511,55
4.780051412,55
5.893416369,55
2.900052229,55
5.245600378,55
4.594506536,55
5.984702693,55
4.401227406,55
6.78228504,55
3.862769737,55
6.283771671,55
6.668247385,55
4.97194704,55
8.261414358,55
5.809405285,55
8.898323588,55
6.423473392,55
7.479706192,55
2.714111911,55
2.842153508,55
4.650788327,55
4.222995877,55
6.138403979,55
6.510917067,55
7.895153591,55
4.803419643,55
8.154995812,55
2.099282016,55
4.438856655,55
6.151888138,55
7.431153016,55
1.303822558,55
-0.018107288,55
6.505658127,55
5.597860956,55
4.870758009,55
6.015357503,55
6.152927274,55
7.821330125,55
4.242594075,55
6.882398204,55
8.486729859,55
4.553954628,55
5.011040689,55
7.583327177,55
5.817967692,55
4.694528964,55
4.264447474,55
4.547396654,55
4.776693884,55
3.16944141,55
7.107974277,55
4.218532238,55
7.586036928,55
6.533448518,55
1.241217608,55
3.832140477,55
5.47170998,55
1.014260724,55
5.30901925,55
1.678192311,55
4.614130774,55
6.794055201,55
5.918598479,55
-0.629940876,55
6.333293965,55
6.61349342,55
6.21556519,55
3.729057198,55
5.349237277,55
6.926490418,55
-0.577292,55
5.125823458,55
4.555800378,55
7.627249988,55
4.654253421,55
5.741450134,55
5.989577162,55
6.255370199,55
4.566011446,55
4.754984346,55
5.957036758,55
6.236744092,55
5.410408507,55
3.512629364,55
6.757466464,55
7.874312827,55
7.901136144,55
5.643455018,55
6.479938821,55
5.275103448,55
2.692474407,55
5.718066265,55
5.847899553,55
4.737989216,55
6.406751512,55
6.828392313,55
7.493534833,55
2.697106956,55
4.078473223,55
1.933499999,55
4.639285267,55
5.641753984,55
6.094175047,55
7.210702777,55
5.566376864,55
5.950684195,55
5.194659976,55
8.008343058,55
6.032322735,55
6.239694831,55
7.356712417,55
3.192377307,55
6.159330017,55
5.386191898,55
4.01919959,55
4.268518093,55
4.448795457,55
3.71323036,55
0.999644508,55
6.414077447,55
4.470210598,55
5.448605616,55
6.293791174,55
5.22522971,55
3.507796144,55
5.402740202,55
3.118896313,55
5.390835247,55
6.727466719,55
6.453525007,55
5.487521313,55
6.004260103,55
5.694723982,55
8.151694076,55
2.351122365,55
3.593962683,55
3.611975159,55
6.041262736,55
3.992792612,55
6.041604929,55
4.581151114,55
3.497344133,55
1.586876968,55
3.935353756,55
6.93371406,55
3.236571718,55
0.857801585,55
4.784601497,55
6.570120437,55
7.10178749,55
3.191703333,55
5.522512428,55
5.099116978,55
6.107474568,55
6.879861744,55
7.557799259,55
7.77650716,55
7.387138543,55
4.786790864,55
7.890993883,55
6.546591078,55
7.606784335,55
6.468677155,55
4.376234249,55
7.28735425,55
5.085237391,55
4.280329352,55
4.691461267,55
6.43489479,55
6.196240273,55
7.249394719,55
4.42185876,55
5.618217084,55
6.997570765,55
4.596133814,55
4.756888668,55
7.631007089,55
6.321199838,55
6.193542399,55
5.040262931,55
6.805635103,55
7.351583139,55
6.670390486,55
5.090558835,55
8.522337511,55
2.214525026,55
5.443341134,55
6.674398464,55
5.12963594,55
5.641794085,55
6.004768034,55
3.862478284,55
4.913947569,55
8.334166523,55
1.127661149,55
6.033439966,55
6.275649224,55
7.553508262,55
5.31976121,55
3.312526136,55
5.156960284,55
7.273504319,55
1.840915777,55
5.291787303,55
6.028737686,55
6.063378462,55
7.719527107,55
4.597140137,55
5.512142674,55
6.404651257,55
6.518876779,55
6.615623461,55
2.609822256,55
5.128034684,55
6.309437872,55
8.568943201,55
4.918259099,55
5.661676116,55
1.532168963,55
6.645085156,55
6.439764077,55
6.382156894,55
5.651238945,55
7.126527903,55
5.329509303,55
8.827092804,55
4.576415678,55
7.071961533,55
6.828695145,55
2.350131983,55
2.26909597,55
3.565791387,55
2.739954622,55
4.505422686,55
4.033373077,55
6.425886912,55
7.719943025,55
7.23129067,55
6.773409573,55
3.348514841,55
6.730291095,55
7.399547935,55
5.716068096,55
6.056676124,55
3.870888157,55
2.590039021,55
6.295294801,55
2.492007235,55
5.685988324,55
4.991310671,55
6.381886861,55
5.023852914,55
5.301816182,55
3.815760315,55
5.572589248,55
6.604214538,55
6.865270762,55
3.071480636,55
6.131573102,55
6.260004886,55
6.593796719,55
3.989953357,55
4.461448234,55
5.752710055,55
4.17741004,55
4.845139646,55
4.53538027,55
4.648435531,55
5.920133764,55
4.270936165,55
6.525775606,55
8.109203655,55
5.244851754,55
3.781855786,55
1.777074948,55
3.555862368,55
4.50209249,55
5.868749688,55
4.391173706,55
6.304812465,55
5.656164231,55
4.603460962,55
8.150626489,55
7.200300925,55
3.67740256,55
5.603131694,55
3.219756175,55
3.901981301,55
7.189088274,55
3.361028547,55
4.250958462,55
0.224302547,55
6.7775728,55
6.302653293,55
7.869928737,55
5.421056633,55
3.106285734,55
6.922234587,55
7.38236466,55
7.831980756,55
5.841348369,55
3.700012246,55
7.481407307,55
4.711789385,55
1.9467817,55
2.392642186,55
4.613257512,55
5.169955173,55
8.010997534,55
7.951701088,55
5.794270645,55
4.132978129,55
6.42234019,55
7.950831286,55
6.018306672,55
5.8643029,55
6.410070123,55
4.683790515,55
3.976155083,55
7.215973052,55
6.825942204,55
7.52033631,55
4.188310603,55
7.653357723,55
4.687159756,55
3.661059598,55
2.163036751,55
3.263983155,55
0.575188653,55
5.762463669,55
4.519174417,55
7.25976205,55
4.735128288,55
5.984315257,55
6.230335307,55
6.06979762,55
3.33711557,55
7.091801447,55
3.885048678,55
7.5950214,55
6.729513687,55
5.840738661,55
7.0988426,55
4.214432069,55
4.474875041,55
6.686107896,55
1.480385175,55
4.926196179,55
7.076112098,55
8.481350426,55
6.687412311,55
6.834048589,55
3.5069065,55
3.410962978,55
5.619914567,55
4.025950419,55
4.941364565,55
1.717963276,55
3.809563213,55
3.241101363,55
5.779255195,60
3.890818321,60
3.912844506,60
4.729458708,60
6.307244947,60
4.846721757,60
3.764867557,60
6.70788611,60
6.998718924,60
7.603225679,60
7.00528992,60
5.70955532,60
6.994481217,60
6.396140261,60
3.931207012,60
6.478967067,60
3.540945613,60
3.11232102,60
5.65587667,60
2.685502782,60
5.222532903,60
7.259783834,60
3.980481921,60
6.533868123,60
6.118782768,60
4.016252419,60
2.446036827,60
6.003862502,60
4.757299869,60
5.733178701,60
4.690264762,60
6.260714436,60
4.958079703,60
3.524208517,60
6.204792073,60
5.946479575,60
6.407846966,60
5.112469979,60
7.485183354,60
8.337544053,60
4.781888049,60
8.887031503,60
5.133285571,60
5.594586125,60
5.741696045,60
4.357761325,60
5.750717776,60
1.762423014,60
3.12357535,60
4.403041638,60
5.57117014,60
4.409919212,60
6.308698829,60
7.378867055,60
5.279334385,60
4.866311826,60
4.563022501,60
7.618046789,60
4.284063575,60
5.415397776,60
3.506713372,60
6.746885129,60
8.787211425,60
6.268923567,60
5.888007152,60
8.370498777,60
5.299764683,60
2.24010175,60
4.838428789,60
4.342036613,60
6.211743097,60
4.380869158,60
2.711904256,60
7.948242195,60
6.35990911,60
8.074930382,60
5.062100932,60
7.895929304,60
7.415263581,60
4.000097431,60
2.855530209,60
3.906357266,60
4.234188324,60
5.747721579,60
2.981974586,60
3.654316031,60
5.450535835,60
6.657155934,60
4.754703726,60
2.98169299,60
6.979615658,60
5.237066566,60
6.731900427,60
4.710019325,60
6.809933768,60
6.991738736,60
6.313371725,60
6.436578037,60
6.847542317,60
6.851543727,60
8.498118518,60
7.413477298,60
4.576800977,60
6.606612637,60
5.414392673,60
1.322154524,60
5.536326559,60
6.961375244,60
4.201984735,60
6.161618323,60
8.296040653,60
5.673833861,60
6.761118169,60
6.964218306,60
3.661516443,60
6.168921679,60
6.848151065,60
4.584310045,60
4.26270932,60
8.663296899,60
4.102611586,60
5.246646065,60
6.233118249,60
5.243023337,60
5.933845795,60
4.85250377,60
7.174833055,60
5.677576393,60
4.617187682,60
5.606179874,60
3.908336409,60
5.652988955,60
4.809199852,60
5.812589391,60
5.712997595,60
4.463986297,60
5.862531765,60
5.265416685,60
4.181080798,60
6.149372003,60
5.271740346,60
6.907091164,60
4.403437135,60
3.612837851,60
6.472919809,60
5.20128037,60
5.474941559,60
8.370454736,60
4.478920393,60
3.127681796,60
5.158282503,60
5.373109804,60
6.472835234,60
1.476537599,60
5.620142649,60
5.749674748,60
7.168118595,60
5.537714103,60
4.871158061,60
4.255157873,60
8.625424351,60
6.371241577,60
4.773968917,60
7.60137052,60
7.473338751,60
5.635937277,60
7.014763858,60
6.897006263,60
5.276261336,60
3.961888844,60
6.613625237,60
1.481738393,60
5.14820305,60
6.076899221,60
5.358448918,60
5.344441685,60
4.60460194,60
2.292440117,60
3.831578377,60
6.151203277,60
5.487090085,60
5.516414637,60
4.740114955,60
4.478198045,60
5.010253955,60
6.218059411,60
9.020391557,60
4.494319434,60
5.135727885,60
4.394858233,60
6.12930828,60
8.101608114,60
6.266375597,60
4.595851696,60
3.388803491,60
4.067069367,60
5.424902425,60
8.072892935,60
5.613243654,60
6.720081215,60
5.605997158,60
5.463527229,60
7.341565691,60
5.809473014,60
2.404414449,60
2.463676613,60
6.727348026,60
8.028923037,60
4.996244935,60
6.958055663,60
7.523054759,60
4.784982723,60
4.212020668,60
5.185190736,60
5.580236462,60
5.01874714,60
5.237364694,60
4.253153348,60
4.148799282,60
6.425615758,60
3.400328779,60
5.556733087,60
4.160147333,60
8.228268481,60
7.842047257,60
8.011991297,60
5.085109265,60
4.354581486,60
6.933025311,60
3.21948843,60
3.581723148,60
3.077236175,60
4.044814378,60
5.994802134,60
4.312631572,60
4.702033613,60
5.639220516,60
5.148575226,60
3.849788144,60
6.96432382,60
4.126302928,60
1.564488173,60
6.699972499,60
4.589049736,60
2.00405953,60
7.443722922,60
5.362552263,60
8.000259658,60
5.27342421,60
4.760922714,60
5.52286746,60
3.06552957,60
8.381703262,60
2.584867788,60
4.110371449,60
8.561900105,60
8.057189745,60
4.741850017,60
3.278710268,60
3.408470167,60
8.178161692,60
5.227975417,60
4.105688716,60
5.27110356,60
5.793474941,60
2.650140054,60
7.045373454,60
3.733586835,60
5.05022088,60
6.766708552,60
7.701677851,60
7.653981856,60
4.146814761,60
6.528238002,60
8.790645545,60
6.567409216,60
4.663038975,60
6.73183011,60
6.629725045,60
6.441786273,60
7.152356844,60
6.235926539,60
8.695630388,60
7.313513476,60
4.718551186,60
6.486320249,60
5.05674747,60
5.735847045,60
7.321644652,60
8.701259104,60
5.449040636,60
5.437274648,60
4.964030165,60
1.627837543,60
4.416692696,60
2.754382377,60
5.276382845,60
5.758362709,60
6.945293764,60
4.779398114,60
6.659826153,60
6.686368663,60
7.845180095,60
5.644330604,60
4.841379497,60
2.698726474,60
4.706728836,60
4.027394553,60
6.157390371,60
7.384210961,60
4.378505964,60
4.223620903,60
4.976955549,60
6.847331912,60
6.628185537,60
5.442615857,60
6.163374649,60
5.659904322,60
5.504139151,60
8.562804276,60
3.258148769,60
2.681462891,60
6.617552658,60
7.82793358,60
3.661196086,60
2.361205755,60
1.155073076,60
5.148680942,60
5.1300642,60
7.349501884,60
5.211803219,60
5.205262233,60
6.868495914,60
6.45948672,60
7.224038065,60
4.012875328,60
6.216077234,60
7.209806387,60
-0.545302966,60
2.856768848,60
6.265428613,60
6.451169623,60
4.726839432,60
1.647739154,60
6.074362777,60
8.538863655,60
5.59502768,60
7.693294387,60
6.20085137,60
3.03365456,60
6.859831033,60
1.134725951,60
4.027840406,60
7.133560458,60
5.358547624,60
5.401286215,60
0.973952559,60
3.507132988,60
7.950727478,60
5.360015487,60
5.31773269,60
2.264991473,60
6.844052037,60
4.788107881,60
2.579526247,60
5.316443788,60
7.795179163,60
7.621642666,60
0.434825181,60
7.068572431,60
5.417050472,60
5.464211909,60
6.666016401,60
3.732223778,60
1.008182656,60
4.731725935,60
6.342590839,60
8.027437581,60
8.278923435,60
3.267489844,60
5.668612587,60
6.534961812,60
4.206723618,60
5.995374815,60
4.941500397,60
4.528149133,60
6.452809294,60
8.211281068,60
5.648793212,60
6.21286913,60
5.671514068,60
3.631526562,60
4.36825135,60
6.070533951,60
6.512083075,60
7.159833967,60
7.091862871,60
3.733128918,60
7.473501858,60
6.026791319,60
3.610788411,60
6.635598907,60
5.7060634,60
6.444974671,60
3.121294758,60
3.44028105,60
6.778069527,60
6.73900207,60
1.183381078,60
2.006309069,60
6.678656876,60
4.724086206,60
5.140251077,60
5.155387524,60
6.549176494,60
4.783844097,60
3.648478815,60
4.289621738,60
4.553569099,60
7.053812922,60
7.123924714,60
6.223682524,60
6.701572954,60
4.381663982,60
4.792432267,60
6.876555117,60
5.388790831,60
5.324808006,60
2.21036553,60
5.727879644,60
3.357218622,60
3.04866641,60
6.511235493,60
6.112062391,60
6.420167879,60
5.945460672,60
4.703287507,60
7.441522018,60
8.959894809,60
5.074581026,60
4.245067044,60
4.955106089,60
4.493280016,60
3.195178048,60
4.205435697,60
7.439043434,60
5.601244578,60
6.358468791,60
4.081093395,60
5.473973655,60
4.426364597,60
7.082492017,60
5.726676357,60
3.875981145,60
6.097460245,60
5.373955246,60
7.544047964,60
7.740224202,60
2.108689861,60
6.050824367,60
5.420895744,60
6.404504324,60
4.887496949,60
4.008241364,60
5.205642566,60
9.020163021,60
4.978403763,60
5.304499845,60
6.226569991,60
1.171686852,60
5.02964375,60
5.990135654,60
6.630280275,60
6.327489928,60
4.532338583,60
4.749923868,60
6.731809078,60
5.469730581,60
7.188291108,60
6.885903949,60
3.986556084,60
4.891317879,60
4.002672851,60
5.982327818,60
8.696089879,60
5.32783291,60
4.129612097,60
6.76354588,60
7.302922541,60
6.349423559,60
8.155845258,60
5.812552439,60
7.646633292,60
5.173207877,60
5.634574431,60
2.401677838,60
8.027221646,60
7.268081287,60
5.347706658,60
5.162637322,60
6.339066342,60
4.169505472,60
5.030427649,60
6.335193275,60
5.655681145,60
4.784341441,60
5.352325767,60
5.773273018,60
6.794707106,60
4.44970425,60
3.41030596,60
6.594617794,60
5.771543746,60
8.288388113,60
6.787104235,60
6.537142758,60
7.094160803,60
7.951342542,60
3.722575779,60
7.719024603,60
7.074873436,60
2.199155492,60
7.1298528,60
3.434415343,60
6.327768133,60
3.160429386,60
6.015161642,60
2.78204249,60
3.683906477,60
7.298578839,60
5.580444085,60
-0.569494901,60
5.325277022,60
4.263987624,60
5.409628837,60
6.302668104,60
4.389000135,60
6.526652104,60
6.472059921,60
1.338745301,60
5.744589821,60
3.095467408,60
4.873989402,60
3.602734678,60
6.275719361,60
6.156809217,60
6.442347494,60
7.124061716,60
7.687926653,60
6.883457193,60
5.419330721,60
8.354444295,60
5.063909515,60
6.71633013,60
5.646014924,60
5.732111225,60
7.872878678,60
0.446736221,60
4.710145862,60
7.007038408,60
5.398122724,60
7.677753603,60
3.202316747,60
3.530385223,60
5.640850843,60
7.188543592,60
5.082938355,60
5.448098161,60
4.190570082,60
4.295076985,60
6.515799859,60
6.423685657,60
1.754157928,60
5.890355363,60
5.577928704,60
4.509880788,60
7.491200793,60
7.135639091,60
6.474645439,60
6.806409723,60
7.198382184,60
2.626572138,60
4.526215588,60
5.35827634,60
2.584908059,60
8.310752807,60
2.670700539,60
8.441251393,60
7.910901679,60
4.587102518,60
4.018035103,60
4.669558683,60
7.008740258,60
5.154672751,60
7.4245169,60
5.589211856,60
4.600202883,60
5.526999203,60
6.096361638,60
6.500133825,60
5.468807607,60
6.73090216,60
6.078795122,60
5.835796406,60
1.718447767,60
3.768975566,60
6.351444331,60
3.988436841,60
5.506215597,60
0.581094536,60
6.830895986,60
3.984378016,60
4.430096652,60
7.27231313,60
2.119775746,60
3.912660619,60
4.896126958,60
6.215118771,60
2.42073834,60
4.020560963,60
4.037065058,60
6.404317459,60
3.726096325,60
1.262520075,60
4.359216923,60
6.395990621,60
5.938911569,60
5.377979659,60
3.781951371,60
5.744645045,60
6.03300718,60
6.409922227,60
5.801066718,60
5.527930606,60
6.740604848,60
8.398393596,60
4.100331194,60
5.061716784,60
4.953200712,60
5.26846691,60
4.674491373,60
5.889787324,60
2.840670356,60
5.219283919,60
4.389542456,60
5.919148217,60
4.333094859,60
6.725041189,60
3.73112658,60
6.24063182,60
6.606495009,60
4.916424993,60
8.231551435,60
5.731292081,60
8.944122253,60
6.375576843,60
7.174175801,60
2.54342034,60
2.552134727,60
4.539085059,60
4.098843146,60
6.070758237,60
6.43018865,60
7.818598424,60
4.782299453,60
8.112536289,60
1.731092567,60
4.346282993,60
6.067806073,60
7.397827211,60
0.143663226,60
-0.173649551,60
6.316071626,60
5.497442408,60
4.61181963,60
5.828665894,60
6.033274945,60
7.777240633,60
4.233392846,60
6.841034479,60
8.438714275,60
4.422385754,60
4.90723209,60
7.556332025,60
5.807256813,60
4.621406226,60
4.128807022,60
4.458224021,60
4.752518871,60
2.918733634,60
7.023409993,60
4.084207037,60
7.580814179,60
6.548318586,60
0.867012778,60
3.727240904,60
5.38332393,60
0.693719222,60
5.146728405,60
1.304158056,60
4.250888224,60
6.771878102,60
5.620125285,60
-0.702714284,60
6.296384672,60
6.566251083,60
6.213271268,60
3.58928789,60
5.248520321,60
6.905473121,60
-0.618716646,60
4.922049858,60
4.444386918,60
7.532264687,60
4.611728983,60
5.686942304,60
5.998860038,60
6.106536833,60
4.500891442,60
4.622741046,60
5.920421519,60
6.024252586,60
5.312542716,60
3.354306581,60
6.743487816,60
7.832830041,60
7.718812617,60
5.591024102,60
6.406731794,60
5.132493673,60
2.940048476,60
5.561750173,60
5.682291023,60
4.608954368,60
6.375217967,60
6.760164083,60
7.49205792,60
2.454156329,60
4.061848462,60
1.8792302,60
4.502249285,60
5.564655447,60
6.03502886,60
7.195219932,60
5.494646598,60
5.902843391,60
5.02936664,60
7.965204714,60
5.97719931,60
6.177937941,60
7.359925394,60
3.012584709,60
6.078250695,60
5.340857806,60
3.903194783,60
4.162667722,60
4.336028152,60
3.576714581,60
0.675917382,60
6.360039628,60
4.390972592,60
5.384969023,60
6.288445653,60
5.195047069,60
3.626503307,60
5.270551088,60
2.957410387,60
5.352038764,60
6.676687039,60
6.237986461,60
5.410767332,60
5.881401337,60
5.646610795,60
8.146718578,60
2.104994975,60
3.470095644,60
3.494225389,60
5.967337077,60
3.806404074,60
5.999798255,60
4.421416024,60
3.424100511,60
1.39743583,60
3.888323666,60
6.75339337,60
3.05979766,60
0.522388761,60
4.547162377,60
6.460509346,60
7.092030251,60
3.064996511,60
5.325253183,60
4.747135192,60
6.115378719,60
6.808061676,60
7.480413521,60
7.728752625,60
7.349372618,60
4.675948592,60
7.875517641,60
6.519107902,60
7.528771993,60
6.460495361,60
3.896611893,60
7.25571157,60
4.981863302,60
4.102405249,60
4.551075312,60
6.393947435,60
6.127081119,60
7.205168842,60
4.341139113,60
5.504879687,60
6.950921706,60
4.411429059,60
4.633375225,60
7.604295538,60
6.254689037,60
6.126472943,60
4.964261307,60
6.757037918,60
7.33524833,60
6.606042124,60
5.08996871,60
8.514618444,60
2.005029815,60
5.324612505,60
6.655997249,60
5.059134966,60
5.591859994,60
5.918163627,60
3.760785558,60
4.830812079,60
8.33420838,60
1.055351851,60
6.029944898,60
6.230530617,60
7.516073511,60
5.24791182,60
3.096136297,60
5.094330709,60
7.25866174,60
1.615774605,60
5.106581609,60
6.002848403,60
5.98833033,60
7.743821003,60
4.291058535,60
5.359982276,60
6.385217943,60
6.39672481,60
6.586242306,60
2.186857781,60
4.917707234,60
6.201624641,60
8.508859361,60
4.812019348,60
5.552142433,60
1.285388799,60
6.530852537,60
6.349214642,60
6.335128135,60
5.560340832,60
7.107438771,60
5.228161453,60
8.791922241,60
4.503261179,60
7.029078252,60
6.728777156,60
2.153172469,60
1.670513375,60
3.412256608,60
2.453846821,60
4.367925257,60
3.962578143,60
6.383260608,60
7.659897056,60
7.188112344,60
6.691769298,60
3.175140885,60
6.692991664,60
7.376987374,60
5.643593314,60
5.963274867,60
3.700527809,60
2.379183248,60
6.20463615,60
2.321827775,60
5.587207739,60
4.955917747,60
6.284654931,60
4.897155425,60
5.163479317,60
3.602090831,60
5.540064503,60
6.545417796,60
6.714505093,60
2.905101907,60
6.11879936,60
6.188369926,60
6.536079555,60
4.009263084,60
4.281149344,60
5.805278125,60
4.058107796,60
4.70440443,60
4.418182793,60
4.514368231,60
5.824800876,60
4.216184525,60
6.480167865,60
8.058204026,60
5.170270002,60
3.582159559,60
1.517228389,60
3.450381775,60
4.360441429,60
5.771057583,60
4.198148004,60
6.064742612,60
5.553888047,60
4.614279117,60
8.129589377,60
7.161961285,60
3.559761612,60
5.449530627,60
3.121798643,60
3.814650856,60
7.082905479,60
3.447353756,60
4.091114151,60
-0.117855518,60
6.669667452,60
6.230981318,60
7.864742433,60
5.235989129,60
2.921575707,60
6.910838701,60
7.373823668,60
7.791885604,60
5.696324209,60
3.584071069,60
7.466111991,60
4.481404361,60
1.674272982,60
2.137655963,60
4.460889259,60
4.997851804,60
7.991026267,60
7.934216486,60
5.701047823,60
3.971304527,60
6.378054256,60
7.923917709,60
5.801044751,60
5.682935577,60
6.383726265,60
4.59495014,60
3.79452176,60
7.213806848,60
6.831614819,60
7.48268188,60
4.164793621,60
7.624955271,60
4.597657601,60
3.366531546,60
2.44154264,60
3.097441723,60
0.289781765,60
5.64232038,60
4.507856398,60
7.163026387,60
4.563182122,60
5.923293582,60
6.167822675,60
5.930006319,60
3.126284723,60
7.0734236,60
3.677343906,60
7.545907326,60
6.636769271,60
5.739046032,60
7.115711402,60
4.078339631,60
4.370684209,60
6.609953818,60
1.151109031,60
4.804839556,60
7.072336246,60
8.435879785,60
6.660994376,60
6.820880545,60
3.259278396,60
3.393360868,60
5.448975408,60
3.877785072,60
4.767391456,60
1.388371213,60
3.673172949,60
2.990426475,60
