log(MSE-NMF-components),comp
5.149027608,40
4.022322051,40
3.554538582,40
5.217690814,40
6.037997971,40
5.537847287,40
4.225509252,40
6.818062698,40
6.627027566,40
7.13873338,40
6.499098828,40
6.023301645,40
5.077730777,40
5.914709825,40
4.232833465,40
6.717886539,40
4.320691189,40
3.887063519,40
5.809097472,40
3.154752582,40
5.246786408,40
5.368016897,40
4.158905256,40
5.948461467,40
4.976296404,40
4.191353959,40
3.380663286,40
4.847685076,40
4.754221259,40
6.063402601,40
4.296732615,40
6.215323388,40
5.441331633,40
4.378263995,40
6.480685787,40
4.687779787,40
6.183222017,40
5.698359369,40
7.511906512,40
8.750920804,40
4.597055995,40
9.203282932,40
5.561097816,40
6.25681747,40
5.669057925,40
4.946116196,40
5.992928281,40
3.333502844,40
3.8974254,40
4.507145234,40
5.432055075,40
4.987829707,40
6.560208576,40
7.512514745,40
5.551760993,40
5.328331903,40
5.131314162,40
7.530622013,40
3.904495354,40
5.137499332,40
3.990170702,40
5.397944843,40
9.021994877,40
4.880172918,40
6.179456344,40
8.537558147,40
5.520536296,40
3.088415882,40
5.545831094,40
2.509718596,40
6.458974119,40
4.998785783,40
3.582944026,40
7.95735233,40
6.645270864,40
6.180707515,40
5.439967823,40
6.122206499,40
6.062143649,40
4.136414069,40
3.850410862,40
4.505222883,40
4.630067766,40
5.998492065,40
4.022287341,40
4.392289495,40
4.198261241,40
6.303645873,40
3.898228034,40
3.825288468,40
6.487119958,40
5.182219702,40
6.215123164,40
4.575112975,40
4.29878048,40
7.946319141,40
6.266047194,40
6.497192115,40
6.833983425,40
6.644273904,40
8.937851136,40
5.705482841,40
5.173898901,40
6.872628749,40
5.570525819,40
2.258326197,40
6.200489644,40
6.957651573,40
4.515217364,40
5.703369232,40
6.390094443,40
6.148971318,40
6.219691227,40
5.722581558,40
4.216748119,40
5.514416019,40
7.150413378,40
5.052486251,40
4.906855808,40
8.893301061,40
4.457695779,40
7.533470621,40
3.708962235,40
5.557308804,40
6.24646011,40
5.272981326,40
7.031154432,40
5.667024717,40
5.012383135,40
4.340915754,40
3.806875751,40
5.253642187,40
5.240569943,40
5.983973524,40
5.606849493,40
4.968652004,40
6.158327767,40
5.067284212,40
4.739245559,40
6.289068264,40
5.484024579,40
6.22441408,40
4.803673784,40
4.185257725,40
5.259319358,40
5.481547743,40
3.588595684,40
8.358537002,40
5.172598395,40
3.463127543,40
5.145813356,40
5.494730354,40
5.538184493,40
2.526951041,40
5.264404423,40
4.317275689,40
7.299214033,40
5.5918997,40
3.20317149,40
4.401849906,40
8.822907719,40
6.343967102,40
5.143273,40
4.755848833,40
5.809521611,40
6.036157701,40
6.044221095,40
5.597056269,40
5.608564632,40
2.590196973,40
6.755643042,40
2.96645186,40
5.478643628,40
5.361334861,40
3.572380527,40
5.799104723,40
5.236496422,40
3.27344007,40
4.496020525,40
5.141487753,40
5.544509888,40
6.150557121,40
5.199817604,40
4.664589607,40
5.603296826,40
6.116836411,40
5.816018197,40
5.099343398,40
4.959619832,40
4.796243289,40
6.101586646,40
4.361716604,40
3.789031575,40
5.022186566,40
4.111808466,40
4.489498719,40
4.341511001,40
8.124630496,40
5.816646204,40
6.690239459,40
4.432161756,40
5.682184276,40
7.364809926,40
5.856492734,40
3.934972961,40
3.560598102,40
6.848831661,40
4.215163891,40
5.436271034,40
7.065462523,40
7.570240958,40
5.241330824,40
4.891989994,40
5.384135507,40
5.848885345,40
5.43595655,40
5.335784938,40
4.762168979,40
4.845651818,40
6.126162866,40
4.118477529,40
5.019957854,40
5.093489925,40
8.264828338,40
7.913340452,40
7.146897738,40
5.585865553,40
4.858707484,40
5.888071538,40
3.899667015,40
4.2373119,40
3.702886878,40
4.19041046,40
6.256437769,40
5.102325649,40
4.705314438,40
5.312300264,40
5.313586625,40
4.269864962,40
6.851874016,40
4.665628204,40
3.694333305,40
6.630774733,40
4.941841748,40
2.761149065,40
7.335460749,40
5.299369974,40
7.999238067,40
5.305628981,40
4.959286424,40
5.744587867,40
3.484758906,40
7.481419266,40
3.511830533,40
4.677568771,40
6.715206665,40
8.264619007,40
4.9216174,40
4.26688139,40
4.202042508,40
8.198525591,40
5.618595272,40
4.642255912,40
5.168744629,40
5.906399697,40
2.591637991,40
6.516390879,40
4.376574137,40
5.962416018,40
6.788478907,40
7.164218034,40
3.80220957,40
4.597417894,40
6.613888614,40
8.976999762,40
3.873143982,40
4.46664886,40
7.366737299,40
6.787491284,40
6.493402918,40
6.698364739,40
5.315953893,40
8.901303812,40
5.986193799,40
5.247459977,40
6.193922443,40
5.205806693,40
6.15012205,40
7.362737148,40
8.916017325,40
5.297024952,40
5.676724747,40
5.47613668,40
2.760860594,40
4.94695708,40
3.619191794,40
5.603142887,40
5.829516492,40
6.345364236,40
5.252098935,40
6.84217854,40
6.650550275,40
4.643442644,40
5.009982921,40
4.988796275,40
4.134148461,40
4.713676657,40
4.88665243,40
4.93919235,40
6.898352015,40
4.931968025,40
4.855965952,40
4.733015545,40
5.741273586,40
5.663542158,40
5.348669754,40
6.844440179,40
5.444735349,40
5.784008647,40
7.371858096,40
4.749377534,40
3.678982619,40
5.220702181,40
7.215697761,40
4.233163996,40
3.35672421,40
2.728525983,40
5.240916237,40
5.531828497,40
7.360355022,40
5.652332939,40
5.808806874,40
5.947528133,40
7.295826394,40
5.798339835,40
4.406630668,40
3.940344043,40
6.263322634,40
0.343159336,40
3.796883111,40
6.51336605,40
5.115389486,40
3.471034284,40
2.964891209,40
6.227796173,40
5.521489848,40
5.831769484,40
7.844277731,40
6.986303613,40
3.223723674,40
6.802063084,40
2.422560277,40
4.764079337,40
5.673906182,40
5.768904236,40
5.367575055,40
2.716737334,40
4.340833274,40
6.594323489,40
5.311713714,40
4.755609677,40
3.193474129,40
6.123950935,40
5.304388378,40
3.160099317,40
4.802761402,40
5.524109081,40
7.625984088,40
2.020882827,40
7.07251715,40
5.635370249,40
5.40355012,40
6.087601411,40
4.421437844,40
2.463544121,40
4.726059963,40
7.031087276,40
7.186588109,40
4.668996106,40
3.134370405,40
5.774278129,40
5.277891981,40
3.923974917,40
6.126374417,40
5.436589738,40
4.75280129,40
6.376195759,40
4.866556941,40
5.569256936,40
7.012475419,40
5.670827257,40
4.334718774,40
4.708759679,40
6.324693069,40
4.920596991,40
6.834893987,40
7.159412734,40
3.825094078,40
7.514441784,40
5.185099149,40
4.441802867,40
5.679085103,40
5.63374312,40
5.66654759,40
3.822596272,40
4.276117288,40
6.515025504,40
6.908889843,40
3.015725318,40
3.481328821,40
5.174004824,40
4.608457319,40
5.481127085,40
5.314835762,40
5.488916162,40
4.514450604,40
3.955356589,40
4.989535757,40
4.905300775,40
6.886738153,40
5.418514749,40
5.002477722,40
6.665624372,40
4.486135948,40
4.997124016,40
7.454638513,40
4.415335798,40
5.619373466,40
3.182555832,40
4.858332864,40
4.299498904,40
3.304035564,40
6.49757333,40
6.397918952,40
6.749663825,40
6.045999389,40
5.286497064,40
5.040131973,40
9.073524801,40
4.466240074,40
4.759276178,40
5.555357011,40
5.078030373,40
3.99092173,40
4.721527645,40
4.854515429,40
5.470773615,40
6.52489845,40
4.252388671,40
5.183405238,40
5.143901683,40
7.464372863,40
5.607164275,40
4.454221315,40
6.137825391,40
5.410996525,40
7.675186156,40
7.749868961,40
3.116318992,40
6.254973299,40
5.524479125,40
6.573308879,40
4.077216699,40
4.770475247,40
5.714688264,40
9.058390696,40
5.491664886,40
5.698680267,40
5.886811873,40
2.223920575,40
5.683181974,40
5.953609874,40
6.992507755,40
5.050646218,40
4.94725138,40
4.632583792,40
7.306262173,40
5.8828507,40
4.767408711,40
6.909188547,40
3.390510187,40
5.291680631,40
4.403006525,40
6.125151229,40
8.666950101,40
4.917462731,40
4.048637219,40
4.906764396,40
7.268544926,40
5.715007235,40
8.159073404,40
6.221915017,40
7.624618405,40
5.357679919,40
5.713840115,40
3.311577514,40
6.469708993,40
7.292329791,40
5.754671014,40
5.625579568,40
5.55082504,40
4.896723806,40
5.476603872,40
5.9674908,40
5.862970191,40
5.079497949,40
5.718638164,40
5.785642331,40
6.839751336,40
4.88030492,40
3.950143894,40
7.299966271,40
6.072444269,40
5.421532265,40
5.778889173,40
6.205667709,40
7.140006569,40
7.957705792,40
1.992814335,40
7.723938857,40
6.214032707,40
3.044927803,40
7.118124581,40
4.156396866,40
6.453870311,40
3.789143731,40
5.953697388,40
2.163662871,40
4.195659966,40
5.64318734,40
4.951261689,40
0.582774328,40
4.910602381,40
4.703720378,40
5.27547413,40
6.593689376,40
4.768081426,40
5.073564913,40
6.680187703,40
2.563418787,40
4.27335691,40
3.80747054,40
5.159578258,40
4.332304163,40
7.017395046,40
4.878420464,40
4.995292981,40
5.24059799,40
7.308117566,40
6.957260723,40
5.545570996,40
8.210829595,40
5.573808445,40
4.633293632,40
5.774003501,40
3.327264831,40
7.388449856,40
2.449238781,40
5.255245509,40
5.418505413,40
5.228144595,40
7.394476029,40
4.000525173,40
4.344369838,40
4.530237829,40
5.66943732,40
5.042078681,40
5.24487276,40
2.278110467,40
4.1091777,40
6.002561311,40
6.741412069,40
2.631101001,40
6.122144741,40
5.327920537,40
4.680638284,40
7.46628433,40
5.7398511,40
6.086656117,40
6.148517136,40
7.10130611,40
3.568414526,40
4.430266786,40
5.399068291,40
3.45049459,40
8.437351518,40
3.617084444,40
8.502986577,40
8.247491564,40
5.346814301,40
3.95253167,40
5.119704531,40
4.640011293,40
2.54215188,40
7.694380038,40
5.866111076,40
4.780820394,40
5.578110797,40
6.090294899,40
6.486551975,40
5.284662319,40
6.332638309,40
5.816719078,40
6.25278715,40
2.123467626,40
4.506009892,40
5.698764668,40
4.254435034,40
4.822026435,40
1.94200938,40
7.033851645,40
4.525258733,40
4.842157411,40
6.719093186,40
2.670656188,40
4.932976463,40
3.17150677,40
4.753941608,40
3.331390559,40
4.464232107,40
4.756798068,40
5.325393239,40
4.416885205,40
2.477912798,40
4.69611948,40
5.788855235,40
6.240028075,40
5.678130691,40
4.386196738,40
6.229309499,40
5.147018946,40
6.326741934,40
6.257340727,40
3.93163892,40
7.138299369,40
8.333983271,40
4.540684723,40
5.626471598,40
4.411234757,40
6.195206344,40
4.858941683,40
5.858285396,40
3.623817521,40
4.874466731,40
5.152974461,40
6.004572159,40
4.904153137,40
4.399102227,40
4.170683096,40
6.551859864,40
6.766256088,40
2.274821325,40
7.078564968,40
5.952406724,40
5.028580609,40
6.551812554,40
4.37548463,40
3.361575872,40
3.699302394,40
4.99971416,40
4.133586696,40
6.013550579,40
5.415824485,40
6.765024334,40
5.472309782,40
5.824539013,40
2.533980636,40
4.867150794,40
5.788967951,40
5.092228126,40
1.968906801,40
0.998385869,40
4.348829173,40
5.918184274,40
5.343222882,40
5.931559076,40
5.792085229,40
6.880411588,40
4.517977407,40
6.713608723,40
3.989655208,40
5.283813584,40
5.15168478,40
7.459207614,40
5.951990219,40
4.265232785,40
3.295736266,40
5.007405903,40
4.683456592,40
3.143066342,40
7.104614472,40
4.803754481,40
7.202731307,40
4.77560767,40
2.511474706,40
4.066285025,40
4.715782527,40
2.134460378,40
5.222456937,40
3.100248851,40
4.14564129,40
6.831451611,40
2.76940315,40
0.46053088,40
6.01980572,40
6.382644141,40
5.501929994,40
3.362717727,40
6.388358174,40
5.966830099,40
0.718124087,40
4.961201735,40
5.066465583,40
6.937056767,40
4.830520651,40
5.943973412,40
4.773892741,40
6.23838095,40
4.964962291,40
3.265691734,40
4.012270097,40
3.416757656,40
5.532402548,40
4.166750149,40
6.548739297,40
5.845355873,40
4.644186792,40
5.874022807,40
6.019437883,40
5.122222508,40
2.640453623,40
6.042110854,40
6.320293018,40
5.139055725,40
5.97129695,40
5.500997158,40
7.417579202,40
3.532738065,40
4.56024311,40
2.881211961,40
3.864217403,40
5.812748817,40
6.284461773,40
5.60317073,40
6.004748497,40
6.105899734,40
5.444163746,40
6.482314443,40
6.131042306,40
6.498031589,40
6.82390037,40
3.827423269,40
6.232414381,40
5.665145238,40
4.405144119,40
4.505598176,40
4.939376762,40
4.292030906,40
1.897237471,40
6.462602858,40
4.876296167,40
5.281838181,40
5.874637942,40
5.328621646,40
1.935147306,40
3.162061303,40
3.866457966,40
4.082697613,40
5.950710142,40
6.826044438,40
5.826694119,40
5.869704765,40
5.430142182,40
7.569615356,40
3.192318392,40
4.284111747,40
3.98323761,40
5.955972041,40
4.213241434,40
6.240164179,40
5.187856842,40
2.670141778,40
2.241306227,40
4.506432049,40
2.402335419,40
3.816148335,40
1.924735033,40
5.174605852,40
6.658662554,40
7.121347527,40
3.948210547,40
6.121678743,40
6.300537928,40
5.21330871,40
5.821393422,40
4.105963004,40
6.641564781,40
5.814427465,40
5.226918862,40
5.338279397,40
6.526893899,40
3.586645066,40
5.200932182,40
2.868955535,40
7.170084823,40
5.433840069,40
4.745029647,40
4.844164378,40
6.217713836,40
6.219422267,40
7.203573751,40
4.677972767,40
5.857825204,40
4.116447273,40
4.953266323,40
3.816377717,40
6.185962758,40
6.29168137,40
6.366936126,40
4.755230086,40
6.80030382,40
5.557637039,40
6.268940736,40
5.311497039,40
8.492484926,40
3.001056363,40
5.382080983,40
3.563525075,40
4.271261585,40
5.501806193,40
6.197324027,40
4.537028502,40
5.214363223,40
8.349693354,40
1.521069525,40
5.410528539,40
5.836946381,40
6.435436129,40
4.305851867,40
3.978154038,40
5.325159751,40
6.867161171,40
2.591701988,40
4.484417945,40
6.074800284,40
5.8893646,40
5.476889175,40
5.175584825,40
6.086755827,40
5.547184463,40
4.605226184,40
6.669286691,40
3.129934542,40
4.377128029,40
6.417629057,40
5.193247319,40
5.140819237,40
6.005883184,40
2.673893953,40
6.877780995,40
6.238331211,40
6.330040935,40
5.395969177,40
6.66482174,40
5.629429729,40
8.980461015,40
5.008374847,40
6.967452843,40
5.22315482,40
3.124381352,40
2.807150317,40
4.090741327,40
3.53322045,40
4.623821608,40
4.244415888,40
5.882882932,40
5.391806904,40
7.199446896,40
6.818974059,40
4.142243507,40
4.040691136,40
5.936137377,40
5.697183397,40
6.224239183,40
4.515943166,40
3.429856844,40
4.339033112,40
3.132557567,40
5.965367259,40
5.390774943,40
6.702940647,40
5.153492673,40
5.020056614,40
4.689214838,40
4.73292665,40
6.403766733,40
7.196220435,40
3.601294182,40
5.90807875,40
6.405742635,40
6.037431013,40
4.234323421,40
4.903085857,40
3.875606803,40
4.597963494,40
5.138145355,40
4.161203064,40
4.989805223,40
6.197984452,40
4.621967857,40
4.729577689,40
8.277681439,40
5.58789155,40
4.433353078,40
2.486047864,40
4.290973509,40
4.980758058,40
6.133102522,40
4.991685617,40
7.391556721,40
5.971966299,40
4.896159581,40
8.125772046,40
5.799466471,40
4.253050282,40
5.231457876,40
3.797066971,40
4.320808604,40
7.386496979,40
3.09624877,40
4.885905848,40
1.937858236,40
4.883769347,40
6.173148051,40
4.956709314,40
5.672788962,40
3.7731369,40
7.13657926,40
7.257655781,40
8.094785761,40
5.422356292,40
4.173538991,40
5.929969891,40
4.540120141,40
2.800019141,40
3.480765311,40
5.220103157,40
4.228496795,40
7.920244119,40
7.930584893,40
6.005099763,40
4.815523056,40
6.541072758,40
5.568415379,40
6.599851503,40
5.966543976,40
6.509392506,40
4.958736069,40
3.750254885,40
7.126059466,40
6.795128693,40
3.888011123,40
2.526113092,40
7.608665099,40
5.002301818,40
4.540937608,40
3.000823357,40
3.829595942,40
1.395906826,40
4.786411982,40
3.962905937,40
6.094460067,40
5.073266652,40
6.382587463,40
6.089524184,40
5.925132915,40
3.967207766,40
5.964351556,40
4.411390905,40
7.514069725,40
3.477314878,40
6.111756234,40
5.859552326,40
4.894495386,40
4.932486231,40
7.081501686,40
2.402719268,40
5.258205369,40
7.143553878,40
8.604134082,40
6.755494777,40
6.909763713,40
4.103533779,40
3.955425554,40
4.888288447,40
4.580167364,40
5.318122836,40
2.914420565,40
4.202620517,40
4.3244194,40
5.058034634,45
3.936833811,45
3.134176448,45
5.138904964,45
5.958116473,45
5.283957864,45
4.046379634,45
6.812164306,45
6.852644507,45
7.069617616,45
6.437223605,45
5.9414249,45
4.941177357,45
5.856881838,45
4.09419883,45
6.777427507,45
4.209501676,45
3.757488188,45
5.798507933,45
2.897478235,45
5.080308259,45
5.256734527,45
3.972168135,45
5.868790917,45
4.858064278,45
4.035099083,45
3.20316529,45
4.713224245,45
4.632011605,45
5.962182444,45
4.179731615,45
6.134159203,45
5.342044585,45
4.209440025,45
6.390855029,45
4.498335093,45
6.17665626,45
5.566814835,45
7.490208405,45
8.573906786,45
4.488082271,45
9.147336404,45
5.433221337,45
6.178089537,45
5.596273136,45
4.816888611,45
5.934358501,45
3.148709518,45
3.660722615,45
4.360939071,45
5.246248866,45
4.878983296,45
6.522841074,45
7.47549868,45
5.338404154,45
5.235430719,45
4.959785102,45
7.557371782,45
3.868878344,45
5.001988501,45
3.961506986,45
5.312552043,45
8.985143787,45
4.709248493,45
5.960803888,45
8.506166868,45
5.395830637,45
2.957476976,45
5.406840676,45
2.319913036,45
6.396177928,45
4.927807603,45
3.560116599,45
7.965208912,45
6.556823915,45
6.140215784,45
5.380854613,45
6.046710096,45
5.895504979,45
3.991626539,45
3.672951269,45
4.394156369,45
4.528210933,45
5.886661288,45
3.819191167,45
4.287708242,45
4.026824169,45
6.17600091,45
3.737693959,45
3.678285434,45
6.410216466,45
5.125361452,45
6.108367747,45
4.425628271,45
4.14044411,45
8.007377627,45
6.18834126,45
6.483520024,45
6.79819445,45
6.581264848,45
8.940207379,45
5.627270155,45
5.080073121,45
6.774281188,45
5.504944285,45
1.992672889,45
5.940957133,45
6.925262401,45
4.387295893,45
5.817756362,45
6.398975367,45
6.067222706,45
6.142747393,45
5.702029586,45
4.034173389,45
5.44361913,45
7.087151457,45
4.95074848,45
4.702266683,45
8.842724437,45
4.277514953,45
7.593455557,45
3.684964023,45
5.494223889,45
6.18852991,45
5.210947177,45
7.002630683,45
5.55641652,45
4.822834643,45
4.076990564,45
3.605478854,45
5.178923241,45
5.181090149,45
5.876814659,45
5.555053759,45
4.858100536,45
6.063953609,45
4.966553632,45
4.662067598,45
6.185047591,45
5.42320826,45
6.178462589,45
4.702211017,45
4.08914307,45
5.157358996,45
5.4166373,45
3.415753102,45
8.354323704,45
5.065403146,45
3.224815183,45
5.069391309,45
5.363237023,45
5.561205398,45
2.324151098,45
5.172638537,45
4.196208141,45
7.273589596,45
5.616422693,45
3.01009022,45
4.310662913,45
8.711712619,45
6.293376632,45
5.048088339,45
4.552662679,45
5.763954951,45
5.921826579,45
5.970271708,45
5.610163679,45
5.5076342,45
2.389415764,45
6.713893037,45
2.747510918,45
5.432864812,45
5.269229958,45
3.419328823,45
5.725018649,45
5.145319599,45
3.100470113,45
4.430992441,45
5.07997328,45
5.474628708,45
6.02042178,45
5.115817571,45
4.549307463,45
5.516782817,45
6.105863125,45
5.755093118,45
5.017688507,45
4.882513814,45
4.775982307,45
5.845345366,45
4.230462754,45
3.553495237,45
4.92307989,45
3.945991195,45
4.370682472,45
4.22187786,45
8.080326603,45
5.715792432,45
6.641261508,45
4.327219056,45
5.643723651,45
7.313988941,45
5.821082854,45
3.704187558,45
3.393537197,45
6.818471552,45
4.051097403,45
5.380003316,45
6.855256151,45
7.535827898,45
5.127619309,45
4.783394514,45
5.387916411,45
5.785684134,45
5.338152204,45
5.254590876,45
4.653771559,45
4.757439301,45
6.099873679,45
3.95784187,45
4.946505869,45
4.826334852,45
8.258688574,45
7.87658025,45
7.082701261,45
5.498378003,45
4.707268382,45
5.812598013,45
3.765023463,45
4.079091081,45
3.58033326,45
4.057609019,45
6.192601047,45
4.97929058,45
4.586078417,45
5.211042172,45
5.178831938,45
4.158767205,45
6.836146953,45
4.577240735,45
3.200181665,45
6.606971621,45
4.835394324,45
2.58396761,45
7.311840285,45
5.122384356,45
8.030295072,45
5.21811853,45
4.817196629,45
5.683781485,45
3.359809486,45
7.487644024,45
3.362245594,45
4.586167065,45
6.627158298,45
8.231440787,45
4.858008585,45
4.068349922,45
4.098216603,45
8.190439487,45
5.549594334,45
4.496168405,45
5.065003309,45
5.85408683,45
2.251763907,45
6.46774135,45
4.26815352,45
5.795217794,45
6.774312349,45
7.116605961,45
3.62287583,45
4.399020096,45
6.585635391,45
8.953069214,45
3.751600051,45
4.231635954,45
7.3448573,45
6.745033944,45
6.41630936,45
6.654273502,45
5.226265912,45
8.863453541,45
5.933472786,45
5.207221788,45
6.115101354,45
5.229814291,45
6.070927511,45
7.333854153,45
8.868478912,45
5.206298829,45
5.654022182,45
5.341112657,45
2.598237787,45
4.857356986,45
3.487167313,45
5.483619604,45
5.758322542,45
6.195448175,45
5.176894119,45
6.810858902,45
6.62681918,45
4.497672344,45
4.995899569,45
4.898402395,45
3.858276303,45
4.619646952,45
4.801108507,45
4.844418465,45
6.871357924,45
4.820635039,45
4.746186675,45
4.706004988,45
5.729186117,45
5.562310178,45
5.243212802,45
6.703134491,45
5.333561947,45
5.674469903,45
7.2864166,45
4.62347049,45
3.502216977,45
5.102920403,45
7.166939443,45
4.118228753,45
3.196698114,45
2.524095231,45
5.104946403,45
5.39587735,45
7.372362206,45
5.530318727,45
5.719655834,45
5.87271597,45
7.162403802,45
5.699779877,45
4.300426891,45
3.800566541,45
6.215592904,45
0.15162762,45
3.694664841,45
6.410178395,45
5.033211371,45
3.160882245,45
2.807512313,45
6.115110995,45
5.430621467,45
5.701805526,45
7.760577197,45
6.735038964,45
3.08925419,45
6.790263472,45
2.228624064,45
4.646590439,45
5.595118576,45
5.711193654,45
5.287371062,45
2.445632224,45
4.164878468,45
6.522530562,45
5.211496373,45
4.621330257,45
3.054042783,45
6.098126949,45
5.224692688,45
2.995248453,45
4.73441372,45
5.431734188,45
7.582768082,45
1.870054105,45
6.957942811,45
5.546729655,45
5.318064642,45
6.040297871,45
4.297144849,45
2.231539444,45
4.642037545,45
6.971923148,45
7.645766163,45
4.567845075,45
2.940444452,45
5.749630344,45
5.182318665,45
3.717689036,45
6.107040219,45
5.335471093,45
4.478994833,45
6.281395561,45
4.781852244,45
5.513314729,45
6.848492368,45
5.60292586,45
4.206600652,45
4.649930752,45
6.247599238,45
4.832521061,45
6.803483834,45
7.131840416,45
3.67002414,45
7.501021627,45
5.071257044,45
4.318001898,45
5.559657947,45
5.487827569,45
5.572183273,45
3.656924396,45
4.103267141,45
6.361423065,45
6.828229784,45
2.732739836,45
3.23130377,45
5.139530406,45
4.505524511,45
5.39975794,45
5.255306202,45
5.356972564,45
4.353989656,45
3.786173042,45
4.832801941,45
4.750456709,45
6.902534951,45
5.382138164,45
4.878012854,45
6.708420075,45
4.369159246,45
4.890558484,45
7.319603556,45
4.268997648,45
5.684051848,45
3.012193034,45
4.780202822,45
4.031639483,45
3.137303067,45
6.404355754,45
6.247427257,45
6.629094889,45
6.042509233,45
5.174747182,45
4.923641895,45
9.029525004,45
4.331111727,45
4.710556962,45
5.35571067,45
4.938773255,45
3.892660424,45
4.647856555,45
4.753978952,45
5.388606263,45
6.544243159,45
4.081764235,45
5.089596532,45
5.030783428,45
7.364035613,45
5.515101015,45
4.346534405,45
6.027198608,45
5.398478598,45
7.618852578,45
7.71222666,45
2.774380977,45
6.201008813,45
5.388370834,45
6.491965278,45
3.715595344,45
4.636816226,45
5.643723489,45
9.046499911,45
5.40844606,45
5.570976498,45
5.791018953,45
1.869470735,45
5.57924926,45
5.86423181,45
6.941891757,45
4.938530569,45
4.860875223,45
4.501617219,45
7.233577856,45
5.827957033,45
4.743106839,45
6.812520244,45
3.209231691,45
5.231854795,45
4.297142981,45
6.090110658,45
8.664190763,45
4.873382794,45
3.929099873,45
4.753767888,45
7.153700019,45
5.655257679,45
8.137455806,45
6.151974013,45
7.590000459,45
5.167005624,45
5.630297258,45
3.148150234,45
6.385311625,45
7.26395593,45
5.6717415,45
5.464533528,45
5.51232027,45
4.78569022,45
5.391291195,45
5.882393934,45
5.831282282,45
4.979879571,45
5.619575777,45
5.705401393,45
6.72420931,45
4.81018134,45
3.81989915,45
7.168633431,45
6.036552916,45
5.334304155,45
5.776256611,45
6.159404646,45
7.117682397,45
7.958739765,45
1.773180763,45
7.720012434,45
6.146286879,45
2.931496441,45
7.125196077,45
4.021819043,45
6.463810992,45
3.429240811,45
5.903088159,45
1.763365353,45
4.141172654,45
5.579557761,45
4.816307749,45
1.732086479,45
4.75719502,45
4.770800223,45
5.211009786,45
6.678839101,45
4.792895639,45
4.916479538,45
6.620287661,45
2.317360348,45
4.151414937,45
3.637829468,45
5.073946542,45
4.203404586,45
6.797710585,45
4.792669229,45
4.880322419,45
5.084105972,45
7.252773743,45
6.990429278,45
5.353372379,45
8.209555744,45
5.482695345,45
4.565481468,45
5.67552032,45
3.177837005,45
7.376347858,45
2.202620084,45
5.041976452,45
5.402400142,45
5.138573299,45
7.363540036,45
3.829675474,45
4.234745179,45
4.418135514,45
5.586652702,45
4.939520946,45
5.060388188,45
2.210301943,45
3.971181134,45
5.942818318,45
6.661335963,45
2.477668194,45
6.047205798,45
5.199683478,45
4.58484945,45
7.442585782,45
5.639368729,45
6.083431492,45
6.078254402,45
7.139464554,45
3.317258008,45
4.269151612,45
5.312191845,45
3.294469988,45
8.410999433,45
3.441110272,45
8.481578056,45
8.14081798,45
5.23105982,45
3.798716781,45
5.019318696,45
4.524420072,45
2.261100711,45
7.633682148,45
5.809931894,45
4.655294096,45
5.50060274,45
6.094680014,45
6.452431602,45
5.117303091,45
6.348667939,45
5.682948352,45
6.190707992,45
1.927150069,45
4.379241655,45
5.622871228,45
4.09802456,45
4.722456951,45
1.644394104,45
6.908682827,45
4.429335782,45
4.749750901,45
6.691083659,45
2.512407894,45
4.807119527,45
3.015848704,45
4.649467239,45
3.166301257,45
4.303854953,45
4.658618383,45
5.30072033,45
4.290417217,45
2.268879782,45
4.602494184,45
5.726504341,45
6.172989882,45
5.613010651,45
4.256517439,45
6.137504112,45
5.026313444,45
6.156952703,45
6.191107736,45
3.706430823,45
7.037030551,45
8.330354013,45
4.475941396,45
5.553603086,45
4.186387265,45
5.883433869,45
4.7504096,45
5.846792046,45
3.478961353,45
4.650959608,45
5.012652302,45
5.927975117,45
4.773170912,45
4.333813277,45
4.040157552,45
6.43477246,45
6.697323106,45
2.063698998,45
7.086747133,45
5.873170564,45
4.892542037,45
6.48402866,45
4.208717611,45
3.203663039,45
3.533937357,45
4.939472341,45
3.907535719,45
5.935137984,45
5.321402719,45
6.663943519,45
5.103776653,45
5.758060309,45
2.25107012,45
4.729667824,45
5.725451713,45
4.971279399,45
1.689991307,45
0.702487578,45
4.183272195,45
5.883457243,45
5.230264294,45
5.849060684,45
5.659384385,45
6.770181215,45
4.349986106,45
6.745524358,45
3.803554706,45
5.135045896,45
5.072780569,45
7.463792441,45
5.970236679,45
4.185096789,45
3.128123662,45
4.95432595,45
4.632395822,45
2.962913509,45
7.035887906,45
4.692205646,45
7.24962464,45
4.666407126,45
2.255318426,45
4.013635141,45
4.653712546,45
1.878747746,45
5.155478089,45
2.883834083,45
3.997609774,45
6.804420062,45
2.686572832,45
0.17002396,45
5.959669382,45
6.364793827,45
5.415927047,45
3.343752241,45
6.554271888,45
5.852284558,45
-0.151106105,45
4.789674544,45
4.820644019,45
6.935999421,45
4.792162089,45
5.947156047,45
4.638876248,45
6.279744357,45
4.710716521,45
3.025637227,45
3.868961822,45
3.101645005,45
5.498084583,45
4.048812634,45
6.607636716,45
5.755317485,45
4.485425675,45
5.766727472,45
5.948702966,45
5.077153114,45
2.480386204,45
6.011795669,45
6.176016389,45
5.042442855,45
5.914671847,45
5.263482699,45
7.382992695,45
3.371232206,45
4.451101671,45
2.693159198,45
3.696140626,45
5.729195588,45
6.216039782,45
5.442239609,45
5.875126247,45
6.08466523,45
5.224367181,45
6.416067856,45
6.055461628,45
6.426264143,45
6.764575738,45
3.675147679,45
6.189150588,45
5.579666774,45
4.256878712,45
4.329560135,45
4.733922703,45
4.18080257,45
1.701994949,45
6.411125695,45
4.775386064,45
5.201003242,45
5.798195775,45
5.11610231,45
1.606696732,45
2.95601974,45
3.707626948,45
3.959719461,45
5.916807008,45
6.745047392,45
5.733617576,45
5.662491109,45
5.294459685,45
7.560925223,45
2.994821672,45
4.14478543,45
3.974477868,45
5.974804355,45
4.034540638,45
6.19188077,45
5.057139066,45
2.462197428,45
2.093165674,45
4.424971435,45
2.263923062,45
3.661228244,45
1.672234462,45
5.115811985,45
6.526196163,45
7.113597147,45
3.739294811,45
5.870698532,45
6.021048719,45
5.122698425,45
5.687413937,45
3.922582596,45
6.55971476,45
5.728849416,45
5.214597021,45
5.226548915,45
6.498132492,45
3.410769545,45
5.121919575,45
2.630888945,45
7.141238526,45
5.30943786,45
4.636924287,45
4.774704466,45
6.273632866,45
6.196176457,45
7.146589165,45
4.526228798,45
5.700373299,45
4.145923918,45
4.868737762,45
3.636843423,45
6.109938974,45
6.193591206,45
6.307252986,45
4.58848963,45
6.779000824,45
5.470925521,45
6.180117489,45
5.330023869,45
8.493638795,45
2.801198696,45
5.283207369,45
3.418554818,45
4.172288747,45
5.470071954,45
6.182293621,45
4.448183126,45
5.122938117,45
8.324059145,45
1.224433138,45
5.310913031,45
5.768169779,45
6.420983949,45
4.16567445,45
3.834233337,45
5.190264801,45
6.854154686,45
2.417942772,45
4.303202806,45
5.958967632,45
5.895952019,45
5.415290952,45
5.225739126,45
5.98440024,45
5.456577155,45
4.47210203,45
6.632697991,45
2.926026617,45
4.279069244,45
6.424660474,45
5.040570606,45
5.082649881,45
5.915199868,45
2.498606325,45
6.78401313,45
6.141501728,45
6.262662053,45
5.471204555,45
6.584773246,45
5.572741642,45
8.886052911,45
4.88875337,45
6.897444323,45
5.110465439,45
3.017130265,45
2.619506223,45
3.962974963,45
3.368587783,45
4.530749336,45
4.111948906,45
5.821937349,45
5.286827893,45
7.192148923,45
6.749221998,45
3.96512949,45
3.880697605,45
5.85993241,45
5.648049526,45
6.185126454,45
4.371031966,45
3.27985367,45
4.183938585,45
2.985435455,45
5.88719173,45
5.330998378,45
6.560223545,45
4.928342548,45
4.928243358,45
4.506418238,45
4.627842729,45
6.323326438,45
7.176027211,45
3.457975864,45
5.862221606,45
6.358739171,45
5.935796681,45
4.092003924,45
4.797291967,45
3.755508746,45
4.510508996,45
5.037701885,45
4.014277292,45
4.903932914,45
6.149715413,45
4.635879994,45
4.619338896,45
8.19000005,45
5.518078617,45
4.276563753,45
2.314241743,45
4.171560638,45
4.803053144,45
6.062036549,45
4.883397647,45
7.390633758,45
5.916585967,45
4.867152556,45
8.104102746,45
5.707951983,45
4.116588804,45
5.168763474,45
3.665017995,45
4.171275745,45
7.32719205,45
2.908221116,45
4.73832078,45
1.427919256,45
4.755355232,45
6.032686999,45
4.884503563,45
5.585672619,45
3.611451828,45
7.05997608,45
7.238485934,45
7.939901789,45
5.331534541,45
4.017688925,45
5.673160284,45
4.394617552,45
2.593355349,45
3.314802824,45
5.106304037,45
4.148391706,45
7.882602394,45
7.908920833,45
5.938134702,45
4.676015974,45
6.46757608,45
5.443815851,45
6.502848105,45
5.92337991,45
6.47511209,45
4.872761222,45
3.55615645,45
7.076562027,45
6.75137509,45
3.792355031,45
2.300892988,45
7.570975273,45
4.897987025,45
4.203286912,45
2.732002178,45
3.69263597,45
1.211196104,45
4.646583851,45
3.815060491,45
6.007049372,45
4.927462311,45
6.291826471,45
6.080631748,45
5.890381657,45
3.841205372,45
5.870579725,45
4.251060004,45
7.563090328,45
3.310152891,45
6.056580911,45
5.78396438,45
4.753264968,45
4.743516969,45
6.935479107,45
2.231644285,45
5.171875391,45
7.123701667,45
8.55982897,45
6.73129405,45
6.892779999,45
3.923809352,45
3.869755786,45
4.583213984,45
4.420374318,45
5.218166061,45
2.628522514,45
4.086809685,45
4.065841337,45
4.91456904,50
3.866318058,50
2.974763531,50
5.031387106,50
5.892638152,50
5.205128585,50
3.858093053,50
6.708298913,50
6.669610782,50
7.040645614,50
6.380142735,50
5.887518538,50
4.802247327,50
5.790743708,50
3.958295937,50
6.669544969,50
4.099795378,50
3.616473149,50
5.640461474,50
2.520698927,50
5.003992491,50
5.161476846,50
3.880755227,50
5.779557525,50
4.735685006,50
3.95020852,50
3.058458603,50
4.582258648,50
4.52308755,50
5.922769164,50
4.05714774,50
6.093829239,50
5.219984431,50
4.069814423,50
6.349164707,50
4.397900344,50
6.127939126,50
5.453537704,50
7.423537735,50
8.547975927,50
4.377993243,50
9.11949608,50
5.371990036,50
6.027666547,50
5.53191288,50
4.695876194,50
5.904500915,50
3.070509773,50
3.35039439,50
4.233997697,50
5.18965721,50
4.807081622,50
6.468946609,50
7.43977455,50
5.272808923,50
5.145845168,50
4.880922981,50
7.560065921,50
3.671210231,50
4.95023382,50
3.803912129,50
5.232511685,50
8.953342819,50
4.582667922,50
6.078473012,50
8.484034458,50
5.330248686,50
2.804602507,50
5.254661411,50
2.113603222,50
6.346130249,50
4.865428635,50
3.304659795,50
7.918098548,50
6.477276319,50
6.073030857,50
5.293070855,50
5.949313877,50
5.775832416,50
3.761026221,50
3.504138285,50
4.292104782,50
4.391081092,50
5.758668966,50
3.545057079,50
4.174252514,50
3.870852859,50
6.151338238,50
3.624450383,50
3.537972992,50
6.331324946,50
5.113075534,50
6.074935749,50
4.288996245,50
3.97284809,50
8.035773054,50
6.15350527,50
6.466509563,50
6.757528068,50
6.516840846,50
8.894053957,50
5.576962894,50
4.965886741,50
6.658464554,50
5.465751147,50
1.762454439,50
5.816050748,50
6.922346143,50
4.283916939,50
5.607233236,50
6.323037521,50
5.99080431,50
6.040756963,50
5.686858866,50
3.787924522,50
5.351755945,50
7.032344486,50
4.825196579,50
4.599060864,50
8.80136707,50
4.204310849,50
7.504561517,50
3.471406554,50
5.423830862,50
6.114272069,50
5.130591621,50
6.960995207,50
5.394151756,50
4.768080778,50
3.993292987,50
3.407178705,50
5.101973362,50
5.119871803,50
5.816112164,50
5.445409239,50
4.76623378,50
6.077584881,50
4.878212499,50
4.576262867,50
6.05984712,50
5.350351224,50
6.075833667,50
4.647068457,50
3.975975608,50
5.064720215,50
5.343609118,50
3.213674946,50
8.365669799,50
4.946046641,50
3.261930287,50
4.912436078,50
5.173572075,50
5.463054016,50
2.11124287,50
5.046592643,50
4.085947077,50
7.234377616,50
5.481782488,50
2.830550284,50
4.213210498,50
8.746909504,50
6.267914793,50
4.940173012,50
4.447859765,50
5.712026193,50
5.781375567,50
5.914433853,50
5.54251757,50
5.37894896,50
2.190853277,50
6.701778162,50
2.53158791,50
5.329790794,50
5.185390456,50
3.292606398,50
5.664139692,50
5.071716498,50
2.874638041,50
4.207774695,50
4.995030983,50
5.396081337,50
5.909338429,50
5.045793428,50
4.448563847,50
5.440483457,50
5.979744948,50
5.577023519,50
4.916046005,50
4.800832257,50
4.749524811,50
5.663725617,50
4.094952694,50
3.632191708,50
4.863371534,50
3.902888394,50
4.277085648,50
4.133142537,50
8.002349675,50
5.656275819,50
6.606518127,50
4.170798073,50
5.560857209,50
7.333743339,50
5.721886794,50
3.452911501,50
3.264049081,50
6.813411399,50
3.924274612,50
5.297054209,50
6.844646838,50
7.513675267,50
5.030399624,50
4.693875963,50
5.196453808,50
5.714128046,50
5.253841138,50
5.1438715,50
4.540481426,50
4.62143415,50
6.083727904,50
3.799699967,50
4.823192492,50
4.788404819,50
8.232503399,50
7.858134918,50
7.03700006,50
5.430890659,50
4.585889121,50
5.716589166,50
3.653069391,50
3.933947045,50
3.457617308,50
3.92260011,50
6.117467188,50
4.868287364,50
4.418518283,50
5.13053198,50
5.127914007,50
4.063065134,50
6.774226084,50
4.494218678,50
2.988225069,50
6.545153864,50
4.737103527,50
2.411046113,50
7.255549484,50
5.046824013,50
7.995060042,50
5.159776499,50
4.422987352,50
5.605779907,50
3.218944792,50
7.39742675,50
3.237329384,50
4.490441278,50
6.573764385,50
8.191349944,50
4.713586985,50
3.879976569,50
3.875516598,50
8.117693872,50
5.584842936,50
4.342445871,50
4.960608159,50
5.774664322,50
1.9581208,50
6.406071623,50
4.159987543,50
5.572396113,50
6.731340031,50
7.133674589,50
3.450355627,50
4.472969869,50
6.556569805,50
8.936383932,50
3.634270314,50
4.108704515,50
7.213521227,50
6.72382151,50
6.370022967,50
6.594218521,50
5.158007068,50
8.818431592,50
5.871424499,50
5.147708787,50
6.037766361,50
5.070366824,50
5.967774544,50
7.315978178,50
8.847032607,50
5.118105186,50
5.589019338,50
5.255039429,50
2.451857648,50
4.777496019,50
3.345319706,50
5.3683261,50
5.678760565,50
6.118988566,50
5.093874978,50
6.795287146,50
6.587299685,50
4.398701823,50
4.90000409,50
4.83225457,50
3.654460943,50
4.539507172,50
4.565559736,50
4.714107108,50
6.869194384,50
4.70335985,50
4.664441066,50
4.585270429,50
5.676522072,50
5.459328289,50
5.092829757,50
6.593597042,50
5.21752325,50
5.639904976,50
7.27380218,50
4.279528551,50
3.31523415,50
5.033273926,50
7.16584743,50
4.013027336,50
3.015337115,50
2.311414408,50
5.029550623,50
5.367121835,50
7.338298211,50
5.316877426,50
5.615272506,50
5.80696545,50
7.060082101,50
5.595450562,50
4.176860124,50
3.615392732,50
6.187897845,50
-0.021266406,50
3.565870768,50
6.393923279,50
4.955273397,50
2.935503301,50
2.634423195,50
5.979706737,50
5.35926011,50
5.608857622,50
7.756636713,50
6.692797943,50
2.941967215,50
6.74131243,50
2.008967062,50
4.533292789,50
5.520483695,50
5.635279345,50
5.234081697,50
2.183037157,50
3.976039444,50
6.442737296,50
5.112030898,50
4.561763098,50
2.883329673,50
6.077719129,50
5.127599672,50
2.817380184,50
4.680669837,50
5.341882446,50
7.527384231,50
1.227254659,50
6.863681856,50
5.456443245,50
5.218423434,50
5.957710824,50
4.172641315,50
1.973353426,50
4.531628694,50
6.966394202,50
7.813046381,50
4.385863146,50
2.767630697,50
5.656930213,50
5.094898537,50
3.391555816,50
6.054200908,50
5.257656053,50
4.554944437,50
6.215498266,50
4.710847226,50
5.566389936,50
6.717895911,50
5.564641593,50
4.077702691,50
4.549490099,50
6.209783337,50
4.752295382,50
6.717626721,50
7.108896596,50
3.540162896,50
7.493361818,50
5.055803689,50
4.208472607,50
5.443649413,50
5.492876311,50
5.523408909,50
3.494114156,50
3.999100425,50
6.272424784,50
6.84109819,50
2.486074536,50
2.972513279,50
5.043982646,50
4.39078297,50
5.399445067,50
5.235239854,50
5.258838277,50
4.197778632,50
3.660882294,50
4.722149133,50
4.652314389,50
6.852603408,50
5.164360905,50
4.766419633,50
6.608947293,50
4.246694174,50
4.871580164,50
7.180700899,50
4.077899968,50
5.452103905,50
2.639444174,50
4.728483016,50
3.763912852,50
3.151237452,50
6.372828341,50
6.238746269,50
6.575216139,50
6.028739487,50
5.053929133,50
4.682682652,50
8.972057647,50
4.061070529,50
4.515102663,50
5.296777791,50
4.839697668,50
3.674100989,50
4.43454606,50
4.65965684,50
5.296750894,50
6.446988328,50
3.918267506,50
4.999008413,50
4.938476886,50
7.281140579,50
5.42144714,50
4.2351619,50
5.925093171,50
5.267130506,50
7.540668892,50
7.692016872,50
2.619077118,50
6.155705327,50
5.286918879,50
6.48088667,50
3.595172907,50
4.500977472,50
5.506119968,50
9.01778315,50
5.328039632,50
5.594156748,50
5.706136625,50
1.807140952,50
5.483299565,50
5.824320095,50
6.892318908,50
4.822912703,50
4.699411402,50
4.441964016,50
7.066862162,50
5.756815402,50
4.63405115,50
6.785412507,50
3.08174771,50
5.130449324,50
4.256695389,50
5.989353938,50
8.666137698,50
4.778645227,50
3.761881916,50
4.693990737,50
7.099587536,50
5.602461719,50
8.112040159,50
6.096964267,50
7.599253609,50
5.140385106,50
5.615281508,50
2.970497407,50
6.319961476,50
7.25266763,50
5.58114737,50
5.287005922,50
5.508229295,50
4.662611178,50
5.31998872,50
5.830531005,50
5.718277939,50
4.898546806,50
5.597906418,50
5.686561111,50
6.697687807,50
4.681450567,50
3.73530571,50
7.036372412,50
5.933299148,50
5.23322775,50
5.641198585,50
6.133201976,50
7.109286289,50
7.963604478,50
1.527539286,50
7.714406803,50
6.119112904,50
2.787964257,50
7.109955255,50
3.880671154,50
6.436618,50
3.296964815,50
5.844563362,50
1.39119566,50
3.988644905,50
5.483736487,50
4.825197069,50
-0.473011077,50
4.593925561,50
4.587886363,50
5.136546376,50
6.498078295,50
4.658062642,50
4.784647788,50
6.610662179,50
2.108500901,50
4.065070171,50
3.519273795,50
4.963456395,50
4.06600879,50
6.685325203,50
4.698716699,50
4.791929817,50
4.981024032,50
7.224870079,50
6.944736886,50
5.276797176,50
8.177848706,50
5.391133163,50
4.443699435,50
5.56239771,50
3.014417243,50
7.337622589,50
2.019089395,50
4.883649697,50
5.311708294,50
5.067890467,50
7.267992868,50
3.713102656,50
4.103932847,50
4.29557184,50
5.516272984,50
4.846266726,50
4.915205906,50
1.780051282,50
3.831406046,50
5.853821406,50
6.576798641,50
2.50913916,50
5.988861255,50
5.094598342,50
4.46294968,50
7.36896258,50
5.534040821,50
5.987197185,50
5.98905916,50
7.108750461,50
3.14451382,50
4.129297561,50
5.266496526,50
3.125013754,50
8.309377992,50
3.294183029,50
8.458573733,50
8.125775846,50
5.121084464,50
3.606708776,50
4.930553752,50
4.394543152,50
2.035338936,50
7.553737898,50
5.733949863,50
4.515650672,50
5.436674315,50
6.09707706,50
6.381538868,50
5.045481166,50
6.367164351,50
5.549848226,50
6.09574421,50
1.740484378,50
4.267925648,50
5.562896396,50
3.935142652,50
4.643210728,50
1.37292258,50
6.867856857,50
4.332048145,50
4.619655374,50
6.609510085,50
2.407730284,50
4.471399681,50
3.031827538,50
4.510148966,50
3.023690141,50
4.182063887,50
4.518159364,50
5.189153495,50
4.182730151,50
2.048466312,50
4.490961402,50
5.642385714,50
6.142901598,50
5.515677196,50
4.073920786,50
5.993751625,50
4.918758696,50
5.989752267,50
6.134680084,50
3.521336761,50
6.841347743,50
8.341486401,50
4.407959464,50
5.473100715,50
4.042085214,50
5.861345208,50
4.639684094,50
5.884797492,50
3.284483987,50
4.625491627,50
4.904461324,50
5.854688499,50
4.640122694,50
4.228560395,50
3.86488079,50
6.407809484,50
6.666887951,50
1.825035978,50
7.027444523,50
5.755608111,50
4.839921279,50
6.416565843,50
4.166494642,50
3.056221173,50
3.221834091,50
4.865238068,50
3.727931573,50
5.881620755,50
5.236234893,50
6.631198891,50
5.359918576,50
5.588475752,50
2.102304777,50
4.683299961,50
5.695799288,50
4.846357125,50
1.431265451,50
0.332372308,50
4.067638937,50
5.80225929,50
5.099404277,50
5.775947745,50
5.44617448,50
6.788138297,50
4.242024681,50
6.640478763,50
3.670382485,50
5.014198782,50
5.08613985,50
7.402375438,50
5.90083535,50
4.173564835,50
2.968919552,50
4.835119869,50
4.499543115,50
2.821233736,50
6.962293603,50
4.586423166,50
7.205473264,50
4.568858896,50
1.943308414,50
4.04559304,50
4.739706227,50
1.629005347,50
5.06922401,50
2.683439525,50
3.873399355,50
6.778817637,50
2.316182415,50
-0.152420305,50
6.129326226,50
6.327192505,50
5.303641532,50
2.932073086,50
6.06722168,50
5.843936381,50
-0.336951477,50
4.558003817,50
4.774415542,50
6.901780219,50
4.703530796,50
5.868357798,50
4.511208889,50
6.174085163,50
4.716746118,50
2.791923266,50
3.751730456,50
3.020124876,50
5.411560013,50
3.920263495,50
6.566802175,50
5.649567167,50
4.279889002,50
5.727426072,50
5.888066546,50
4.981232422,50
2.300226356,50
5.883769001,50
6.108482995,50
4.986803136,50
5.854659456,50
5.272087058,50
7.396499429,50
3.258958875,50
4.298558445,50
2.494981209,50
3.538883302,50
5.708567557,50
6.115454005,50
5.436689329,50
5.812019586,50
6.009016066,50
5.273384397,50
6.35188963,50
6.046328734,50
6.372682597,50
6.728390431,50
3.544281983,50
6.157695956,50
5.470814194,50
4.14228302,50
4.162512848,50
4.522146431,50
4.067169457,50
1.512767555,50
6.329369266,50
4.702146901,50
5.12765062,50
5.737068577,50
5.034071481,50
1.350018831,50
2.780449401,50
3.630552477,50
3.829629412,50
5.837355091,50
6.680986294,50
5.653934134,50
5.650400562,50
5.200803757,50
7.553629098,50
2.837895788,50
4.042452516,50
3.771674694,50
5.885816913,50
3.886938356,50
6.126630012,50
4.934997974,50
2.240025407,50
1.952560437,50
4.247397315,50
2.11273281,50
3.49530926,50
1.396277022,50
5.02979515,50
6.459796276,50
7.097335154,50
3.653350861,50
5.814035513,50
5.882179026,50
5.023858436,50
5.628905375,50
3.769613733,50
6.564078487,50
5.641238707,50
5.118507819,50
5.144665474,50
6.472046121,50
3.251750503,50
5.034886471,50
2.558309744,50
7.074429811,50
5.170813305,50
4.52639209,50
4.713035086,50
6.217070062,50
6.141564173,50
7.081351159,50
4.487161695,50
5.675744436,50
3.804192944,50
4.790011099,50
3.505410389,50
6.060044751,50
6.111964666,50
6.201485415,50
4.63525624,50
6.74306108,50
5.358900268,50
6.075461781,50
5.205492393,50
8.495726067,50
2.621278497,50
5.00984478,50
3.277639801,50
4.06711275,50
5.329893182,50
6.105949575,50
4.204124467,50
4.959261259,50
8.280638448,50
0.986656359,50
5.266713252,50
5.703442909,50
6.359655017,50
4.088871544,50
3.67402162,50
5.113748352,50
6.803646049,50
2.263117035,50
4.16540564,50
5.89656619,50
5.866948961,50
5.357652669,50
5.091853317,50
5.871212942,50
5.395306822,50
4.299146698,50
6.617331985,50
2.742983799,50
4.030924935,50
6.37440562,50
4.785062265,50
4.968621132,50
5.840891223,50
2.178471407,50
6.73913241,50
6.040962541,50
6.223743036,50
5.352384893,50
6.536047868,50
5.487575993,50
8.852206983,50
4.8285897,50
6.830865584,50
5.001369168,50
2.861326824,50
2.395021107,50
3.861766129,50
3.203702699,50
4.472249482,50
3.973939589,50
5.72063136,50
5.221362563,50
7.183369214,50
6.724187676,50
3.808850916,50
3.739625915,50
5.715062608,50
5.624296753,50
6.084241058,50
4.215243669,50
3.091050083,50
4.151108628,50
2.866412146,50
5.82202692,50
5.161916347,50
6.472396032,50
4.813852746,50
5.002129475,50
4.360373603,50
4.537873633,50
6.237400445,50
7.223395174,50
3.322152567,50
5.792022506,50
6.311640012,50
5.833545063,50
3.965693066,50
4.662924625,50
3.644319071,50
4.334787363,50
4.872254925,50
3.876717397,50
4.853025762,50
6.058553859,50
4.42985176,50
4.531834128,50
8.164255657,50
5.449550434,50
4.169676956,50
2.169641209,50
4.03956002,50
4.7035951,50
6.056029437,50
4.758274307,50
7.211914254,50
5.854532166,50
4.745613632,50
8.085835023,50
5.662032071,50
4.008265756,50
5.046850404,50
3.531093444,50
3.994587508,50
7.293973959,50
2.727632599,50
4.607813022,50
0.976024562,50
4.657532222,50
5.950098731,50
4.792710341,50
5.52092171,50
3.464872455,50
6.975201408,50
7.200858581,50
7.845418325,50
5.254664121,50
3.9897114,50
5.584768174,50
4.17756122,50
2.403584459,50
3.08650099,50
4.99198,50
4.037477818,50
7.879259165,50
7.888820106,50
5.8812464,50
4.548720121,50
6.419410201,50
5.34475127,50
6.382919618,50
5.74382609,50
6.432496263,50
4.825464467,50
3.588351063,50
7.093100113,50
6.779834981,50
3.706394088,50
2.082963926,50
7.5584777,50
4.833345855,50
4.057966972,50
2.556134469,50
3.596497988,50
0.957881962,50
4.479531324,50
3.655727933,50
5.973916961,50
4.845432005,50
6.217828615,50
5.973626101,50
5.835208992,50
3.659750651,50
5.856857049,50
4.099744537,50
7.555417052,50
3.229880722,50
5.983999812,50
5.737127022,50
4.639221558,50
4.684420954,50
6.70748406,50
2.035071792,50
5.040555896,50
7.083589686,50
8.509872441,50
6.71711702,50
6.843471283,50
3.820444106,50
3.77661031,50
4.60733794,50
4.345393057,50
5.106528744,50
2.357769276,50
3.974720959,50
3.897123432,50
4.693619001,55
3.762084734,55
2.811297585,55
4.942782367,55
5.828428884,55
5.061730413,55
3.71247283,55
6.617882474,55
6.647253116,55
6.933562888,55
6.32483518,55
5.897441061,55
4.673574383,55
5.740502464,55
3.928494572,55
6.63489134,55
3.977244982,55
3.487075363,55
5.59734688,55
2.214868234,55
4.89261942,55
5.061054061,55
3.614678516,55
5.700145753,55
4.625330583,55
3.843372199,55
2.882879671,55
4.445234193,55
4.450783883,55
5.814984978,55
3.896725626,55
5.986586795,55
5.136559651,55
3.927068553,55
6.327654756,55
4.318319677,55
6.129686621,55
5.338559676,55
7.391039282,55
8.553751228,55
4.248437475,55
9.047513038,55
5.333532264,55
5.958159502,55
5.454519512,55
4.61841461,55
5.875255913,55
2.746709703,55
3.069872398,55
4.113022793,55
5.089904246,55
4.726070104,55
6.40071442,55
7.387737566,55
5.228388939,55
5.070558651,55
4.706294784,55
7.564546587,55
3.588220292,55
4.918959625,55
3.706632462,55
5.159703062,55
8.889808035,55
4.442055088,55
5.840552851,55
8.458077033,55
5.230471625,55
2.666572712,55
5.102277942,55
1.9024805,55
6.2886328,55
4.518374073,55
3.11831875,55
7.92492376,55
6.36430219,55
5.983798596,55
5.210748084,55
5.91291995,55
5.719004019,55
3.783957257,55
3.355174534,55
4.168711828,55
4.252881665,55
5.645342345,55
3.405354885,55
4.097146724,55
3.735072254,55
6.117549143,55
3.353805394,55
3.352468556,55
6.251318733,55
5.170888965,55
6.020923496,55
4.200785122,55
3.843223139,55
7.848363303,55
6.042419985,55
6.42586317,55
6.745677052,55
6.459153172,55
8.849821112,55
5.564484978,55
4.875656263,55
6.563941501,55
5.372962396,55
1.500275828,55
5.612201402,55
6.878475462,55
4.161045584,55
5.564788774,55
6.304154295,55
5.910861151,55
6.024470701,55
5.599512368,55
3.578449517,55
5.270614467,55
6.983089796,55
4.716648804,55
4.476670408,55
8.763656942,55
4.250962376,55
7.525249916,55
3.436373586,55
5.35616369,55
6.051611257,55
5.085685278,55
6.926119045,55
5.339744134,55
4.705371864,55
3.799473557,55
3.22627514,55
5.031786168,55
5.049362812,55
5.701650025,55
5.428536452,55
4.692249284,55
6.015606799,55
4.777109743,55
4.487597375,55
5.978027312,55
5.340934209,55
6.028341429,55
4.526127903,55
3.848309665,55
4.981602788,55
5.28369313,55
3.046949271,55
8.353706505,55
4.839619942,55
3.016944298,55
4.907200504,55
5.159601748,55
5.381974188,55
1.89711617,55
5.001599538,55
3.9693849,55
7.181520324,55
5.35865422,55
2.661351811,55
4.124678645,55
8.691734763,55
6.179293227,55
4.85451531,55
4.312995411,55
5.632638199,55
5.65203008,55
5.850779419,55
5.481013266,55
5.375588975,55
1.976886823,55
6.683758168,55
2.33789338,55
5.224971046,55
5.132227076,55
3.168046932,55
5.612298609,55
4.966169567,55
2.711947828,55
4.194680958,55
4.912243038,55
5.280370647,55
5.762108865,55
4.935649596,55
4.369673039,55
5.358775744,55
5.921171463,55
5.523281586,55
4.835300018,55
4.686081516,55
4.596465263,55
5.477591045,55
3.958740187,55
3.323239689,55
4.790809977,55
3.687279053,55
4.128145876,55
4.023448254,55
8.007404485,55
5.576267695,55
6.585188211,55
4.032868837,55
5.513004363,55
7.326165523,55
5.71389379,55
3.121375504,55
3.129291227,55
6.71407025,55
3.787563066,55
5.200445727,55
6.807791518,55
7.489662129,55
4.893763899,55
4.582514971,55
5.166353261,55
5.681631597,55
5.174262242,55
5.113149539,55
4.421402088,55
4.525357071,55
6.045694109,55
3.645981701,55
4.762999134,55
4.453271861,55
8.193652162,55
7.819429322,55
7.011797614,55
5.351296365,55
4.452766585,55
5.682015349,55
3.517874844,55
3.87325407,55
3.342083034,55
3.801877092,55
6.070274183,55
4.72901729,55
4.300764165,55
5.057493914,55
4.980441166,55
3.965357215,55
6.752600703,55
4.398106452,55
2.750560223,55
6.515054949,55
4.64064608,55
2.199119956,55
7.231855735,55
4.943930692,55
7.968712912,55
5.082250727,55
4.446323132,55
5.539437047,55
3.09607488,55
7.331044187,55
3.098399881,55
4.403080485,55
6.530886013,55
8.165410106,55
4.603497493,55
3.705858664,55
3.536097885,55
8.090276856,55
5.35275424,55
4.242567762,55
4.859758228,55
5.655114953,55
1.649174357,55
6.35924554,55
4.079856933,55
5.533760697,55
6.722644907,55
7.092416106,55
3.336508567,55
4.350885741,55
6.5112048,55
8.874233533,55
3.516273125,55
4.010882178,55
7.08066932,55
6.68230503,55
6.321985484,55
6.496859589,55
5.056937557,55
8.729405364,55
5.82427158,55
4.952880784,55
5.970189958,55
5.016105939,55
5.906322316,55
7.251164968,55
8.782947111,55
5.02352308,55
5.545821444,55
5.01340895,55
2.249780841,55
4.689950377,55
3.189281432,55
5.327624441,55
5.622380336,55
6.04874107,55
4.955997146,55
6.70660462,55
6.56426304,55
4.279295859,55
4.8371756,55
4.713138367,55
3.45523537,55
4.449224633,55
4.378067927,55
4.61611562,55
6.835709351,55
4.700457755,55
4.567724374,55
4.676241828,55
5.534240121,55
5.380675319,55
4.965968013,55
6.463240963,55
5.145900704,55
5.566112368,55
7.255074271,55
3.93305366,55
3.132556902,55
4.952394285,55
7.128742907,55
3.918587714,55
2.859803688,55
2.067989344,55
4.908814198,55
5.330412944,55
7.341759323,55
5.269007492,55
5.501124173,55
5.710748209,55
6.983526472,55
5.494421439,55
4.077268181,55
3.421184195,55
6.128586455,55
-0.195617566,55
3.442570982,55
6.330701638,55
4.869584069,55
2.772671688,55
2.490526409,55
5.976908087,55
5.263762473,55
5.603727469,55
7.664980104,55
6.494584326,55
2.784467429,55
6.729788831,55
1.782130742,55
4.422184407,55
5.422899003,55
5.537701312,55
5.179974949,55
2.048861672,55
3.85722949,55
6.809090369,55
5.005951388,55
4.393311445,55
2.707906758,55
5.986966991,55
5.023460816,55
2.67224317,55
4.523608521,55
5.272873411,55
7.556609854,55
1.309753764,55
6.830597033,55
5.411957106,55
5.136046407,55
5.912441131,55
3.932431014,55
1.679692601,55
4.379669045,55
6.822520117,55
7.583022593,55
4.294564398,55
2.599567502,55
5.616990689,55
5.030040815,55
3.38708098,55
5.998191595,55
5.157106327,55
4.344643511,55
6.143602552,55
4.548662967,55
5.571808474,55
6.568342826,55
5.508152229,55
3.973708071,55
4.384908107,55
6.169161231,55
4.522044461,55
6.720195325,55
7.094030471,55
3.390865361,55
7.423008905,55
4.866988271,55
4.055421595,55
5.489824801,55
5.312399042,55
5.405162094,55
3.352420493,55
3.82637489,55
6.22632417,55
6.813265989,55
2.258299083,55
2.714708285,55
4.933928859,55
4.281159471,55
5.25136004,55
5.130614899,55
5.106022967,55
4.096199073,55
3.538352648,55
4.605936494,55
4.520763557,55
6.822237083,55
5.161953772,55
4.648310439,55
6.633496564,55
4.155159213,55
4.796199297,55
7.094054687,55
4.227305431,55
5.45754011,55
2.589739072,55
4.688361103,55
3.768577254,55
2.944377139,55
6.240159836,55
6.139300667,55
6.47277741,55
5.900649559,55
4.91383439,55
4.52255106,55
8.930362576,55
4.014815774,55
4.514283679,55
5.139848256,55
4.739657276,55
3.578391579,55
4.370669162,55
4.591389293,55
5.230650503,55
6.413812223,55
3.773504308,55
4.919504783,55
4.788202423,55
7.133828653,55
5.315345031,55
4.134816642,55
5.891387941,55
5.214750479,55
7.491834757,55
7.671776735,55
2.458910182,55
6.150849774,55
5.156658465,55
6.470003084,55
3.500021076,55
4.382676639,55
5.423052633,55
8.988558168,55
5.152817401,55
5.418516914,55
5.622558595,55
1.642901848,55
5.391291056,55
5.812989024,55
6.835815182,55
4.713585342,55
4.677293102,55
4.498963297,55
6.997463834,55
5.700556605,55
4.51020568,55
6.754110948,55
3.136601523,55
5.040637836,55
4.101458531,55
5.912293201,55
8.669908405,55
4.663589367,55
3.762287866,55
4.38126474,55
7.150133717,55
5.547354933,55
8.100351129,55
6.01826946,55
7.591844724,55
5.146744652,55
5.574905065,55
2.781285498,55
6.242712911,55
7.210533026,55
5.525579561,55
5.193306894,55
5.412515085,55
4.5803213,55
5.264468272,55
5.674075437,55
5.707421982,55
4.749390083,55
5.489594836,55
5.587472886,55
6.606888813,55
4.595944563,55
3.602406567,55
6.851336438,55
5.849230145,55
5.1677312,55
5.599260276,55
6.076766194,55
7.084705034,55
7.955641841,55
1.294319905,55
7.680805098,55
6.061320825,55
2.690802291,55
7.080664609,55
3.720906539,55
6.384988423,55
2.861472554,55
5.844380249,55
1.802134841,55
3.886440364,55
5.436633057,55
4.681588545,55
0.52466677,55
4.440449234,55
4.468472339,55
5.051466664,55
6.283288336,55
4.601988861,55
4.622425093,55
6.603513033,55
1.896692647,55
3.949934714,55
3.34546653,55
4.88231942,55
3.944648118,55
6.58146808,55
4.586272188,55
4.690505494,55
4.939060903,55
7.216326801,55
6.908582604,55
5.094146851,55
8.166674686,55
5.30264978,55
4.409683057,55
5.447626918,55
2.897447092,55
7.309613457,55
1.786402024,55
4.714770967,55
5.167377914,55
4.90771693,55
7.284447337,55
3.512660758,55
4.002136155,55
4.22264027,55
5.476569464,55
4.769512632,55
4.830452683,55
2.161915069,55
3.700878029,55
5.789387686,55
6.542912785,55
2.148327342,55
5.916085497,55
5.006878756,55
4.330181261,55
7.38384065,55
5.454369597,55
5.943485065,55
5.91309114,55
7.149353072,55
3.086268252,55
3.971390231,55
5.214078576,55
2.962973426,55
8.300715064,55
3.137284525,55
8.443486505,55
8.120716005,55
5.011231735,55
3.413588756,55
4.782125349,55
4.29213671,55
1.733233112,55
7.538158575,55
5.583784062,55
4.411569252,55
5.352118584,55
6.067705234,55
6.314932293,55
4.953180241,55
6.341521445,55
5.436990699,55
6.024936414,55
1.532627129,55
4.149573748,55
5.51327307,55
3.705757771,55
4.54928213,55
1.13860386,55
6.78786793,55
4.182178029,55
4.485994484,55
6.535441542,55
2.352368765,55
4.265171261,55
2.938551061,55
4.405654101,55
2.860350677,55
4.11716119,55
4.387954806,55
5.065875212,55
4.062139768,55
1.850942144,55
4.40421255,55
5.576331945,55
6.007258167,55
5.469289488,55
4.001335733,55
5.919429614,55
4.781672818,55
5.904315804,55
6.056108789,55
3.3278096,55
6.865639838,55
8.358898421,55
4.297756138,55
5.382960237,55
3.809364727,55
5.550661148,55
4.536080798,55
5.815645106,55
3.133686074,55
4.442045389,55
4.779175551,55
5.768747102,55
4.520856527,55
4.148664887,55
3.708149453,55
6.396027708,55
6.58991051,55
1.492793678,55
7.078781389,55
5.687184251,55
4.791685968,55
6.368226262,55
4.173345374,55
2.897436991,55
3.068587205,55
4.796940095,55
3.602077517,55
5.822477321,55
5.12317657,55
6.604370215,55
5.530630722,55
5.465981628,55
2.103826698,55
4.476526383,55
5.610689074,55
4.69728006,55
1.175678629,55
0.190411507,55
3.984619848,55
5.66336714,55
4.866086988,55
5.702715062,55
5.352706625,55
6.727951266,55
4.23966073,55
6.593275375,55
3.521596531,55
4.910586641,55
4.982118619,55
7.359901259,55
5.890892328,55
4.103644647,55
2.842254915,55
4.776333401,55
4.37571134,55
2.650771505,55
6.900096201,55
4.495097522,55
7.230916308,55
4.534713307,55
1.697519883,55
3.977423944,55
4.579590049,55
1.430123305,55
4.914608681,55
2.481503241,55
3.756981579,55
6.743284948,55
2.125655468,55
-0.415394306,55
6.009094627,55
6.273456356,55
5.314162841,55
2.646112462,55
5.780686859,55
5.787133022,55
-0.46629956,55
4.370444778,55
4.590270303,55
6.881218451,55
4.606265015,55
5.817881977,55
4.344257337,55
6.090787046,55
4.718582655,55
2.707400983,55
3.635093464,55
2.819781979,55
5.349234305,55
3.811524309,55
6.594738434,55
5.52882479,55
4.117565045,55
5.72448641,55
5.792434444,55
4.692860438,55
2.130087559,55
5.746764293,55
5.897159527,55
4.914576879,55
5.810257192,55
5.150950646,55
7.363919574,55
3.071199098,55
4.161029645,55
2.171925201,55
3.390869986,55
5.656511808,55
6.076272284,55
5.279811693,55
5.654947319,55
5.994272263,55
5.196671139,55
6.27796683,55
5.930278311,55
6.330091835,55
6.677844305,55
3.424414138,55
6.113642547,55
5.546097138,55
4.00805425,55
4.025819971,55
4.430866752,55
3.962586557,55
1.297209803,55
6.287991371,55
4.584256447,55
5.063232898,55
5.664559943,55
4.934045168,55
1.04435601,55
2.590426988,55
3.331361652,55
3.715213829,55
5.7650718,55
6.55416854,55
5.586348499,55
5.609898671,55
5.085758507,55
7.540091066,55
2.632894536,55
3.917423132,55
3.689579206,55
5.921085108,55
3.763153107,55
6.147666366,55
4.828899259,55
2.004748282,55
1.796096263,55
4.167322673,55
1.921753794,55
3.350749656,55
1.136030058,55
4.789267179,55
6.308702885,55
7.063565835,55
3.45882656,55
5.702762515,55
5.527696259,55
4.935846063,55
5.587737106,55
3.634091822,55
6.54172191,55
5.631199312,55
5.002164254,55
5.059735333,55
6.461194124,55
3.108938064,55
5.012958643,55
2.525131542,55
7.029444345,55
5.055698477,55
4.408789507,55
4.622690218,55
6.152857776,55
6.078478048,55
7.040372699,55
4.425230678,55
5.630740508,55
3.731109393,55
4.691722982,55
3.341967013,55
5.97926554,55
6.062931807,55
6.155614819,55
4.581530375,55
6.725018933,55
5.32838432,55
5.976368763,55
5.179407731,55
8.479295378,55
2.444966786,55
5.014375341,55
3.142804256,55
3.926836148,55
5.276811909,55
6.080023591,55
4.009893935,55
4.920643072,55
8.251051741,55
1.151055942,55
5.175068447,55
5.636510294,55
6.328154034,55
3.983156894,55
3.543549077,55
5.001725891,55
6.777519145,55
2.115181676,55
4.012981819,55
5.828024101,55
5.806954853,55
5.272995333,55
4.923624694,55
5.775335218,55
5.360040448,55
4.297283953,55
6.607146654,55
2.518362715,55
3.879091337,55
6.32597921,55
4.625018289,55
4.926508381,55
5.783008574,55
1.898214204,55
6.624485354,55
5.924477025,55
6.163404939,55
5.314198585,55
6.499018184,55
5.429914192,55
8.834815431,55
4.687835138,55
6.763883904,55
4.905367231,55
2.602139087,55
2.214620003,55
3.725314643,55
3.042292898,55
4.358946039,55
3.865841009,55
5.723465418,55
5.094361582,55
7.172496009,55
6.604420786,55
3.655221487,55
3.556625931,55
5.630959296,55
5.602787675,55
6.007887219,55
4.083045669,55
2.922567788,55
3.916496019,55
2.721137607,55
5.743821643,55
5.135020205,55
6.420268704,55
4.679071544,55
4.876762046,55
4.197841465,55
4.382514415,55
6.21709545,55
7.048392931,55
3.191693299,55
5.755090992,55
6.264358727,55
5.809832724,55
3.8774133,55
4.616858055,55
3.530767322,55
4.224558379,55
4.847559473,55
3.735479038,55
4.765136399,55
6.028287675,55
4.413687901,55
4.41801243,55
8.116252224,55
5.373606668,55
4.073943108,55
1.999332392,55
3.924478378,55
4.646055216,55
5.980094727,55
4.64513874,55
7.089905427,55
5.799049698,55
4.756629958,55
8.055100318,55
5.540571454,55
3.884519944,55
4.89936986,55
3.395237375,55
3.899846511,55
7.18733489,55
2.532278194,55
4.481943186,55
0.694031799,55
4.502522898,55
5.82125269,55
4.715246326,55
5.523461783,55
3.349459074,55
6.950849656,55
7.227612699,55
7.822905053,55
5.157607209,55
3.930688955,55
5.410043413,55
4.013864764,55
2.221393374,55
2.875053031,55
4.919393791,55
3.98485765,55
7.876082574,55
7.889607044,55
5.817068471,55
4.423239788,55
6.444310901,55
5.231830334,55
6.248375738,55
5.666151675,55
6.399200355,55
4.797861325,55
3.1881586,55
7.077092641,55
6.715610448,55
3.608538011,55
1.903518083,55
7.545319212,55
4.74555383,55
3.830437335,55
2.086076131,55
3.42460644,55
0.77128895,55
4.275539937,55
3.528021903,55
6.036185608,55
4.666241629,55
6.153944385,55
5.902169876,55
5.729940742,55
3.476909908,55
5.842298524,55
3.932915892,55
7.461058872,55
3.153630674,55
5.938502397,55
5.672003481,55
4.523419936,55
4.406518444,55
6.695411601,55
1.810136628,55
4.96373991,55
7.088102856,55
8.450139857,55
6.644062705,55
6.814552478,55
3.621404089,55
3.513214314,55
4.325984429,55
4.218039316,55
5.032087899,55
2.099510115,55
3.874606815,55
3.701023886,55
4.631338016,60
3.666445698,60
2.577356111,60
4.87127021,60
5.773637164,60
5.038929336,60
3.600107606,60
6.664091104,60
6.716078113,60
6.877498725,60
6.280047255,60
5.771144174,60
4.57454595,60
5.731365758,60
3.897085332,60
6.486148089,60
3.860876506,60
3.3143003,60
5.490352954,60
1.937262549,60
4.782930294,60
4.972144222,60
3.658355434,60
5.632720661,60
4.518007541,60
3.677328084,60
2.714389926,60
4.328321956,60
4.344339139,60
5.740055859,60
3.769171319,60
5.948319686,60
5.053573895,60
3.775079688,60
6.281443432,60
4.148493856,60
6.039239523,60
5.133177135,60
7.397654197,60
8.507174609,60
4.155412847,60
9.006428739,60
5.252991292,60
5.900739284,60
5.384380615,60
4.489491696,60
5.830235544,60
2.523922816,60
3.283831587,60
3.985989976,60
5.02137605,60
4.635274452,60
6.354157165,60
7.331893226,60
5.23301423,60
5.029203791,60
4.607327282,60
7.555068192,60
3.372540023,60
4.787407053,60
3.523789707,60
5.085042599,60
8.871700492,60
4.343558476,60
5.711999709,60
8.459448677,60
5.120905005,60
2.532354593,60
5.008239543,60
1.706286659,60
6.24406838,60
4.434040828,60
2.969177347,60
7.933567097,60
6.377123235,60
5.941197963,60
5.127511886,60
5.85408079,60
5.573939688,60
3.795376371,60
3.186052961,60
4.047188804,60
4.183682548,60
5.56309436,60
2.983274009,60
4.005768908,60
3.567708145,60
6.031058701,60
3.194559744,60
3.192163566,60
6.187572789,60
4.988022117,60
5.971021641,60
4.011108288,60
3.715030636,60
7.650842613,60
6.050958015,60
6.372148734,60
6.71559412,60
6.414452811,60
8.787548597,60
5.446724941,60
4.763585875,60
6.550245658,60
5.268418723,60
1.229840769,60
5.474532697,60
6.881793672,60
4.065156322,60
5.521966344,60
6.291627743,60
5.839268133,60
5.91277696,60
5.55734178,60
3.365528459,60
5.184292785,60
6.923645704,60
4.616567091,60
4.226413539,60
8.72237848,60
4.162714987,60
7.15962275,60
3.323813583,60
5.29035884,60
5.98405646,60
5.036323624,60
6.915603142,60
5.220084924,60
4.62466385,60
3.815542555,60
2.954039513,60
4.955897546,60
4.982944317,60
5.604003896,60
5.453239974,60
4.597568275,60
5.948071442,60
4.712561414,60
4.39475692,60
5.919131937,60
5.217236026,60
5.911741581,60
4.387827003,60
3.74305308,60
4.886432925,60
5.211930988,60
2.842211329,60
8.341498631,60
4.736280361,60
2.728907622,60
4.759575786,60
5.000059137,60
5.394356165,60
1.708685421,60
4.887248283,60
3.912523674,60
7.147909814,60
5.34390533,60
2.508303535,60
4.026492724,60
8.635178808,60
6.11668271,60
4.71116952,60
4.11260761,60
5.596151135,60
5.638059496,60
5.779491936,60
5.371043546,60
5.242453836,60
1.792677119,60
6.638272036,60
2.125373141,60
5.120063666,60
5.066796173,60
3.016829265,60
5.558942143,60
4.916557661,60
2.495682125,60
4.047165343,60
4.81554086,60
5.255538984,60
5.719770268,60
4.864403851,60
4.259411956,60
5.270652273,60
5.896919844,60
5.434581856,60
4.754108461,60
4.609012587,60
4.562774185,60
5.342343232,60
3.83563625,60
3.127511281,60
4.678585758,60
3.600127199,60
4.056443535,60
3.92755123,60
8.019948326,60
5.493531027,60
6.568397481,60
3.981091314,60
5.497520554,60
7.211230074,60
5.657467623,60
2.870296164,60
2.973213467,60
6.732871327,60
3.665900936,60
5.165202321,60
6.768764799,60
7.465459495,60
4.773627693,60
4.46310904,60
4.876730878,60
5.605775251,60
5.106107851,60
5.021102377,60
4.31833167,60
4.41274188,60
5.982384292,60
3.527287291,60
4.662584381,60
4.432559142,60
8.183422114,60
7.814143332,60
6.989272499,60
5.258908672,60
4.439381433,60
5.714267727,60
3.385150844,60
3.654264299,60
3.229363242,60
3.624297801,60
6.019179522,60
4.629609992,60
4.182050842,60
4.980514764,60
4.948047452,60
3.858554817,60
6.723514285,60
4.303594641,60
2.260013802,60
6.501891295,60
4.551347965,60
2.029549468,60
7.177697919,60
4.787104094,60
7.967255352,60
4.977966419,60
4.377922383,60
5.539199325,60
2.959258151,60
7.391308888,60
2.954514267,60
4.326685596,60
6.460272532,60
8.102108105,60
4.45399788,60
3.510039835,60
3.484016149,60
8.103087544,60
5.279451712,60
4.123202449,60
4.800886208,60
5.558231533,60
1.171213956,60
6.293845898,60
3.967034188,60
5.321575667,60
6.735777568,60
7.059067886,60
2.935926999,60
4.241586009,60
6.43399389,60
8.862803485,60
3.404947563,60
3.966383217,60
6.892388654,60
6.662957838,60
6.245024373,60
6.446596718,60
4.975818006,60
8.681158556,60
5.770796005,60
4.900145998,60
5.901547369,60
4.952610775,60
5.870554455,60
7.1981668,60
8.754918073,60
4.938582719,60
5.437570531,60
4.883864502,60
2.121086562,60
4.617856102,60
3.026187979,60
5.291440519,60
5.546204858,60
5.945507165,60
4.956188583,60
6.660190285,60
6.52543503,60
4.21404678,60
4.778028236,60
4.649604301,60
3.135920708,60
4.358749269,60
4.363292014,60
4.519479514,60
6.805753392,60
4.596049587,60
4.467935831,60
4.567106067,60
5.440024636,60
5.269592381,60
4.848448652,60
6.380887485,60
5.06902924,60
5.503253936,60
7.217411772,60
3.819511579,60
2.915785119,60
4.845148769,60
7.160428632,60
3.812935835,60
2.665564888,60
1.837136503,60
4.810946635,60
5.143395668,60
7.301364906,60
5.137614109,60
5.431982656,60
5.634415966,60
6.806693524,60
5.367002533,60
3.958542119,60
3.305438137,60
6.084036259,60
-0.353219356,60
3.303739562,60
6.265960401,60
4.778849567,60
2.558714942,60
2.287255175,60
5.815942544,60
5.196669028,60
5.576999096,60
7.638530222,60
6.385493895,60
2.669549931,60
6.731043975,60
1.528760747,60
4.329327138,60
5.370642215,60
5.530335848,60
5.090948116,60
1.72232345,60
3.690827628,60
6.660999649,60
4.93603175,60
4.239417913,60
2.56312368,60
5.885106881,60
4.936911926,60
2.513235153,60
4.391872755,60
5.203700458,60
7.498039137,60
0.768894129,60
6.788067526,60
5.432546586,60
5.055893236,60
5.854255047,60
3.97551919,60
1.62793641,60
4.269876271,60
6.780731769,60
7.483769891,60
4.131421271,60
2.41753208,60
5.522038388,60
4.878245014,60
3.291809489,60
5.991751867,60
5.064803379,60
4.260727211,60
6.130286538,60
4.539227359,60
5.479562982,60
6.508593429,60
5.400046043,60
3.768163982,60
4.370754426,60
6.103986098,60
4.430245339,60
6.629263935,60
7.038548515,60
3.243742298,60
7.424925018,60
4.785636971,60
4.030741476,60
5.297024952,60
5.260571322,60
5.293795822,60
3.175543791,60
3.731711878,60
6.133142086,60
6.747938259,60
2.096006238,60
2.478534922,60
4.791692299,60
4.183409696,60
5.188050578,60
5.085802951,60
4.987352215,60
3.979537897,60
3.44588932,60
4.514973087,60
4.338640183,60
6.788930708,60
5.162519089,60
4.568905098,60
6.603098776,60
4.021934703,60
4.74558287,60
6.998588107,60
3.98549444,60
5.359069651,60
2.472343834,60
4.543335526,60
3.539581546,60
2.851652628,60
6.159945938,60
6.081387972,60
6.394236186,60
5.868099977,60
4.88394256,60
4.412593342,60
8.887035077,60
3.881520695,60
4.329379009,60
5.067750299,60
4.697092314,60
3.260834673,60
4.205793834,60
4.482474821,60
5.136598127,60
6.394543438,60
3.608579762,60
4.845151769,60
4.670639584,60
7.142317048,60
5.216739146,60
4.020804603,60
5.784535614,60
5.198852725,60
7.493639076,60
7.643700535,60
2.309659922,60
6.112780323,60
5.033372076,60
6.364526288,60
3.310343404,60
4.255898798,60
5.296680361,60
8.9597087,60
5.104275416,60
5.266868916,60
5.567871836,60
1.482660308,60
5.311682322,60
5.73697741,60
6.789597192,60
4.583813373,60
4.568770283,60
4.430360021,60
6.922414623,60
5.615541649,60
4.449047348,60
6.69583232,60
3.027595311,60
4.917429902,60
4.18449694,60
5.892236979,60
8.664242271,60
4.686602637,60
3.604669547,60
4.270597207,60
7.150487812,60
5.480752786,60
8.102961417,60
5.950225313,60
7.554316096,60
5.160720365,60
5.597038443,60
2.60083204,60
6.180366439,60
7.210890046,60
5.441429232,60
5.21267482,60
5.316573472,60
4.47009638,60
5.179899116,60
5.615733295,60
5.639561666,60
4.694148634,60
5.388947701,60
5.511755525,60
6.621577649,60
4.489739195,60
3.504863959,60
6.771156005,60
5.857354156,60
5.074768612,60
5.562845625,60
6.043946437,60
7.031479075,60
7.916255569,60
1.015659824,60
7.695889524,60
6.064676386,60
2.399018244,60
7.060516287,60
3.577641904,60
6.359852554,60
2.523076204,60
5.74364478,60
1.19446424,60
3.749489356,60
5.428895728,60
4.626403124,60
0.513608004,60
4.315109391,60
4.381610746,60
4.979216682,60
6.342430845,60
4.356845168,60
4.462757042,60
6.557974783,60
1.644541439,60
3.834678883,60
3.184095823,60
4.835703722,60
3.836408725,60
6.437115583,60
4.52045005,60
4.584744177,60
4.808998635,60
7.18452642,60
6.90896111,60
4.990526834,60
8.131712296,60
5.216687822,60
4.336232837,60
5.344101614,60
2.758317681,60
7.338925641,60
1.540678255,60
4.544976218,60
5.052225841,60
4.877145986,60
7.24935987,60
3.405624822,60
3.876587453,60
4.085375269,60
5.365448521,60
4.726054825,60
4.72065675,60
0.942750313,60
3.563640523,60
5.750183215,60
6.421018036,60
2.133273629,60
5.90116299,60
4.906164253,60
4.212672471,60
7.385417513,60
5.334072003,60
5.958070051,60
5.832470238,60
7.116740095,60
2.824388147,60
3.859271193,60
5.12848515,60
2.784975261,60
8.268229351,60
2.966358368,60
8.441097478,60
8.063071533,60
4.91248983,60
3.227578085,60
4.739942283,60
4.172453404,60
1.418031019,60
7.472807782,60
5.59451623,60
4.283058363,60
5.234134332,60
6.044291367,60
6.317928546,60
4.864432815,60
6.361063579,60
5.330048555,60
5.97623255,60
1.33339037,60
4.052950305,60
5.415897881,60
3.54308136,60
4.452368617,60
0.929364082,60
6.741732221,60
4.235414808,60
4.420163754,60
6.508789921,60
2.256881743,60
3.941791853,60
2.786848896,60
4.301323417,60
2.70084146,60
3.949246051,60
4.330584958,60
4.984027613,60
3.949071679,60
1.642199186,60
4.309509592,60
5.540240863,60
5.928095142,60
5.365623503,60
3.920221726,60
5.820710653,60
4.71235897,60
5.843678287,60
6.008902635,60
3.118276229,60
6.837664458,60
8.359145556,60
4.049257821,60
5.320825141,60
3.701375816,60
5.36821747,60
4.42901937,60
5.845826869,60
2.9728849,60
4.319000641,60
4.676125709,60
5.698307666,60
4.411898637,60
4.090419684,60
3.535670243,60
6.337169575,60
6.487173915,60
1.160102995,60
7.016115944,60
5.659510819,60
4.674388435,60
6.293902677,60
3.759483982,60
2.775626325,60
2.754325075,60
4.719700052,60
3.424769893,60
5.757872744,60
5.049545795,60
6.571869873,60
5.263804013,60
5.341798664,60
2.021521694,60
4.377767815,60
5.580240663,60
4.603425654,60
0.941477458,60
-0.024998598,60
3.963817395,60
5.644233978,60
4.863988837,60
5.653525224,60
5.316405352,60
6.780792701,60
4.207480632,60
6.519902178,60
3.426554213,60
4.811641342,60
4.987962597,60
7.318951633,60
5.809207243,60
3.935977863,60
2.64891265,60
4.755504651,60
4.281136685,60
2.480379818,60
6.918835904,60
4.397499458,60
7.270218717,60
4.4077195,60
1.401456692,60
3.916786423,60
4.454472198,60
1.125237302,60
4.80082636,60
2.20700327,60
3.652232818,60
6.686565137,60
2.20879643,60
-0.516553872,60
5.830750628,60
6.285933051,60
5.216886316,60
2.421982222,60
6.11989568,60
5.70469428,60
-0.470125707,60
4.204862729,60
4.547729463,60
6.837888313,60
4.57076044,60
5.800336628,60
4.244033223,60
6.027914596,60
4.427917062,60
2.496946811,60
3.545438458,60
2.570271053,60
5.269800666,60
3.717175202,60
6.593022377,60
5.436921691,60
3.999078886,60
5.641784236,60
5.750469997,60
4.674678997,60
1.982112113,60
5.623657235,60
5.837870213,60
4.746178061,60
5.69374452,60
4.973369789,60
7.356689558,60
2.845664763,60
4.052336766,60
1.959624875,60
3.254973592,60
5.66292016,60
5.99599965,60
5.254811711,60
5.551133606,60
5.901648949,60
4.816014658,60
6.162999717,60
5.946098955,60
6.273044551,60
6.631451123,60
3.283273192,60
6.016757543,60
5.361106034,60
3.928217458,60
3.879429066,60
4.35822026,60
3.854138728,60
1.04481771,60
6.205685167,60
4.479234039,60
4.970529359,60
5.601090041,60
4.86676335,60
0.681953478,60
2.40321336,60
3.05525047,60
3.685377541,60
5.713251559,60
6.493615786,60
5.512877309,60
5.569578539,60
5.032188158,60
7.510442332,60
2.46020005,60
3.812725547,60
3.564375706,60
5.896775303,60
3.613717895,60
6.07889013,60
4.701580335,60
1.760273253,60
1.627025264,60
4.079466982,60
1.806867944,60
3.178653829,60
0.838513928,60
4.799343936,60
6.22198321,60
7.090867653,60
3.41720775,60
5.466847072,60
5.317978915,60
4.869971828,60
5.558097506,60
3.453956632,60
6.483217073,60
5.562493671,60
4.726851457,60
4.97998772,60
6.408641252,60
2.898573539,60
4.905741701,60
2.32945028,60
6.994280381,60
4.945756546,60
4.313635078,60
4.52105904,60
6.04171159,60
6.025241016,60
6.994033622,60
4.347096296,60
5.638223359,60
3.548554495,60
4.596744131,60
3.200900287,60
5.951151447,60
5.965170757,60
6.10825269,60
4.543366853,60
6.713964719,60
5.29050733,60
5.92718409,60
5.04962436,60
8.480976845,60
2.247356937,60
4.809586245,60
2.991378633,60
3.856607457,60
5.157168094,60
5.998947656,60
3.962663728,60
4.932992954,60
8.237220776,60
1.004098809,60
5.154564232,60
5.583477206,60
6.279413336,60
3.877030013,60
3.36791178,60
4.942590198,60
6.821559543,60
1.983238324,60
3.823667286,60
5.751629249,60
5.77990591,60
5.208770485,60
4.889015217,60
5.689493865,60
5.307439074,60
4.150757759,60
6.591655396,60
2.260978234,60
3.731537165,60
6.214379496,60
4.45083178,60
4.802053979,60
5.716124968,60
1.544730106,60
6.538537666,60
5.840849892,60
6.115971111,60
5.220635805,60
6.447406938,60
5.336391399,60
8.784636681,60
4.612024237,60
6.728059605,60
4.774877034,60
2.515816399,60
1.983582658,60
3.618792119,60
2.875957319,60
4.214547537,60
3.741740866,60
5.634269034,60
5.014528057,60
7.11839105,60
6.542406702,60
3.514274174,60
3.412335581,60
5.553566145,60
5.550388844,60
5.983811589,60
3.946606342,60
2.754930953,60
3.945205936,60
2.59158999,60
5.655432361,60
5.041988677,60
6.224609643,60
4.521151817,60
4.87716447,60
4.046280643,60
4.26131877,60
6.157116887,60
7.260269987,60
3.051934649,60
5.650282629,60
6.181075741,60
5.730746982,60
3.761542138,60
4.487918778,60
3.398171058,60
4.163134573,60
4.758570288,60
3.607135248,60
4.704066126,60
5.942442672,60
4.407184904,60
4.311767845,60
8.03696889,60
5.31369662,60
3.853932402,60
1.827593458,60
3.815220868,60
4.548751442,60
5.86206154,60
4.522172461,60
6.951062576,60
5.733876722,60
4.656015703,60
8.071694962,60
5.491435658,60
3.816161435,60
4.868997871,60
3.260037215,60
3.747565948,60
7.143267433,60
2.359751306,60
4.354192462,60
0.221090664,60
4.331118551,60
5.756092863,60
4.634325512,60
5.269740611,60
3.237773885,60
6.795583168,60
7.187607488,60
7.775721168,60
5.076345576,60
3.886171702,60
5.352287095,60
3.875065769,60
2.02770926,60
2.667375062,60
4.821213763,60
3.879864067,60
7.872301899,60
7.886410496,60
5.767227917,60
4.300104409,60
6.391847079,60
5.142901875,60
6.20381807,60
5.608791346,60
6.341491258,60
4.636965232,60
2.843548297,60
7.06252391,60
6.786857335,60
3.513468928,60
1.650168106,60
7.516089896,60
4.681799576,60
3.721673584,60
1.957838668,60
3.324389893,60
0.552334882,60
4.085382197,60
3.372784951,60
5.896370206,60
4.599008818,60
6.081643719,60
5.878690347,60
5.702064335,60
3.261174658,60
5.665545091,60
3.783821621,60
7.477072867,60
2.786336371,60
5.865826074,60
5.647587521,60
4.394925831,60
4.385907416,60
6.664104285,60
1.583932286,60
4.844815143,60
7.032742149,60
8.380580295,60
6.655848209,60
6.794415849,60
3.432102692,60
3.379537593,60
4.198454449,60
4.073578367,60
5.005465398,60
1.852273982,60
3.759898368,60
3.495178239,60
