log(MSE-PCA-components),comp,log(MSE-PCA-50-components),log(MSE-PCA-55-components),log(MSE-PCA-60-components)
5.191764853,40,,,
2.97792404,40,,,
6.271113869,40,,,
5.431071394,40,,,
4.586307641,40,,,
5.727231579,40,,,
0.362140935,40,,,
6.614379784,40,,,
6.647863983,40,,,
5.885892548,40,,,
6.619731738,40,,,
6.142668625,40,,,
6.507702318,40,,,
5.110890392,40,,,
3.446355178,40,,,
5.846640691,40,,,
5.773591202,40,,,
4.201039789,40,,,
0.599988463,40,,,
5.528991391,40,,,
6.703416108,40,,,
6.308720468,40,,,
5.47207556,40,,,
5.659529958,40,,,
7.37515662,40,,,
4.16976705,40,,,
6.096224991,40,,,
6.016838326,40,,,
5.128332786,40,,,
7.862161688,40,,,
6.505433617,40,,,
8.393174525,40,,,
3.370860552,40,,,
4.073742192,40,,,
5.978711143,40,,,
5.712237485,40,,,
3.54238114,40,,,
8.501006277,40,,,
5.602686332,40,,,
6.949337258,40,,,
6.770691514,40,,,
6.879958282,40,,,
6.420049103,40,,,
5.998499111,40,,,
4.178739685,40,,,
4.364680982,40,,,
6.296863547,40,,,
5.729556363,40,,,
7.919620549,40,,,
6.395893759,40,,,
7.178329137,40,,,
6.144712186,40,,,
4.754876232,40,,,
6.177005765,40,,,
6.579027667,40,,,
2.589898216,40,,,
6.278061723,40,,,
8.894767121,40,,,
3.938884627,40,,,
2.618331861,40,,,
7.195192757,40,,,
6.369831114,40,,,
6.005716598,40,,,
6.511656584,40,,,
6.520438185,40,,,
5.10669537,40,,,
6.647480468,40,,,
8.117391324,40,,,
6.45737544,40,,,
4.966114476,40,,,
6.33208119,40,,,
3.55149456,40,,,
7.830260972,40,,,
4.563229224,40,,,
5.052179684,40,,,
6.592257979,40,,,
7.488172283,40,,,
6.244956402,40,,,
2.142432961,40,,,
5.799733087,40,,,
6.626826475,40,,,
6.596900365,40,,,
5.426680761,40,,,
6.262957201,40,,,
3.767951819,40,,,
7.145511887,40,,,
6.507849913,40,,,
4.415409221,40,,,
7.58597006,40,,,
6.500536597,40,,,
4.655943623,40,,,
4.00804621,40,,,
6.673592992,40,,,
5.955881406,40,,,
4.541726118,40,,,
5.315909291,40,,,
5.886193758,40,,,
3.869151055,40,,,
6.549581606,40,,,
5.20158213,40,,,
5.826948133,40,,,
3.939902821,40,,,
6.811491379,40,,,
5.150507005,40,,,
6.297030662,40,,,
7.518409065,40,,,
5.496744141,40,,,
3.015503934,40,,,
8.62823487,40,,,
5.487782057,40,,,
5.863484472,40,,,
4.192462114,40,,,
8.449382856,40,,,
5.44479611,40,,,
7.016976758,40,,,
5.982433988,40,,,
4.894923629,40,,,
5.343090408,40,,,
7.635476178,40,,,
6.237293679,40,,,
9.355897017,40,,,
7.360771216,40,,,
6.881565994,40,,,
6.284102362,40,,,
4.958579198,40,,,
5.772061597,40,,,
8.706665618,40,,,
7.944612295,40,,,
7.323889003,40,,,
6.220615773,40,,,
3.888608933,40,,,
4.746242199,40,,,
3.891032447,40,,,
5.982153642,40,,,
5.857287281,40,,,
3.592851778,40,,,
6.918934954,40,,,
7.859938914,40,,,
4.01526782,40,,,
7.331041099,40,,,
4.676151009,40,,,
6.682917942,40,,,
5.241052459,40,,,
4.274754613,40,,,
3.052994315,40,,,
6.025711531,40,,,
6.450280573,40,,,
6.990439884,40,,,
6.226851626,40,,,
5.52553306,40,,,
5.538069843,40,,,
7.168248569,40,,,
6.759298515,40,,,
6.778116899,40,,,
6.999122871,40,,,
6.026406667,40,,,
5.126558873,40,,,
5.991930213,40,,,
6.271128463,40,,,
5.000601912,40,,,
4.394382843,40,,,
4.517399188,40,,,
6.336464586,40,,,
6.046450058,40,,,
4.00640502,40,,,
7.673983004,40,,,
7.271391622,40,,,
5.346880222,40,,,
7.560562534,40,,,
7.653106336,40,,,
7.787992995,40,,,
4.100044231,40,,,
4.006909178,40,,,
4.663248917,40,,,
4.989074983,40,,,
6.9271168,40,,,
4.063850694,40,,,
6.882261549,40,,,
6.363419468,40,,,
4.942085483,40,,,
7.928682939,40,,,
4.151987904,40,,,
4.665317758,40,,,
5.438435372,40,,,
4.307632373,40,,,
7.491281162,40,,,
5.460253431,40,,,
7.947835974,40,,,
6.259303237,40,,,
4.224690988,40,,,
5.802373685,40,,,
5.621120976,40,,,
8.746351438,40,,,
3.996404712,40,,,
7.318240511,40,,,
4.312952902,40,,,
7.119877564,40,,,
5.375827714,40,,,
5.029795549,40,,,
6.518448943,40,,,
3.246759795,40,,,
7.270865809,40,,,
7.517099702,40,,,
6.829395231,40,,,
5.389189055,40,,,
7.700633002,40,,,
5.050285313,40,,,
5.376036468,40,,,
3.305139751,40,,,
5.22874054,40,,,
4.819471045,40,,,
8.716620286,40,,,
4.849913849,40,,,
8.708529066,40,,,
4.912931413,40,,,
4.047162944,40,,,
4.282548215,40,,,
5.027425812,40,,,
6.31296077,40,,,
6.560904789,40,,,
5.140550027,40,,,
3.252571708,40,,,
6.032244768,40,,,
5.591018295,40,,,
1.940044504,40,,,
6.724992298,40,,,
6.399772418,40,,,
2.281582069,40,,,
4.745283284,40,,,
2.834445853,40,,,
5.119561588,40,,,
2.719545964,40,,,
3.291355449,40,,,
8.289565798,40,,,
5.269864406,40,,,
7.424842966,40,,,
8.227191198,40,,,
5.643896795,40,,,
7.829766811,40,,,
6.675774038,40,,,
3.788633577,40,,,
5.172526412,40,,,
8.985444688,40,,,
5.754051115,40,,,
6.412697128,40,,,
4.526605369,40,,,
7.285075225,40,,,
5.71332431,40,,,
8.116448765,40,,,
5.765233195,40,,,
3.459260995,40,,,
1.999127795,40,,,
5.291718186,40,,,
6.149842012,40,,,
5.467744163,40,,,
1.910340165,40,,,
5.234981003,40,,,
7.24569033,40,,,
8.140540815,40,,,
5.586325619,40,,,
4.46538743,40,,,
6.141762283,40,,,
4.575795966,40,,,
2.613288475,40,,,
6.696298409,40,,,
7.238162648,40,,,
6.094799017,40,,,
6.022493519,40,,,
5.100572549,40,,,
7.511097787,40,,,
5.15687293,40,,,
7.367460249,40,,,
6.833601473,40,,,
7.022112844,40,,,
6.625498891,40,,,
6.198573273,40,,,
5.14971155,40,,,
7.071071343,40,,,
6.835140728,40,,,
5.686066554,40,,,
2.917198157,40,,,
2.884366382,40,,,
5.562243439,40,,,
4.027135377,40,,,
6.434421036,40,,,
4.634229323,40,,,
5.097485644,40,,,
5.501428721,40,,,
5.414954387,40,,,
6.704770853,40,,,
5.931999074,40,,,
5.757260421,40,,,
1.074676988,40,,,
5.371639922,40,,,
7.590670042,40,,,
5.240917934,40,,,
7.158400078,40,,,
2.512522935,40,,,
5.285836159,40,,,
3.498410324,40,,,
4.874035233,40,,,
3.269396726,40,,,
4.074492434,40,,,
3.382601576,40,,,
6.616651935,40,,,
5.622846963,40,,,
6.528446481,40,,,
3.205626822,40,,,
7.615595831,40,,,
4.757228573,40,,,
6.453741391,40,,,
6.570126426,40,,,
2.772302579,40,,,
7.257214844,40,,,
3.567808472,40,,,
5.375274593,40,,,
4.875324511,40,,,
7.323438854,40,,,
5.686919958,40,,,
6.063029471,40,,,
4.276282456,40,,,
6.480123006,40,,,
7.42584355,40,,,
8.117185681,40,,,
8.375024116,40,,,
4.862454477,40,,,
4.466156262,40,,,
4.643549404,40,,,
5.433476633,40,,,
4.263240856,40,,,
4.366367211,40,,,
6.841312651,40,,,
8.26113973,40,,,
6.127434699,40,,,
6.987574272,40,,,
6.329925151,40,,,
7.440787264,40,,,
5.539020383,40,,,
6.509230478,40,,,
2.184338083,40,,,
6.175635348,40,,,
6.89477261,40,,,
6.230977295,40,,,
7.080513224,40,,,
5.424376203,40,,,
4.675614315,40,,,
6.35674671,40,,,
5.682105325,40,,,
6.490593815,40,,,
4.347560546,40,,,
6.087866106,40,,,
6.453559829,40,,,
3.883557721,40,,,
2.423018963,40,,,
3.908415432,40,,,
7.176665502,40,,,
6.892971239,40,,,
5.198540783,40,,,
7.026851173,40,,,
2.772022079,40,,,
6.068182089,40,,,
5.07779137,40,,,
4.762328337,40,,,
7.384219451,40,,,
4.659374309,40,,,
7.972471009,40,,,
6.729369959,40,,,
3.254234485,40,,,
3.096523344,40,,,
7.319233198,40,,,
3.82357994,40,,,
5.43569477,40,,,
7.605452608,40,,,
6.774853832,40,,,
7.408001335,40,,,
6.255109817,40,,,
4.992117729,40,,,
3.757307235,40,,,
2.97210793,40,,,
5.499078563,40,,,
6.341511177,40,,,
5.104842534,40,,,
2.912345357,40,,,
7.520077871,40,,,
3.062642391,40,,,
3.908869846,40,,,
4.12046205,40,,,
4.947181688,40,,,
5.383829194,40,,,
8.867001878,40,,,
9.23080179,40,,,
6.224739131,40,,,
5.076965118,40,,,
7.081135179,40,,,
7.757471525,40,,,
5.895249822,40,,,
7.704911406,40,,,
4.082336824,40,,,
7.510298839,40,,,
4.17178661,40,,,
5.656559373,40,,,
3.655452654,40,,,
2.069462257,40,,,
7.194044857,40,,,
5.906594223,40,,,
3.662688776,40,,,
5.45822994,40,,,
4.433858295,40,,,
7.158451322,40,,,
7.323716844,40,,,
5.445725176,40,,,
3.126728546,40,,,
5.743965007,40,,,
4.338050998,40,,,
2.972835723,40,,,
4.625757435,40,,,
5.076118174,40,,,
4.63161357,40,,,
8.706523404,40,,,
4.37060299,40,,,
5.803972419,40,,,
4.404281012,40,,,
5.275891647,40,,,
4.000894656,40,,,
4.711631505,40,,,
4.627136322,40,,,
5.531251457,40,,,
1.113941179,40,,,
3.280261875,40,,,
5.370854254,40,,,
5.469887272,40,,,
4.953219674,40,,,
4.188276108,40,,,
8.160342725,40,,,
7.265054778,40,,,
6.103731059,40,,,
5.264108724,40,,,
7.013535621,40,,,
7.342334126,40,,,
6.675266188,40,,,
4.579319665,40,,,
6.67914663,40,,,
5.276596737,40,,,
7.075542851,40,,,
7.44091728,40,,,
7.514685874,40,,,
4.566587453,40,,,
7.310539,40,,,
3.842940975,40,,,
5.504729253,40,,,
7.274802828,40,,,
6.265419621,40,,,
5.159440729,40,,,
6.618916797,40,,,
7.785238524,40,,,
7.271745209,40,,,
7.008479548,40,,,
6.822770644,40,,,
5.556001448,40,,,
6.039551724,40,,,
6.816753847,40,,,
6.420957136,40,,,
3.973225356,40,,,
0.470846322,40,,,
6.781481803,40,,,
6.822862605,40,,,
4.95030546,40,,,
6.430483184,40,,,
6.621308568,40,,,
5.80675683,40,,,
5.577229501,40,,,
6.8382553,40,,,
3.307675153,40,,,
5.098403119,40,,,
4.602197786,40,,,
6.10539625,40,,,
4.858649695,40,,,
6.266322044,40,,,
7.291323412,40,,,
6.778071195,40,,,
5.50941873,40,,,
0.623836549,40,,,
4.564313064,40,,,
7.087638117,40,,,
5.087229209,40,,,
6.513631762,40,,,
3.313253952,40,,,
4.260446378,40,,,
5.637133819,40,,,
5.970155667,40,,,
3.308292094,40,,,
6.180305423,40,,,
5.964517104,40,,,
5.640276948,40,,,
5.268159829,40,,,
3.239233,40,,,
3.400616871,40,,,
4.010645509,40,,,
6.044127947,40,,,
7.012932831,40,,,
5.051631297,40,,,
2.913282841,40,,,
4.665664974,40,,,
3.929557881,40,,,
2.436762677,40,,,
5.713014579,40,,,
6.549602323,40,,,
5.808255115,40,,,
6.882771606,40,,,
6.235632029,40,,,
7.288250273,40,,,
2.800540469,40,,,
6.799763623,40,,,
6.099010117,40,,,
6.110682439,40,,,
4.888687638,40,,,
6.643588647,40,,,
3.890680222,40,,,
6.368192473,40,,,
0.920456846,40,,,
6.337731396,40,,,
6.71577314,40,,,
5.208291585,40,,,
5.596626253,40,,,
2.819998467,40,,,
5.738637385,40,,,
6.095827655,40,,,
5.089117477,40,,,
5.5117803,40,,,
6.182159527,40,,,
4.308471553,40,,,
6.650938749,40,,,
7.179649606,40,,,
8.343811843,40,,,
3.876595042,40,,,
5.048279883,40,,,
3.729262754,40,,,
6.159559948,40,,,
3.79801792,40,,,
5.056164454,40,,,
6.488949789,40,,,
8.145063073,40,,,
6.931767341,40,,,
5.416057677,40,,,
3.479905346,40,,,
7.039039843,40,,,
5.676772249,40,,,
5.816632346,40,,,
8.46582555,40,,,
8.651745908,40,,,
4.29906816,40,,,
6.013640874,40,,,
6.405995542,40,,,
5.526768949,40,,,
4.777742581,40,,,
5.430213598,40,,,
3.525895921,40,,,
3.900277662,40,,,
8.234628589,40,,,
6.698784029,40,,,
5.68333513,40,,,
4.309144893,40,,,
7.249631057,40,,,
5.187316585,40,,,
5.823367181,40,,,
6.898630646,40,,,
5.160301972,40,,,
8.322879255,40,,,
4.287739262,40,,,
6.096552698,40,,,
3.598180172,40,,,
3.610233507,40,,,
5.816811752,40,,,
4.076948126,40,,,
6.935071757,40,,,
5.130833218,40,,,
4.833949074,40,,,
6.321491919,40,,,
4.976687439,40,,,
4.472887664,40,,,
3.79301833,40,,,
4.854333118,40,,,
5.662147884,40,,,
7.167674058,40,,,
5.236029972,40,,,
5.759365976,40,,,
7.614752514,40,,,
6.69679882,40,,,
8.353945639,40,,,
3.232129283,40,,,
4.581024192,40,,,
7.389826919,40,,,
5.165114028,40,,,
7.301642904,40,,,
6.847156545,40,,,
7.796603012,40,,,
6.513940999,40,,,
4.819968342,40,,,
6.568298282,40,,,
7.829570305,40,,,
5.310495339,40,,,
4.333187193,40,,,
3.800836019,40,,,
5.167217533,40,,,
2.939310139,40,,,
4.679043625,40,,,
8.362361048,40,,,
6.243624222,40,,,
3.767999401,40,,,
5.062271552,40,,,
5.965062464,40,,,
5.192896831,40,,,
6.077853639,40,,,
4.338010537,40,,,
5.674939026,40,,,
8.219838242,40,,,
3.550362597,40,,,
5.224690717,40,,,
5.026909316,40,,,
4.377642534,40,,,
5.678620894,40,,,
4.657222584,40,,,
7.325251934,40,,,
3.699132498,40,,,
5.606069172,40,,,
6.238395463,40,,,
6.894463878,40,,,
3.940918497,40,,,
5.950303663,40,,,
6.14236658,40,,,
5.588550808,40,,,
5.44062766,40,,,
6.983359049,40,,,
5.24859738,40,,,
4.090260867,40,,,
4.311248186,40,,,
4.433824791,40,,,
8.409548636,40,,,
3.284510852,40,,,
7.435371788,40,,,
8.589008439,40,,,
4.466065079,40,,,
8.135629498,40,,,
8.638569863,40,,,
5.780781662,40,,,
4.336606953,40,,,
1.362937145,40,,,
6.704705071,40,,,
7.474270187,40,,,
6.160167767,40,,,
5.47412322,40,,,
5.873544349,40,,,
3.772658155,40,,,
6.322602414,40,,,
6.461170276,40,,,
5.637543018,40,,,
6.015100172,40,,,
7.268618575,40,,,
4.096673645,40,,,
4.686543842,40,,,
4.849494331,40,,,
7.901830987,40,,,
5.885213242,40,,,
7.029474973,40,,,
4.7702177,40,,,
3.369679671,40,,,
5.4276323,40,,,
2.812204545,40,,,
5.123909573,40,,,
6.81669027,40,,,
5.351921047,40,,,
3.12469995,40,,,
6.51136508,40,,,
5.995605627,40,,,
6.311407148,40,,,
4.099299258,40,,,
3.666125745,40,,,
5.30814917,40,,,
6.601768965,40,,,
8.593553972,40,,,
8.918983187,40,,,
8.090456928,40,,,
5.674896778,40,,,
3.581951141,40,,,
6.191072087,40,,,
4.953336885,40,,,
5.680420937,40,,,
6.282492295,40,,,
7.978188913,40,,,
6.003467871,40,,,
6.296137259,40,,,
3.226693091,40,,,
3.884940821,40,,,
6.244160501,40,,,
6.015167454,40,,,
6.188649091,40,,,
6.411932214,40,,,
6.161265941,40,,,
5.635709394,40,,,
6.066981142,40,,,
2.081803862,40,,,
5.830430183,40,,,
6.184229712,40,,,
6.717936037,40,,,
8.382350204,40,,,
5.801175574,40,,,
5.200119637,40,,,
7.266534575,40,,,
5.007662231,40,,,
5.167619828,40,,,
6.230244638,40,,,
5.199193213,40,,,
3.596651943,40,,,
6.315201069,40,,,
7.183611722,40,,,
6.639327604,40,,,
9.266289207,40,,,
5.700984425,40,,,
5.321170535,40,,,
6.86989273,40,,,
4.087194478,40,,,
2.895664395,40,,,
7.280647151,40,,,
4.805758162,40,,,
7.393969332,40,,,
6.524170299,40,,,
5.349853898,40,,,
6.782491979,40,,,
4.200439138,40,,,
6.314878683,40,,,
4.930771827,40,,,
6.514188442,40,,,
7.355910694,40,,,
4.791982858,40,,,
6.743770612,40,,,
2.26429888,40,,,
4.213764035,40,,,
7.274462291,40,,,
7.694314595,40,,,
8.266042072,40,,,
7.986806022,40,,,
3.218425284,40,,,
5.938782864,40,,,
6.171269308,40,,,
6.291214084,40,,,
6.720416825,40,,,
2.165295601,40,,,
3.409116282,40,,,
3.695912995,40,,,
5.917381599,40,,,
7.201430647,40,,,
6.664576211,40,,,
4.579570481,40,,,
6.668640364,40,,,
6.554816024,40,,,
6.992353157,40,,,
4.949084709,40,,,
5.968188353,40,,,
5.64552982,40,,,
5.52365352,40,,,
5.15864156,40,,,
7.655953552,40,,,
4.832198394,40,,,
5.794311995,40,,,
3.906496287,40,,,
4.147188485,40,,,
5.986526226,40,,,
2.347391327,40,,,
9.327364424,40,,,
8.317643579,40,,,
5.708565431,40,,,
7.995197689,40,,,
4.526616263,40,,,
9.49358769,40,,,
7.373799722,40,,,
7.370221398,40,,,
6.436036239,40,,,
4.140841343,40,,,
5.898721359,40,,,
3.994192356,40,,,
4.598885218,40,,,
8.56915491,40,,,
5.646573472,40,,,
4.749676952,40,,,
4.806286159,40,,,
6.479802826,40,,,
8.709407066,40,,,
5.407016229,40,,,
6.436750465,40,,,
5.678628248,40,,,
7.542558248,40,,,
5.084112778,40,,,
6.612600613,40,,,
4.618633228,40,,,
8.044325998,40,,,
7.887645036,40,,,
3.611147181,40,,,
5.094218152,40,,,
4.916867635,40,,,
6.648338966,40,,,
4.083417515,40,,,
6.348027203,40,,,
5.910785686,40,,,
7.245663829,40,,,
5.433940733,40,,,
6.155544892,40,,,
7.886790489,40,,,
5.307942753,40,,,
6.69176729,40,,,
4.119240605,40,,,
8.788258966,40,,,
6.378520504,40,,,
3.564635764,40,,,
4.65153242,40,,,
6.584817779,40,,,
5.127968377,40,,,
7.478517187,40,,,
5.529334321,40,,,
5.380887349,40,,,
4.896291771,40,,,
7.450842085,40,,,
6.5497018,40,,,
5.368487066,40,,,
5.80054553,40,,,
6.268669322,40,,,
4.800549279,40,,,
3.20706193,40,,,
5.351542567,40,,,
6.723774265,40,,,
7.160235001,40,,,
4.274326033,40,,,
6.311560495,40,,,
3.804842665,40,,,
4.173427149,40,,,
1.76226849,40,,,
4.351427099,40,,,
5.93143898,40,,,
8.445732132,40,,,
6.25327174,40,,,
4.110633197,40,,,
6.129610639,40,,,
5.722252261,40,,,
8.025748091,40,,,
7.132066776,40,,,
4.086965977,40,,,
7.549150598,40,,,
6.382789215,40,,,
6.165333543,40,,,
4.021028755,40,,,
6.831970668,40,,,
3.720442407,40,,,
3.992395624,40,,,
4.299669783,40,,,
9.349175464,40,,,
6.197167524,40,,,
2.863025387,40,,,
5.297942006,40,,,
6.208501509,40,,,
5.15628911,40,,,
7.388422843,40,,,
3.312255987,40,,,
4.166835776,40,,,
1.132584706,40,,,
3.322104676,40,,,
8.932817681,40,,,
4.885217521,40,,,
5.129030302,40,,,
7.605924807,40,,,
3.887526174,40,,,
6.19585971,40,,,
5.939783404,40,,,
7.44597115,40,,,
5.161724565,40,,,
7.775230966,40,,,
4.08019334,40,,,
6.749619859,40,,,
9.210709443,40,,,
4.253608663,40,,,
7.43950349,40,,,
3.298778048,40,,,
5.056133934,40,,,
4.876019795,40,,,
6.10945108,40,,,
3.315363844,40,,,
7.407247275,40,,,
1.944710525,40,,,
6.984267272,40,,,
6.064840595,40,,,
4.933067929,40,,,
7.341774924,40,,,
4.316397227,40,,,
6.422345124,40,,,
8.413948295,40,,,
4.522832761,40,,,
5.818814107,40,,,
7.547586641,40,,,
6.358480129,40,,,
6.74098688,40,,,
6.041350745,40,,,
4.127401132,40,,,
3.532459763,40,,,
4.561516542,40,,,
7.242113619,40,,,
5.701595229,40,,,
1.743993027,40,,,
7.014657597,40,,,
4.84515273,40,,,
5.220642237,40,,,
5.080530726,40,,,
8.007863138,40,,,
7.486102064,40,,,
5.555024249,40,,,
4.507707545,40,,,
6.824784246,40,,,
5.088175719,40,,,
6.702975366,40,,,
7.646323474,40,,,
3.944777782,40,,,
6.209722802,40,,,
5.304316866,40,,,
3.531385969,40,,,
7.786056908,40,,,
3.088480553,40,,,
4.563259775,40,,,
6.951494985,40,,,
6.383238307,40,,,
4.576696738,40,,,
3.385123451,40,,,
6.474307942,40,,,
5.222181418,40,,,
5.606181108,40,,,
4.987098126,40,,,
6.110970138,40,,,
2.074445179,40,,,
3.779701818,40,,,
7.196870288,40,,,
4.916645836,40,,,
4.620572805,40,,,
7.336556683,40,,,
5.8994059,40,,,
6.543268179,40,,,
3.765611517,40,,,
7.077349743,40,,,
6.349864534,40,,,
6.264573748,40,,,
8.215509751,40,,,
5.946969573,40,,,
6.744519037,40,,,
7.463426337,40,,,
2.723565405,40,,,
4.397403672,40,,,
7.361676817,40,,,
7.130429836,40,,,
4.85088878,40,,,
7.254078605,40,,,
5.635687888,40,,,
7.788905769,40,,,
5.689301812,40,,,
4.863928879,40,,,
6.241042714,40,,,
4.485325223,40,,,
9.009428861,40,,,
8.881927599,40,,,
6.895435191,40,,,
4.685528443,40,,,
7.848507497,40,,,
7.112229172,40,,,
7.621162664,40,,,
6.178452906,40,,,
5.021382692,40,,,
5.783184061,40,,,
2.574961651,40,,,
4.186010275,40,,,
6.468532139,40,,,
3.772674292,40,,,
2.247410149,40,,,
2.478066445,40,,,
6.026240481,40,,,
4.477223408,40,,,
7.689629049,40,,,
5.866929432,40,,,
4.607300027,40,,,
6.582334261,40,,,
5.940567862,40,,,
4.368650794,40,,,
5.750988297,40,,,
6.571569372,40,,,
6.287302055,40,,,
8.029823166,40,,,
6.594751601,40,,,
6.472994642,40,,,
6.160800273,40,,,
7.155956099,40,,,
7.273604317,40,,,
7.060932834,40,,,
7.039615281,40,,,
5.729462674,40,,,
5.861459166,40,,,
4.239590574,40,,,
5.407997389,40,,,
5.016164414,45,,,
2.766890527,45,,,
6.222009534,45,,,
5.320649004,45,,,
4.445199814,45,,,
5.636170768,45,,,
0.103686752,45,,,
6.569838429,45,,,
6.580180782,45,,,
5.777603947,45,,,
6.541242741,45,,,
6.066019472,45,,,
6.483684103,45,,,
5.051291943,45,,,
3.230014125,45,,,
5.73502233,45,,,
5.709583234,45,,,
3.955103483,45,,,
0.385636846,45,,,
5.495643749,45,,,
6.567394183,45,,,
6.210248297,45,,,
5.346611061,45,,,
5.570856542,45,,,
7.315784957,45,,,
3.813887978,45,,,
6.032939148,45,,,
5.837835073,45,,,
5.079826727,45,,,
7.757269962,45,,,
6.449851732,45,,,
8.383510884,45,,,
3.226429015,45,,,
3.910919186,45,,,
5.924357382,45,,,
5.521369605,45,,,
3.308106214,45,,,
8.513792246,45,,,
5.441736448,45,,,
6.916324431,45,,,
6.609973281,45,,,
6.782184738,45,,,
6.375061289,45,,,
5.888788473,45,,,
4.190524808,45,,,
4.301630004,45,,,
6.246747607,45,,,
5.587714714,45,,,
7.925095284,45,,,
6.32153193,45,,,
7.17865826,45,,,
5.988733809,45,,,
4.761262818,45,,,
6.197716324,45,,,
6.496239477,45,,,
2.297481761,45,,,
6.247830498,45,,,
8.888476995,45,,,
3.750856347,45,,,
2.146878842,45,,,
7.195294435,45,,,
6.338022843,45,,,
5.918342827,45,,,
6.508273183,45,,,
6.46058299,45,,,
4.969508077,45,,,
6.558806043,45,,,
8.045454577,45,,,
6.298080044,45,,,
4.997188767,45,,,
6.338244224,45,,,
3.51865213,45,,,
7.807354675,45,,,
4.543099483,45,,,
4.91560244,45,,,
6.497358244,45,,,
7.408847798,45,,,
6.122596671,45,,,
1.650270649,45,,,
5.501064374,45,,,
6.591549372,45,,,
6.529992582,45,,,
5.324104068,45,,,
6.260871065,45,,,
3.679748615,45,,,
7.093089553,45,,,
6.450671707,45,,,
4.084522209,45,,,
7.539923935,45,,,
6.304974298,45,,,
4.364271988,45,,,
3.719456521,45,,,
6.628674012,45,,,
5.789077618,45,,,
4.404926035,45,,,
5.131286482,45,,,
5.761569463,45,,,
3.78216962,45,,,
6.462683325,45,,,
5.133141587,45,,,
5.772887902,45,,,
3.748519489,45,,,
6.775185826,45,,,
5.066321559,45,,,
6.212529004,45,,,
7.528562894,45,,,
5.402125714,45,,,
2.643999842,45,,,
8.571727606,45,,,
5.419068405,45,,,
5.776459348,45,,,
4.136124838,45,,,
8.442640845,45,,,
5.339121685,45,,,
6.948018431,45,,,
5.855212171,45,,,
4.719978968,45,,,
5.239655829,45,,,
7.162768548,45,,,
6.110377586,45,,,
9.307232545,45,,,
7.337872487,45,,,
6.848043291,45,,,
6.257039939,45,,,
4.851454794,45,,,
5.722513421,45,,,
8.664454462,45,,,
7.920765204,45,,,
6.98385896,45,,,
6.132965143,45,,,
3.797630669,45,,,
4.586202211,45,,,
3.648615442,45,,,
5.896899844,45,,,
5.7041054,45,,,
3.424097031,45,,,
6.881472697,45,,,
7.801079209,45,,,
3.500099403,45,,,
7.344662976,45,,,
4.522312878,45,,,
6.599873883,45,,,
5.215592748,45,,,
4.202542464,45,,,
2.751435314,45,,,
5.911423588,45,,,
6.371993505,45,,,
6.954036777,45,,,
6.082494123,45,,,
5.540639116,45,,,
5.317019634,45,,,
7.021565903,45,,,
6.705061672,45,,,
6.666799339,45,,,
6.994739756,45,,,
5.866474109,45,,,
5.158176129,45,,,
5.981543055,45,,,
6.167638458,45,,,
4.985757051,45,,,
4.230199044,45,,,
4.35626916,45,,,
6.332470016,45,,,
6.05037973,45,,,
3.835909286,45,,,
7.613907394,45,,,
7.289457922,45,,,
5.254794578,45,,,
7.489712813,45,,,
7.55921794,45,,,
7.671387338,45,,,
3.939343819,45,,,
3.874003109,45,,,
4.652298814,45,,,
4.829166767,45,,,
6.870674472,45,,,
3.836063391,45,,,
6.841896437,45,,,
6.371449204,45,,,
4.864142191,45,,,
7.892547707,45,,,
4.005229422,45,,,
4.552393441,45,,,
5.445730772,45,,,
4.170172373,45,,,
7.448056774,45,,,
5.383433103,45,,,
7.9191049,45,,,
6.142432219,45,,,
4.051861902,45,,,
5.748604661,45,,,
5.507157882,45,,,
8.708408003,45,,,
3.715757638,45,,,
7.243567715,45,,,
4.06706597,45,,,
7.036849897,45,,,
5.197186108,45,,,
4.874113945,45,,,
6.553378935,45,,,
2.96722146,45,,,
7.210104146,45,,,
7.465483938,45,,,
6.844815219,45,,,
5.398805573,45,,,
7.675504686,45,,,
4.972413341,45,,,
5.357796744,45,,,
3.057807761,45,,,
5.226117082,45,,,
4.697214095,45,,,
8.667697749,45,,,
4.741656346,45,,,
8.699228379,45,,,
4.760071099,45,,,
3.992402383,45,,,
4.132610559,45,,,
4.845208183,45,,,
6.25680056,45,,,
6.509281687,45,,,
5.070185311,45,,,
3.062315526,45,,,
5.951061088,45,,,
5.481278634,45,,,
1.654509653,45,,,
6.651225652,45,,,
6.339175388,45,,,
2.093609575,45,,,
4.558206623,45,,,
2.548721547,45,,,
5.054613922,45,,,
2.52987774,45,,,
3.159587819,45,,,
8.272055941,45,,,
5.113947082,45,,,
7.385932278,45,,,
8.167189635,45,,,
5.582623538,45,,,
7.82752717,45,,,
6.649721049,45,,,
3.570301358,45,,,
5.060384994,45,,,
8.953433417,45,,,
5.701991728,45,,,
6.329917727,45,,,
4.345884993,45,,,
7.306773042,45,,,
5.403460566,45,,,
8.069329429,45,,,
5.672267809,45,,,
3.047759323,45,,,
1.781688994,45,,,
5.069901955,45,,,
6.15218823,45,,,
5.2452911,45,,,
1.670473181,45,,,
5.126559326,45,,,
7.130758244,45,,,
8.156234965,45,,,
5.44855894,45,,,
4.274443285,45,,,
5.924340778,45,,,
4.563898433,45,,,
2.448640349,45,,,
6.626123571,45,,,
7.158662941,45,,,
5.982830811,45,,,
5.952057122,45,,,
4.978643581,45,,,
7.456381273,45,,,
4.927927057,45,,,
7.234960092,45,,,
6.758370401,45,,,
6.987517495,45,,,
6.505845572,45,,,
6.116547634,45,,,
4.893510954,45,,,
7.051306843,45,,,
6.802849152,45,,,
5.541786396,45,,,
2.740638194,45,,,
2.249027724,45,,,
5.451852732,45,,,
3.850621161,45,,,
6.318366489,45,,,
4.48111558,45,,,
4.958484784,45,,,
5.41133238,45,,,
5.308380017,45,,,
6.72383002,45,,,
5.788859393,45,,,
5.677617902,45,,,
0.72641631,45,,,
5.280573127,45,,,
7.517412955,45,,,
5.077694915,45,,,
7.095342856,45,,,
2.224846223,45,,,
5.228967403,45,,,
3.32301422,45,,,
4.726346168,45,,,
3.12074955,45,,,
4.032987552,45,,,
2.850827506,45,,,
6.555545666,45,,,
5.533330141,45,,,
6.502688811,45,,,
3.053056274,45,,,
7.581970251,45,,,
4.642118427,45,,,
6.380636523,45,,,
6.453179872,45,,,
2.651481141,45,,,
7.211525157,45,,,
3.374274157,45,,,
5.257918952,45,,,
4.850859898,45,,,
7.215414104,45,,,
5.514847729,45,,,
5.949706322,45,,,
4.19303693,45,,,
6.444268625,45,,,
7.384039849,45,,,
8.14407645,45,,,
8.337734165,45,,,
4.621587867,45,,,
4.213977286,45,,,
4.474596017,45,,,
5.379485422,45,,,
4.019774338,45,,,
4.271434588,45,,,
6.768151128,45,,,
8.271859811,45,,,
6.169176178,45,,,
6.933809076,45,,,
6.246265787,45,,,
7.350914605,45,,,
5.470294247,45,,,
6.424142892,45,,,
1.904988422,45,,,
6.150790802,45,,,
6.873910794,45,,,
6.247786571,45,,,
6.99122335,45,,,
5.378980422,45,,,
4.583394431,45,,,
6.298952444,45,,,
5.541663305,45,,,
6.455211399,45,,,
4.082492787,45,,,
5.95110609,45,,,
6.390637675,45,,,
3.733954477,45,,,
2.166133705,45,,,
3.639498906,45,,,
7.195035053,45,,,
6.86602919,45,,,
5.134701357,45,,,
6.95118455,45,,,
2.564856627,45,,,
6.027428336,45,,,
5.009844576,45,,,
4.641688499,45,,,
7.352955463,45,,,
4.491667584,45,,,
7.953833162,45,,,
6.635065082,45,,,
3.006270726,45,,,
2.818203291,45,,,
7.260756224,45,,,
3.656358264,45,,,
5.395862125,45,,,
7.582090324,45,,,
6.776226658,45,,,
7.378645642,45,,,
6.221651836,45,,,
4.92517578,45,,,
3.481893422,45,,,
2.815598568,45,,,
5.3885399,45,,,
6.327970816,45,,,
5.01223781,45,,,
2.850075841,45,,,
7.448175431,45,,,
2.827264504,45,,,
3.760726626,45,,,
3.882483307,45,,,
4.790245846,45,,,
5.343816614,45,,,
8.867390698,45,,,
9.193053663,45,,,
6.176145347,45,,,
4.890509734,45,,,
7.001784273,45,,,
7.74235945,45,,,
5.86684025,45,,,
7.667111864,45,,,
3.970276655,45,,,
7.401981179,45,,,
4.021980361,45,,,
5.565864791,45,,,
3.498119532,45,,,
2.245489507,45,,,
7.135940604,45,,,
5.861203384,45,,,
3.826016761,45,,,
5.305096627,45,,,
4.308858456,45,,,
7.131276847,45,,,
7.310841665,45,,,
5.30574917,45,,,
3.016909192,45,,,
5.506142714,45,,,
4.077377343,45,,,
2.673768686,45,,,
4.507356432,45,,,
4.976884109,45,,,
4.46445959,45,,,
8.632562525,45,,,
4.239617846,45,,,
5.835111807,45,,,
4.189442021,45,,,
5.08469985,45,,,
3.991468705,45,,,
4.545793936,45,,,
4.517592242,45,,,
5.456223715,45,,,
0.816057565,45,,,
3.078363509,45,,,
5.187926707,45,,,
5.386282383,45,,,
4.870294123,45,,,
3.929108573,45,,,
8.121746072,45,,,
7.152815944,45,,,
6.013543713,45,,,
5.194893688,45,,,
6.884680827,45,,,
7.309913871,45,,,
6.64592309,45,,,
4.210506593,45,,,
6.569259747,45,,,
5.185084538,45,,,
7.067145248,45,,,
7.422509717,45,,,
7.508782026,45,,,
4.378301328,45,,,
7.203929621,45,,,
3.678463534,45,,,
5.402387423,45,,,
7.154938112,45,,,
5.895393618,45,,,
4.973348355,45,,,
6.535899552,45,,,
7.743022572,45,,,
7.105933599,45,,,
6.849394446,45,,,
6.831241515,45,,,
5.463714836,45,,,
5.77797214,45,,,
6.757232978,45,,,
6.382935427,45,,,
3.723736919,45,,,
0.230622836,45,,,
6.737588882,45,,,
6.804576711,45,,,
4.86910077,45,,,
6.296110087,45,,,
6.592982703,45,,,
5.801623195,45,,,
5.436502962,45,,,
6.829345623,45,,,
3.09622255,45,,,
5.045952418,45,,,
4.499636044,45,,,
6.093014823,45,,,
4.629492202,45,,,
6.146676882,45,,,
7.311283668,45,,,
6.695932107,45,,,
5.471935501,45,,,
0.257601589,45,,,
4.561496776,45,,,
7.053213855,45,,,
5.001241847,45,,,
6.5014455,45,,,
3.136415953,45,,,
4.078823269,45,,,
5.620017553,45,,,
5.72773902,45,,,
3.18778845,45,,,
6.119998671,45,,,
5.892720262,45,,,
5.398303887,45,,,
5.197739116,45,,,
3.228624901,45,,,
3.184311296,45,,,
3.836974039,45,,,
5.969784305,45,,,
6.911805704,45,,,
4.94167185,45,,,
2.842171299,45,,,
4.53373194,45,,,
3.679434046,45,,,
2.094652717,45,,,
5.572732364,45,,,
6.495752497,45,,,
5.717016157,45,,,
6.858515731,45,,,
6.185793348,45,,,
7.249353992,45,,,
2.554892714,45,,,
6.798982287,45,,,
6.023148801,45,,,
6.075677565,45,,,
4.799563437,45,,,
6.599675562,45,,,
3.740611686,45,,,
6.345862032,45,,,
0.619994187,45,,,
6.257215159,45,,,
6.631223538,45,,,
5.047769442,45,,,
5.479416392,45,,,
2.605572264,45,,,
5.638886468,45,,,
5.959550804,45,,,
5.021952744,45,,,
5.362215004,45,,,
6.123863053,45,,,
4.148242798,45,,,
6.472441333,45,,,
7.115298044,45,,,
8.325158104,45,,,
3.552136384,45,,,
4.202171744,45,,,
3.577399705,45,,,
6.059735321,45,,,
3.685679914,45,,,
4.986769381,45,,,
6.45671408,45,,,
8.138827672,45,,,
6.802408988,45,,,
5.327472915,45,,,
3.022876682,45,,,
6.985225382,45,,,
5.581324795,45,,,
5.720304622,45,,,
8.44092974,45,,,
8.66985523,45,,,
4.232518995,45,,,
5.963318851,45,,,
6.358866064,45,,,
5.434691433,45,,,
4.687457312,45,,,
5.291457727,45,,,
3.388408946,45,,,
3.796029444,45,,,
8.076726093,45,,,
6.688905855,45,,,
5.552049084,45,,,
4.298055938,45,,,
7.221368322,45,,,
5.106672822,45,,,
5.719888944,45,,,
6.894676223,45,,,
5.030112747,45,,,
8.300212283,45,,,
4.149617304,45,,,
6.01045087,45,,,
3.367922296,45,,,
3.44124906,45,,,
5.611759225,45,,,
3.908371327,45,,,
6.896176494,45,,,
5.013098891,45,,,
4.730953092,45,,,
6.260841052,45,,,
4.626414925,45,,,
4.367837817,45,,,
3.659602575,45,,,
4.728507295,45,,,
5.47973914,45,,,
7.089101209,45,,,
5.137245807,45,,,
5.518417534,45,,,
7.57692761,45,,,
6.60515893,45,,,
8.275997191,45,,,
3.046237217,45,,,
4.427642661,45,,,
7.351939997,45,,,
5.002456184,45,,,
7.310018581,45,,,
6.848164621,45,,,
7.77090431,45,,,
6.511708395,45,,,
4.225276359,45,,,
6.549488056,45,,,
7.784482621,45,,,
5.122662957,45,,,
4.113398381,45,,,
3.692780754,45,,,
4.84741122,45,,,
2.73916705,45,,,
4.629917133,45,,,
8.213551682,45,,,
6.14868483,45,,,
3.657689367,45,,,
4.85885419,45,,,
5.948193819,45,,,
5.13466784,45,,,
5.990104675,45,,,
4.261499526,45,,,
5.521954204,45,,,
8.20193589,45,,,
3.414998396,45,,,
5.158559704,45,,,
4.564498384,45,,,
4.219014815,45,,,
5.580908549,45,,,
4.533972825,45,,,
7.213825398,45,,,
3.512677592,45,,,
5.479500606,45,,,
6.204910656,45,,,
6.878502785,45,,,
3.636294754,45,,,
5.744612282,45,,,
6.060902968,45,,,
5.522629241,45,,,
5.085195848,45,,,
6.774050514,45,,,
5.178324889,45,,,
3.896639785,45,,,
4.153167623,45,,,
4.27403412,45,,,
8.274718235,45,,,
3.144811609,45,,,
7.372369695,45,,,
8.566283787,45,,,
4.41268232,45,,,
8.097044445,45,,,
8.643306056,45,,,
5.594942674,45,,,
4.245287501,45,,,
1.069427714,45,,,
6.692279002,45,,,
7.426842225,45,,,
6.10116843,45,,,
5.308199257,45,,,
5.808013492,45,,,
3.577676438,45,,,
6.307657924,45,,,
6.405071974,45,,,
5.542838806,45,,,
5.932751635,45,,,
7.271734139,45,,,
3.571790167,45,,,
4.59706261,45,,,
4.516653937,45,,,
7.770979828,45,,,
5.763001774,45,,,
7.071141854,45,,,
4.709771014,45,,,
3.07185684,45,,,
5.294323041,45,,,
2.600783347,45,,,
4.889636645,45,,,
6.770996901,45,,,
5.171944044,45,,,
2.945443948,45,,,
6.482261531,45,,,
5.889549162,45,,,
6.287309774,45,,,
3.960247708,45,,,
3.530007002,45,,,
5.202787924,45,,,
6.562660904,45,,,
8.544222175,45,,,
8.899191654,45,,,
8.029392357,45,,,
5.646461604,45,,,
3.462940595,45,,,
6.234767329,45,,,
4.940940817,45,,,
5.602991625,45,,,
6.213079037,45,,,
7.933578962,45,,,
5.923818052,45,,,
6.199161283,45,,,
2.974849229,45,,,
3.71793622,45,,,
6.205256771,45,,,
5.735049,45,,,
6.095728366,45,,,
6.390829365,45,,,
6.096261404,45,,,
5.528857083,45,,,
5.89834883,45,,,
2.047375804,45,,,
5.811671073,45,,,
6.075927555,45,,,
6.696487023,45,,,
8.373845067,45,,,
5.770516136,45,,,
5.088496763,45,,,
7.20994758,45,,,
4.872335178,45,,,
5.095792324,45,,,
6.146145155,45,,,
5.153508722,45,,,
3.436297962,45,,,
6.164771327,45,,,
7.132546203,45,,,
6.568599082,45,,,
9.223839342,45,,,
5.499889589,45,,,
5.296855116,45,,,
6.786066622,45,,,
3.790092587,45,,,
2.67973562,45,,,
7.238589014,45,,,
4.672688073,45,,,
7.423482618,45,,,
6.504991703,45,,,
5.277521025,45,,,
6.760747765,45,,,
4.10206841,45,,,
6.086872517,45,,,
4.791101299,45,,,
6.442505664,45,,,
7.28592142,45,,,
4.275651319,45,,,
6.677096683,45,,,
2.04806686,45,,,
4.050069451,45,,,
7.243538802,45,,,
7.633396075,45,,,
8.230818971,45,,,
7.962523687,45,,,
2.897709678,45,,,
5.854314642,45,,,
6.0430568,45,,,
6.075654106,45,,,
6.64500362,45,,,
1.91786283,45,,,
3.158694983,45,,,
3.527654888,45,,,
5.734798836,45,,,
7.085909905,45,,,
6.634563759,45,,,
4.504593707,45,,,
6.649996652,45,,,
6.447910155,45,,,
6.540016901,45,,,
4.830504817,45,,,
5.825475274,45,,,
5.53215077,45,,,
5.376118983,45,,,
5.176720093,45,,,
7.558805671,45,,,
4.652509422,45,,,
5.687697379,45,,,
3.743235908,45,,,
3.971083618,45,,,
5.842980612,45,,,
2.109104706,45,,,
9.322900734,45,,,
8.312200981,45,,,
5.678864967,45,,,
7.955717061,45,,,
4.505928337,45,,,
9.474725796,45,,,
7.371900238,45,,,
7.404338405,45,,,
6.364980768,45,,,
3.959213933,45,,,
5.775480242,45,,,
3.504347051,45,,,
4.38327593,45,,,
8.488976752,45,,,
5.573237283,45,,,
4.724927319,45,,,
4.732526796,45,,,
6.469810146,45,,,
8.626051891,45,,,
5.166457811,45,,,
6.215554275,45,,,
5.603420488,45,,,
7.463321926,45,,,
4.907998771,45,,,
6.542902258,45,,,
4.46544288,45,,,
7.99851018,45,,,
7.8179508,45,,,
3.408499453,45,,,
5.13083854,45,,,
4.800454768,45,,,
6.629163962,45,,,
3.83889792,45,,,
6.270116628,45,,,
5.885659775,45,,,
7.221645535,45,,,
5.312910606,45,,,
6.125144287,45,,,
7.846310301,45,,,
5.12495177,45,,,
6.649060149,45,,,
3.949529451,45,,,
8.790627603,45,,,
6.308858341,45,,,
3.371476406,45,,,
4.578518262,45,,,
6.494036284,45,,,
4.991873659,45,,,
7.467101996,45,,,
5.40626055,45,,,
5.295674029,45,,,
4.883162289,45,,,
7.420520235,45,,,
6.535879146,45,,,
5.252308099,45,,,
5.7732966,45,,,
6.202131078,45,,,
4.722396562,45,,,
2.889323438,45,,,
5.092842874,45,,,
6.739523056,45,,,
7.074050223,45,,,
4.182689642,45,,,
6.202953409,45,,,
3.605393848,45,,,
3.918383351,45,,,
1.39085016,45,,,
4.194305241,45,,,
5.894273273,45,,,
8.4307061,45,,,
6.214323604,45,,,
4.013315566,45,,,
6.031156338,45,,,
5.679651487,45,,,
7.984988484,45,,,
7.166443078,45,,,
3.910632879,45,,,
7.517283557,45,,,
6.284580979,45,,,
6.051370563,45,,,
3.85675776,45,,,
6.745615414,45,,,
3.538106509,45,,,
3.860524419,45,,,
4.079885057,45,,,
9.310349462,45,,,
6.11327899,45,,,
2.759589945,45,,,
5.385437724,45,,,
6.093577658,45,,,
5.027589951,45,,,
7.334467706,45,,,
3.089115911,45,,,
3.963191582,45,,,
0.703741497,45,,,
2.930396723,45,,,
8.914952012,45,,,
4.799662932,45,,,
5.004915435,45,,,
7.603366531,45,,,
3.621256347,45,,,
6.133076001,45,,,
5.798872349,45,,,
7.411551761,45,,,
5.06392051,45,,,
7.747382323,45,,,
3.925109307,45,,,
6.716183958,45,,,
9.180469238,45,,,
4.091056743,45,,,
7.414537684,45,,,
2.998218651,45,,,
4.922541789,45,,,
4.523299382,45,,,
6.017535604,45,,,
3.161991529,45,,,
7.366967977,45,,,
1.683488771,45,,,
6.934823266,45,,,
5.957617465,45,,,
4.799157945,45,,,
7.238681694,45,,,
4.241982117,45,,,
6.366323381,45,,,
8.409080659,45,,,
4.372761818,45,,,
5.745552945,45,,,
7.420416144,45,,,
6.192335778,45,,,
6.674965649,45,,,
5.925928295,45,,,
3.953219832,45,,,
3.480268689,45,,,
4.504896705,45,,,
7.206276101,45,,,
5.57375863,45,,,
1.521666081,45,,,
6.776765401,45,,,
4.706775154,45,,,
5.062101222,45,,,
5.053422446,45,,,
7.992148768,45,,,
7.462615348,45,,,
5.411689716,45,,,
4.390515776,45,,,
6.679523598,45,,,
4.929715058,45,,,
6.669429307,45,,,
7.60143292,45,,,
3.744137637,45,,,
6.250204628,45,,,
5.232583796,45,,,
3.353343973,45,,,
7.771230826,45,,,
2.76435619,45,,,
4.361847399,45,,,
6.865866921,45,,,
6.246268773,45,,,
4.41705355,45,,,
3.155088324,45,,,
6.426032343,45,,,
5.12354382,45,,,
5.588732346,45,,,
4.895529869,45,,,
5.983615526,45,,,
1.847385886,45,,,
3.628047029,45,,,
7.110972188,45,,,
4.789184163,45,,,
4.587288945,45,,,
7.320642856,45,,,
5.808195092,45,,,
6.389905045,45,,,
3.478907706,45,,,
7.011187914,45,,,
6.368306999,45,,,
6.244945832,45,,,
8.139801374,45,,,
5.800803781,45,,,
6.646525675,45,,,
7.400546303,45,,,
2.685690046,45,,,
4.193819567,45,,,
7.316081007,45,,,
7.040179843,45,,,
4.722030216,45,,,
7.221573783,45,,,
5.545022282,45,,,
7.755100802,45,,,
5.532410457,45,,,
4.831522329,45,,,
6.202158548,45,,,
4.244537355,45,,,
8.937595735,45,,,
8.819072363,45,,,
6.817929381,45,,,
4.676145324,45,,,
7.814367193,45,,,
7.018145386,45,,,
7.593927776,45,,,
6.156393614,45,,,
4.932868606,45,,,
5.436081598,45,,,
2.257876326,45,,,
3.997402446,45,,,
6.247074993,45,,,
3.667502766,45,,,
1.988946487,45,,,
2.332117525,45,,,
5.965203536,45,,,
4.447388017,45,,,
7.665483549,45,,,
5.823395929,45,,,
4.401161916,45,,,
6.48589056,45,,,
5.786489945,45,,,
4.137981682,45,,,
5.65668979,45,,,
6.297848943,45,,,
6.240873674,45,,,
8.019431645,45,,,
6.554600764,45,,,
6.445296819,45,,,
6.08179924,45,,,
7.045217867,45,,,
7.21679148,45,,,
6.995538981,45,,,
6.952472071,45,,,
5.806599934,45,,,
5.768245796,45,,,
4.091617407,45,,,
5.339279512,45,,,
4.907025519,50,,,
2.495566389,50,,,
6.127765686,50,,,
5.111516217,50,,,
4.327989623,50,,,
5.559930969,50,,,
-0.16310432,50,,,
6.476989922,50,,,
6.567560479,50,,,
5.718078349,50,,,
6.48489176,50,,,
6.007887557,50,,,
6.496531856,50,,,
5.064344978,50,,,
2.903460001,50,,,
5.747165396,50,,,
5.645483669,50,,,
3.841204717,50,,,
0.168748721,50,,,
5.34959351,50,,,
6.482215948,50,,,
6.200214664,50,,,
5.207925621,50,,,
5.499596799,50,,,
7.232095945,50,,,
3.729385847,50,,,
5.979147023,50,,,
5.797900279,50,,,
5.096781259,50,,,
7.726349957,50,,,
6.367402111,50,,,
8.324702207,50,,,
3.068921244,50,,,
3.668612051,50,,,
5.806705436,50,,,
5.294620892,50,,,
3.231209124,50,,,
8.506726525,50,,,
5.329192521,50,,,
6.90049049,50,,,
6.547352452,50,,,
6.716017322,50,,,
6.335718113,50,,,
5.797972078,50,,,
4.091853517,50,,,
4.137461529,50,,,
6.267924051,50,,,
5.48061222,50,,,
7.932660872,50,,,
6.248683804,50,,,
7.193555772,50,,,
5.878161057,50,,,
4.645603238,50,,,
6.174819035,50,,,
6.421987643,50,,,
1.93446181,50,,,
6.18127823,50,,,
8.871745831,50,,,
3.601642638,50,,,
1.776222937,50,,,
7.188644841,50,,,
6.316571181,50,,,
5.833506822,50,,,
6.488539376,50,,,
6.472359879,50,,,
4.865000867,50,,,
6.447427611,50,,,
7.99858901,50,,,
6.121631354,50,,,
5.146851272,50,,,
6.290754129,50,,,
3.28466688,50,,,
7.870229107,50,,,
4.342849011,50,,,
4.82212372,50,,,
6.374192441,50,,,
7.358988508,50,,,
6.032605766,50,,,
1.626716365,50,,,
5.262856994,50,,,
6.509239956,50,,,
6.513538386,50,,,
5.197661833,50,,,
6.180729519,50,,,
3.537788435,50,,,
7.081737462,50,,,
6.422790409,50,,,
3.733739306,50,,,
7.515901428,50,,,
6.096800339,50,,,
4.362375077,50,,,
3.451947468,50,,,
6.612753391,50,,,
5.755972131,50,,,
4.300227577,50,,,
5.006421411,50,,,
5.629425511,50,,,
3.669973603,50,,,
6.40858349,50,,,
4.983021495,50,,,
5.740156996,50,,,
3.605091083,50,,,
6.73771407,50,,,
4.972756876,50,,,
6.112888205,50,,,
7.546107308,50,,,
5.334840388,50,,,
2.220065234,50,,,
8.554505984,50,,,
5.242811818,50,,,
5.667581201,50,,,
3.966576848,50,,,
8.432631438,50,,,
5.256184403,50,,,
6.936001423,50,,,
5.766093499,50,,,
4.628656851,50,,,
5.147991417,50,,,
6.615564441,50,,,
5.941647174,50,,,
9.272882288,50,,,
7.306142286,50,,,
6.8102631,50,,,
6.242845773,50,,,
4.732331444,50,,,
5.591608242,50,,,
8.621580551,50,,,
7.914515096,50,,,
6.8690545,50,,,
6.122583354,50,,,
3.698258399,50,,,
4.446337977,50,,,
3.393182458,50,,,
5.848118212,50,,,
5.666059037,50,,,
3.229520265,50,,,
6.856319489,50,,,
7.763956672,50,,,
3.432154471,50,,,
7.269318798,50,,,
4.409064488,50,,,
6.521846765,50,,,
4.957029522,50,,,
3.958937341,50,,,
2.494699193,50,,,
5.879114149,50,,,
6.356796268,50,,,
6.932029981,50,,,
5.922232002,50,,,
5.549981762,50,,,
5.305032138,50,,,
6.933777172,50,,,
6.601007826,50,,,
6.563420503,50,,,
6.914799744,50,,,
5.777002031,50,,,
4.926308963,50,,,
5.945637603,50,,,
6.101895556,50,,,
4.882060209,50,,,
4.051681979,50,,,
4.1007136,50,,,
6.215184653,50,,,
6.021809757,50,,,
3.587323,50,,,
7.532149839,50,,,
7.296563694,50,,,
5.185732655,50,,,
7.432004874,50,,,
7.466797974,50,,,
7.609924527,50,,,
3.763281306,50,,,
3.71528145,50,,,
4.473343185,50,,,
4.70064806,50,,,
6.737835716,50,,,
3.793177126,50,,,
6.734501337,50,,,
6.325775604,50,,,
4.744505322,50,,,
7.861881012,50,,,
3.848142471,50,,,
4.46663852,50,,,
5.465176583,50,,,
4.009884527,50,,,
7.396750958,50,,,
5.403799716,50,,,
7.874072036,50,,,
6.040824319,50,,,
3.995642635,50,,,
5.719706094,50,,,
5.413164102,50,,,
8.664420888,50,,,
3.568220009,50,,,
7.199854974,50,,,
3.851077955,50,,,
6.835271705,50,,,
5.113593084,50,,,
4.633028336,50,,,
6.520057112,50,,,
2.673800267,50,,,
7.152535079,50,,,
7.410108634,50,,,
6.842667421,50,,,
5.281025781,50,,,
7.617286315,50,,,
4.89191703,50,,,
5.251708853,50,,,
2.793925849,50,,,
5.089468493,50,,,
4.546288163,50,,,
8.61213353,50,,,
4.717543924,50,,,
8.670822336,50,,,
4.68014066,50,,,
3.942577429,50,,,
3.964318864,50,,,
4.795610829,50,,,
6.10776815,50,,,
6.45859521,50,,,
4.985538336,50,,,
2.983641653,50,,,
5.915061774,50,,,
5.347945251,50,,,
1.371765963,50,,,
6.598034334,50,,,
6.254013221,50,,,
1.71790304,50,,,
4.522125706,50,,,
2.229844078,50,,,
4.921689007,50,,,
2.318165899,50,,,
2.909398712,50,,,
8.247694414,50,,,
5.019462996,50,,,
7.358669142,50,,,
8.127980333,50,,,
5.562426828,50,,,
7.795518354,50,,,
6.595779222,50,,,
3.390613514,50,,,
4.98248625,50,,,
8.93136119,50,,,
5.6735246,50,,,
6.256991354,50,,,
4.262545333,50,,,
7.230468414,50,,,
5.162581922,50,,,
8.050917225,50,,,
5.585777647,50,,,
2.844458438,50,,,
1.561918455,50,,,
4.895418923,50,,,
6.112727172,50,,,
5.17725844,50,,,
1.399237428,50,,,
5.003343761,50,,,
7.107825547,50,,,
8.103414529,50,,,
5.371009209,50,,,
4.155498972,50,,,
5.813083504,50,,,
4.652890355,50,,,
2.276947973,50,,,
6.525438988,50,,,
7.093925621,50,,,
5.841852667,50,,,
5.945119941,50,,,
4.849235912,50,,,
7.336061157,50,,,
4.777103961,50,,,
7.072637933,50,,,
6.728855991,50,,,
6.97386406,50,,,
6.437351228,50,,,
6.045024803,50,,,
4.693466049,50,,,
7.032713062,50,,,
6.75858272,50,,,
5.449043917,50,,,
2.449010786,50,,,
1.564089086,50,,,
5.355617304,50,,,
3.696877702,50,,,
6.262617114,50,,,
4.323998046,50,,,
4.917086258,50,,,
5.349148091,50,,,
5.207240591,50,,,
6.680056768,50,,,
5.681283228,50,,,
5.601878705,50,,,
0.314940821,50,,,
5.138067535,50,,,
7.424230238,50,,,
4.980989872,50,,,
7.059054861,50,,,
1.943463573,50,,,
5.219899607,50,,,
3.160354321,50,,,
4.573257506,50,,,
2.930847827,50,,,
3.933166011,50,,,
1.625119367,50,,,
6.49889971,50,,,
5.431017811,50,,,
6.508951544,50,,,
2.848330366,50,,,
7.566451691,50,,,
4.472247913,50,,,
6.353049191,50,,,
6.342153763,50,,,
2.558154947,50,,,
7.152796298,50,,,
3.180053909,50,,,
5.166680105,50,,,
4.751369547,50,,,
7.179445871,50,,,
5.297131284,50,,,
5.794273247,50,,,
3.963694234,50,,,
6.453975986,50,,,
7.35666702,50,,,
8.027035602,50,,,
8.313759394,50,,,
4.395472853,50,,,
4.20073162,50,,,
4.335888742,50,,,
5.309481017,50,,,
3.653159534,50,,,
3.940403669,50,,,
6.716413111,50,,,
8.299857085,50,,,
6.14752523,50,,,
6.9249206,50,,,
6.232864474,50,,,
7.30276425,50,,,
5.434690767,50,,,
6.352135597,50,,,
1.005166012,50,,,
6.079037274,50,,,
6.812608974,50,,,
6.143255988,50,,,
6.942968306,50,,,
5.234683791,50,,,
4.420427365,50,,,
6.239768548,50,,,
5.477457624,50,,,
6.380630681,50,,,
3.89345943,50,,,
5.856224935,50,,,
6.371969856,50,,,
3.552878322,50,,,
1.921874375,50,,,
3.739918848,50,,,
7.227746513,50,,,
6.754854309,50,,,
5.013785438,50,,,
6.899625412,50,,,
2.343846932,50,,,
5.972742597,50,,,
4.89515772,50,,,
4.512983586,50,,,
7.340694801,50,,,
4.455910986,50,,,
7.905225707,50,,,
6.616983906,50,,,
2.758183206,50,,,
2.344542185,50,,,
7.220951997,50,,,
3.485369734,50,,,
5.221542914,50,,,
7.561119843,50,,,
6.737674893,50,,,
7.305372945,50,,,
6.08160161,50,,,
4.823619386,50,,,
3.271788687,50,,,
2.56394412,50,,,
5.344526849,50,,,
6.251975794,50,,,
4.910172703,50,,,
2.554366162,50,,,
7.440482067,50,,,
2.614702206,50,,,
3.656358658,50,,,
3.65747092,50,,,
4.684944632,50,,,
5.215417206,50,,,
8.826670829,50,,,
9.137675316,50,,,
6.105846998,50,,,
4.88121699,50,,,
6.944111325,50,,,
7.730362328,50,,,
5.866868768,50,,,
7.658539994,50,,,
3.731991427,50,,,
7.396399837,50,,,
3.846792513,50,,,
5.469502955,50,,,
3.342266481,50,,,
2.146452623,50,,,
7.071418744,50,,,
5.779524189,50,,,
3.687463581,50,,,
5.24541611,50,,,
4.189932598,50,,,
7.092860231,50,,,
7.271744955,50,,,
5.259164736,50,,,
2.990316021,50,,,
5.391169875,50,,,
3.94640792,50,,,
2.491284785,50,,,
4.408502934,50,,,
4.886102656,50,,,
4.220866833,50,,,
8.584489214,50,,,
4.100084689,50,,,
5.741067901,50,,,
4.024201443,50,,,
4.935392442,50,,,
3.746966104,50,,,
4.516155183,50,,,
4.267642339,50,,,
5.372096485,50,,,
0.64544209,50,,,
2.857044088,50,,,
5.042757051,50,,,
5.319196729,50,,,
4.777989982,50,,,
3.720928336,50,,,
8.107177,50,,,
6.995779207,50,,,
5.977823769,50,,,
5.053483555,50,,,
6.797872427,50,,,
7.242556493,50,,,
6.590103901,50,,,
3.895670547,50,,,
6.494953347,50,,,
5.083849319,50,,,
7.033379306,50,,,
7.3669234,50,,,
7.494590445,50,,,
4.108837621,50,,,
7.149084802,50,,,
3.517648965,50,,,
5.276066328,50,,,
7.061836551,50,,,
5.724889575,50,,,
4.767376147,50,,,
6.344186448,50,,,
7.70057972,50,,,
6.994870363,50,,,
6.686799122,50,,,
6.70232383,50,,,
5.370903212,50,,,
5.714851409,50,,,
6.726482488,50,,,
6.333398873,50,,,
3.467465325,50,,,
1.120421676,50,,,
6.661339106,50,,,
6.726170975,50,,,
4.756602418,50,,,
6.12160292,50,,,
6.550821578,50,,,
5.669847248,50,,,
5.311830615,50,,,
6.782954532,50,,,
2.847759953,50,,,
4.97206916,50,,,
4.308128654,50,,,
6.07105864,50,,,
4.532394217,50,,,
6.12571905,50,,,
7.284325738,50,,,
6.635062417,50,,,
5.359128308,50,,,
-0.037086761,50,,,
4.450469555,50,,,
7.018986776,50,,,
4.814336876,50,,,
6.499342119,50,,,
2.969276843,50,,,
3.896805571,50,,,
5.521953289,50,,,
5.679075927,50,,,
3.109996212,50,,,
6.061591394,50,,,
5.778651346,50,,,
5.27448849,50,,,
4.993492426,50,,,
3.073435775,50,,,
2.987389925,50,,,
3.737621298,50,,,
5.888656111,50,,,
6.847917816,50,,,
4.714427944,50,,,
2.678133241,50,,,
4.314259029,50,,,
3.901326043,50,,,
1.856072898,50,,,
5.410827328,50,,,
6.42441603,50,,,
5.629012702,50,,,
6.845548299,50,,,
6.029339307,50,,,
7.204072632,50,,,
2.321463987,50,,,
6.821870487,50,,,
5.917994248,50,,,
5.965106018,50,,,
4.702055358,50,,,
6.493116068,50,,,
3.396408917,50,,,
6.339072055,50,,,
0.331102008,50,,,
6.235700667,50,,,
6.572244982,50,,,
4.975939339,50,,,
5.385263447,50,,,
2.396584933,50,,,
5.550162253,50,,,
5.835278921,50,,,
4.883039215,50,,,
5.240166522,50,,,
6.048570592,50,,,
4.015757077,50,,,
6.363267506,50,,,
7.089058696,50,,,
8.315392861,50,,,
3.389517498,50,,,
3.54544198,50,,,
3.439910709,50,,,
5.999515131,50,,,
3.514755558,50,,,
4.883129008,50,,,
6.339695366,50,,,
8.11414919,50,,,
6.728211173,50,,,
5.212622456,50,,,
2.08187807,50,,,
6.952141943,50,,,
5.450993135,50,,,
5.65742479,50,,,
8.420286361,50,,,
8.661874355,50,,,
3.860820938,50,,,
5.687624808,50,,,
6.277811366,50,,,
5.384763525,50,,,
4.542848931,50,,,
5.159942634,50,,,
3.233567783,50,,,
3.617851825,50,,,
8.054211462,50,,,
6.654007433,50,,,
5.469463801,50,,,
4.125382274,50,,,
7.228811035,50,,,
4.939422968,50,,,
5.63773772,50,,,
6.878017442,50,,,
4.886309562,50,,,
8.288866584,50,,,
4.017165999,50,,,
5.946372192,50,,,
3.245337784,50,,,
3.315258538,50,,,
5.498741457,50,,,
3.747031251,50,,,
6.855728893,50,,,
4.972087979,50,,,
4.605337866,50,,,
6.171462927,50,,,
4.419550165,50,,,
4.314070823,50,,,
3.571081875,50,,,
4.624205391,50,,,
5.349688382,50,,,
7.012690042,50,,,
5.003944053,50,,,
5.393035469,50,,,
7.568735374,50,,,
6.511527216,50,,,
8.211257145,50,,,
2.838266473,50,,,
4.275706899,50,,,
7.297447786,50,,,
5.02451356,50,,,
7.295580589,50,,,
6.814316033,50,,,
7.778793612,50,,,
6.477806037,50,,,
4.086803535,50,,,
6.467528448,50,,,
7.730586255,50,,,
5.077293968,50,,,
4.06732075,50,,,
3.599654353,50,,,
4.466987928,50,,,
2.535739404,50,,,
4.468097899,50,,,
8.110052316,50,,,
6.024143528,50,,,
3.535379858,50,,,
4.772375239,50,,,
5.893243966,50,,,
5.125763895,50,,,
5.901441688,50,,,
4.215835946,50,,,
5.370194431,50,,,
8.183247809,50,,,
3.311724927,50,,,
5.035210792,50,,,
4.261250763,50,,,
4.048552828,50,,,
5.448098423,50,,,
4.401133473,50,,,
7.171934372,50,,,
3.332781998,50,,,
5.391996717,50,,,
6.203002562,50,,,
6.802908886,50,,,
3.437041676,50,,,
5.701348026,50,,,
5.985585291,50,,,
5.401714309,50,,,
4.700809485,50,,,
6.48276586,50,,,
5.063450029,50,,,
3.734210068,50,,,
4.007727062,50,,,
4.105393225,50,,,
8.110524011,50,,,
3.016692552,50,,,
7.36524846,50,,,
8.550207398,50,,,
4.210828288,50,,,
8.054124823,50,,,
8.634783001,50,,,
5.536633198,50,,,
4.118463131,50,,,
0.770703137,50,,,
6.616131018,50,,,
7.406917874,50,,,
6.024124145,50,,,
5.274565449,50,,,
5.53246497,50,,,
3.353165216,50,,,
6.273442055,50,,,
6.358058352,50,,,
5.413697955,50,,,
5.777955847,50,,,
7.233484195,50,,,
3.32103781,50,,,
4.423034952,50,,,
4.040897997,50,,,
7.6540884,50,,,
5.742169525,50,,,
6.97429112,50,,,
4.624867642,50,,,
2.843771247,50,,,
5.233408985,50,,,
2.386825708,50,,,
4.867615788,50,,,
6.730624062,50,,,
4.975072312,50,,,
2.767578941,50,,,
6.418839613,50,,,
5.757680229,50,,,
6.242641578,50,,,
3.827207702,50,,,
3.331255836,50,,,
5.061579808,50,,,
6.569843756,50,,,
8.50307613,50,,,
8.890963317,50,,,
7.996809091,50,,,
5.560114019,50,,,
3.234134789,50,,,
6.219444984,50,,,
4.747588271,50,,,
5.593012241,50,,,
6.107656725,50,,,
7.876273567,50,,,
5.874682316,50,,,
6.14561138,50,,,
2.734988171,50,,,
3.523395479,50,,,
6.116413618,50,,,
5.402012235,50,,,
6.134357232,50,,,
6.400610338,50,,,
6.032705155,50,,,
5.401916421,50,,,
5.774485959,50,,,
1.722405226,50,,,
5.747233043,50,,,
5.918301704,50,,,
6.716068835,50,,,
8.350423801,50,,,
5.723584803,50,,,
4.900270279,50,,,
7.145326428,50,,,
4.756557171,50,,,
5.011512087,50,,,
6.069178178,50,,,
5.008281044,50,,,
3.261799905,50,,,
5.941618665,50,,,
7.05184689,50,,,
6.530424343,50,,,
9.204750099,50,,,
5.354275932,50,,,
5.20666957,50,,,
6.677945903,50,,,
3.499405303,50,,,
2.468501869,50,,,
7.207240354,50,,,
4.514493542,50,,,
7.421732398,50,,,
6.35515605,50,,,
5.195183594,50,,,
6.710493985,50,,,
3.822812168,50,,,
5.902760649,50,,,
4.73708855,50,,,
6.407135475,50,,,
7.247318252,50,,,
3.524488675,50,,,
6.556849446,50,,,
1.825476203,50,,,
3.828484152,50,,,
7.182522912,50,,,
7.522391921,50,,,
8.171614079,50,,,
7.915224754,50,,,
2.720936782,50,,,
5.72657867,50,,,
5.984989927,50,,,
5.929593364,50,,,
6.556966169,50,,,
1.680906558,50,,,
2.88498704,50,,,
3.372694942,50,,,
5.600991738,50,,,
7.071113656,50,,,
6.515334197,50,,,
4.563909723,50,,,
6.591221999,50,,,
6.317634899,50,,,
6.209414122,50,,,
4.755219449,50,,,
5.785897337,50,,,
5.324455095,50,,,
5.235802269,50,,,
4.970789703,50,,,
7.481261942,50,,,
4.56003545,50,,,
5.576856589,50,,,
3.387386837,50,,,
3.860161923,50,,,
5.756387993,50,,,
1.894760483,50,,,
9.301855136,50,,,
8.31338656,50,,,
5.606750298,50,,,
7.846128286,50,,,
4.096539164,50,,,
9.455429003,50,,,
7.320869514,50,,,
7.430542406,50,,,
6.310583922,50,,,
3.859530776,50,,,
5.673464624,50,,,
3.410821937,50,,,
4.352091791,50,,,
8.418700204,50,,,
5.461589873,50,,,
4.566197245,50,,,
4.566176461,50,,,
6.457715875,50,,,
8.566601698,50,,,
5.04256553,50,,,
6.058278079,50,,,
5.549377593,50,,,
7.393109612,50,,,
4.761546432,50,,,
6.496323523,50,,,
4.304144065,50,,,
7.979199764,50,,,
7.782988355,50,,,
3.17701824,50,,,
5.093826585,50,,,
4.694112059,50,,,
6.616410583,50,,,
3.618654631,50,,,
6.220097429,50,,,
5.85908453,50,,,
7.183745002,50,,,
5.277841676,50,,,
6.026194168,50,,,
7.80192682,50,,,
5.028813387,50,,,
6.640322188,50,,,
3.69368357,50,,,
8.788957468,50,,,
6.300682534,50,,,
3.18813783,50,,,
4.366411965,50,,,
6.384369544,50,,,
4.768368557,50,,,
7.439634067,50,,,
5.356917451,50,,,
5.212994848,50,,,
4.702615148,50,,,
7.303846788,50,,,
6.464591702,50,,,
5.071999341,50,,,
5.636762688,50,,,
6.133050506,50,,,
4.466672169,50,,,
2.713707387,50,,,
5.049298613,50,,,
6.685410588,50,,,
7.00965128,50,,,
4.00021116,50,,,
5.995992587,50,,,
3.398833037,50,,,
3.777913879,50,,,
0.967861393,50,,,
4.031817634,50,,,
5.852234663,50,,,
8.406072595,50,,,
6.133566537,50,,,
3.886214918,50,,,
5.935102226,50,,,
5.590573712,50,,,
7.951868054,50,,,
7.146428473,50,,,
3.752035981,50,,,
7.445771913,50,,,
6.174919984,50,,,
6.032712842,50,,,
3.726406108,50,,,
6.61528973,50,,,
3.352838567,50,,,
3.612391568,50,,,
3.881943465,50,,,
9.29214271,50,,,
5.802070247,50,,,
2.519327586,50,,,
5.333649736,50,,,
5.858580528,50,,,
4.908731074,50,,,
7.293342193,50,,,
2.871488152,50,,,
3.752883298,50,,,
0.28511148,50,,,
2.634884074,50,,,
8.897740231,50,,,
4.689739517,50,,,
4.839288692,50,,,
7.597000731,50,,,
3.485184093,50,,,
6.101044781,50,,,
5.752690439,50,,,
7.399795927,50,,,
4.989165201,50,,,
7.7588832,50,,,
3.805232907,50,,,
6.685649893,50,,,
9.187922644,50,,,
3.927630852,50,,,
7.349297735,50,,,
2.870261568,50,,,
4.834310613,50,,,
4.029558886,50,,,
5.92938325,50,,,
3.006273745,50,,,
7.337644558,50,,,
1.471456763,50,,,
6.878826819,50,,,
5.815271921,50,,,
4.728195398,50,,,
7.193837455,50,,,
4.122307623,50,,,
6.250527882,50,,,
8.405899958,50,,,
4.251051307,50,,,
5.673114394,50,,,
7.307131596,50,,,
6.112535527,50,,,
6.638545939,50,,,
5.689900297,50,,,
3.769837857,50,,,
3.080818301,50,,,
4.400304165,50,,,
7.173582333,50,,,
5.483942456,50,,,
1.315887417,50,,,
6.693352484,50,,,
4.565065256,50,,,
5.0654356,50,,,
4.96472343,50,,,
7.994151861,50,,,
7.384219441,50,,,
5.36132519,50,,,
4.498173947,50,,,
6.606144766,50,,,
4.827459491,50,,,
6.638178734,50,,,
7.556607717,50,,,
3.53110461,50,,,
6.220701131,50,,,
5.099272647,50,,,
3.369687545,50,,,
7.732888395,50,,,
2.663885401,50,,,
4.219257475,50,,,
6.83735215,50,,,
6.087826891,50,,,
4.271338503,50,,,
2.985074638,50,,,
6.293521347,50,,,
5.062004401,50,,,
5.496043696,50,,,
4.782664181,50,,,
6.084489194,50,,,
1.642624385,50,,,
3.565579529,50,,,
7.015886854,50,,,
4.652951162,50,,,
4.399182101,50,,,
7.304021674,50,,,
5.806697727,50,,,
6.34495106,50,,,
3.162462409,50,,,
6.979040589,50,,,
6.295964199,50,,,
6.225351602,50,,,
8.11182905,50,,,
5.733889307,50,,,
6.554961865,50,,,
7.370168942,50,,,
2.615349732,50,,,
4.074821574,50,,,
7.252442797,50,,,
6.975561043,50,,,
4.514509581,50,,,
7.142795327,50,,,
5.535979041,50,,,
7.706147938,50,,,
5.379504837,50,,,
4.830179549,50,,,
6.126725781,50,,,
4.044881984,50,,,
8.894068332,50,,,
8.781971452,50,,,
6.820634088,50,,,
4.576476764,50,,,
7.804817846,50,,,
6.974973493,50,,,
7.580324682,50,,,
6.125559936,50,,,
4.842026296,50,,,
5.35940503,50,,,
1.601382483,50,,,
3.850492975,50,,,
6.110150665,50,,,
3.553315707,50,,,
1.740444223,50,,,
2.053337401,50,,,
5.899806591,50,,,
4.28003982,50,,,
7.640837711,50,,,
5.835533662,50,,,
4.218569972,50,,,
6.416260819,50,,,
5.722301793,50,,,
3.98035253,50,,,
5.63519584,50,,,
6.113622324,50,,,
6.192973341,50,,,
8.011756595,50,,,
6.47619755,50,,,
6.408425267,50,,,
6.028333634,50,,,
6.942578069,50,,,
7.142807486,50,,,
6.930599126,50,,,
6.910927504,50,,,
5.824427441,50,,,
5.739239518,50,,,
3.92938544,50,,,
5.254850119,50,,,
4.753300364,50,,,
2.191254167,50,,,
6.102197746,50,,,
4.841925389,50,,,
4.173437488,50,,,
5.447315263,50,,,
-0.350096116,50,,,
6.417643704,50,,,
6.450198403,50,,,
5.620873168,50,,,
6.406644253,50,,,
5.923322863,50,,,
6.435260194,50,,,
4.912267956,50,,,
2.624371333,50,,,
5.478920325,50,,,
5.560731221,50,,,
3.520345317,50,,,
-0.035583537,50,,,
5.232891163,50,,,
6.396844431,50,,,
6.192346575,50,,,
5.195975734,50,,,
5.412159474,50,,,
7.172424156,50,,,
3.651574142,50,,,
5.952755925,50,,,
5.754012806,50,,,
4.962481768,50,,,
7.629014609,50,,,
6.321107223,50,,,
8.307355484,50,,,
2.911526516,50,,,
3.445512292,50,,,
5.775948975,50,,,
5.222812769,50,,,
3.058111014,50,,,
8.497726061,50,,,
5.290491106,50,,,
6.852964778,50,,,
6.503840452,50,,,
6.586697576,50,,,
6.249192879,50,,,
5.735209941,50,,,
4.118467351,50,,,
4.140900574,50,,,
6.257258557,50,,,
5.413054726,50,,,
7.948560533,50,,,
6.174017439,50,,,
7.181148587,50,,,
5.794155226,50,,,
4.551997171,50,,,
6.153641381,50,,,
6.366593743,50,,,
1.583534622,50,,,
6.129977973,50,,,
8.849758376,50,,,
3.439641551,50,,,
1.588950541,50,,,
7.189130368,50,,,
6.258532901,50,,,
5.797801714,50,,,
6.415390704,50,,,
6.422713655,50,,,
4.68240726,50,,,
6.388627978,50,,,
7.962340351,50,,,
6.118775581,50,,,
4.716957091,50,,,
6.287244049,50,,,
3.192616067,50,,,
7.710805038,50,,,
4.016572982,50,,,
4.72363997,50,,,
6.267619976,50,,,
7.299333619,50,,,
5.910864417,50,,,
1.186152921,50,,,
4.989690755,50,,,
6.448839053,50,,,
6.521118252,50,,,
5.090152022,50,,,
6.122063397,50,,,
3.482062786,50,,,
7.05395576,50,,,
6.397931808,50,,,
3.222074439,50,,,
7.504715848,50,,,
5.91493128,50,,,
4.221169308,50,,,
3.259344046,50,,,
6.579523142,50,,,
5.679787211,50,,,
4.182021255,50,,,
4.81669758,50,,,
5.603470759,50,,,
3.444387176,50,,,
6.404629453,50,,,
4.881559293,50,,,
5.700328386,50,,,
3.445694743,50,,,
6.706061564,50,,,
4.888684995,50,,,
6.047201937,50,,,
7.534060302,50,,,
5.243991734,50,,,
2.148003259,50,,,
8.510785459,50,,,
5.132214915,50,,,
5.59173808,50,,,
3.833243258,50,,,
8.40117149,50,,,
5.177783846,50,,,
6.856083238,50,,,
5.704573279,50,,,
4.418971678,50,,,
5.159456595,50,,,
5.983439728,50,,,
5.738847647,50,,,
9.251817784,50,,,
7.271367119,50,,,
6.773067264,50,,,
6.21412153,50,,,
4.610556654,50,,,
5.558480654,50,,,
8.559267106,50,,,
7.910747442,50,,,
6.507583638,50,,,
6.035631965,50,,,
3.463691999,50,,,
4.30973618,50,,,
3.19186701,50,,,
5.743606853,50,,,
5.546276665,50,,,
3.03316964,50,,,
6.844697416,50,,,
7.726977814,50,,,
3.102031984,50,,,
7.227052415,50,,,
4.325655758,50,,,
6.458240747,50,,,
4.939613017,50,,,
3.867858525,50,,,
2.195014699,50,,,
5.806645275,50,,,
6.306740266,50,,,
6.902220505,50,,,
5.763580794,50,,,
5.380443075,50,,,
5.167549138,50,,,
6.803324744,50,,,
6.588384192,50,,,
6.462817525,50,,,
6.828892882,50,,,
5.644657982,50,,,
4.773713944,50,,,
5.846265224,50,,,
6.00575191,50,,,
4.870230328,50,,,
3.918627733,50,,,
3.931495869,50,,,
6.119034871,50,,,
5.956133607,50,,,
3.376087176,50,,,
7.502164659,50,,,
7.236448345,50,,,
5.098761882,50,,,
7.399224846,50,,,
7.385002962,50,,,
7.503851844,50,,,
3.59965894,50,,,
3.622090274,50,,,
4.324634353,50,,,
4.539200465,50,,,
6.767794905,50,,,
3.378557359,50,,,
6.6757684,50,,,
6.303562842,50,,,
4.721509716,50,,,
7.858376039,50,,,
3.696323526,50,,,
4.362588443,50,,,
5.350720164,50,,,
3.870366198,50,,,
7.299769911,50,,,
5.28912239,50,,,
7.845492047,50,,,
5.999264856,50,,,
3.888043632,50,,,
5.598063483,50,,,
5.278054556,50,,,
8.638998911,50,,,
3.621998919,50,,,
7.181666078,50,,,
3.688283803,50,,,
6.722250953,50,,,
4.988748135,50,,,
4.483620299,50,,,
6.47666646,50,,,
2.658494363,55,,,
7.097919549,55,,,
7.350903104,55,,,
6.858760992,55,,,
5.220605378,55,,,
7.580588995,55,,,
4.796576884,55,,,
5.136252597,55,,,
2.497921262,55,,,
5.025395314,55,,,
4.425403651,55,,,
8.576549083,55,,,
4.703754668,55,,,
8.640832046,55,,,
4.542485902,55,,,
3.864406895,55,,,
3.820103585,55,,,
4.693118852,55,,,
6.036626281,55,,,
6.436383991,55,,,
4.803644882,55,,,
2.865831976,55,,,
5.862236191,55,,,
5.296816989,55,,,
1.092208568,55,,,
6.56400268,55,,,
6.235121682,55,,,
1.487922487,55,,,
4.650531277,55,,,
1.955129604,55,,,
4.871526738,55,,,
2.077805606,55,,,
2.874483882,55,,,
8.245520891,55,,,
4.946933337,55,,,
7.303191752,55,,,
8.086085671,55,,,
5.518973758,55,,,
7.772872987,55,,,
6.550220765,55,,,
3.173933747,55,,,
4.811222589,55,,,
8.889374877,55,,,
5.56626902,55,,,
6.163514337,55,,,
4.10055919,55,,,
7.150698155,55,,,
4.988452279,55,,,
7.994213155,55,,,
5.487195636,55,,,
2.543288409,55,,,
1.336121558,55,,,
4.758434024,55,,,
6.072880049,55,,,
5.153075567,55,,,
1.128732694,55,,,
4.901511671,55,,,
7.116533458,55,,,
8.072089775,55,,,
5.292753209,55,,,
3.883776547,55,,,
5.65231816,55,,,
4.715424135,55,,,
2.08145558,55,,,
6.471091764,55,,,
7.055956862,55,,,
5.797666143,55,,,
5.835950615,55,,,
4.730277408,55,,,
7.271661811,55,,,
4.538594435,55,,,
6.955481281,55,,,
6.582095449,55,,,
6.960188194,55,,,
6.342393998,55,,,
5.974866297,55,,,
4.420780819,55,,,
7.020720126,55,,,
6.726271201,55,,,
5.272058079,55,,,
2.341990068,55,,,
1.08472748,55,,,
5.264531565,55,,,
3.568997421,55,,,
6.204292471,55,,,
4.145557694,55,,,
4.860425052,55,,,
5.301705252,55,,,
5.097835972,55,,,
6.65560404,55,,,
5.573725149,55,,,
5.508252858,55,,,
-0.008981867,55,,,
4.959762518,55,,,
7.384028362,55,,,
4.696780487,55,,,
6.992190416,55,,,
1.616459711,55,,,
4.993749034,55,,,
2.97921322,55,,,
4.420394142,55,,,
2.760432075,55,,,
3.838516987,55,,,
2.027626903,55,,,
6.439111052,55,,,
5.316739168,55,,,
6.461935844,55,,,
2.825484145,55,,,
7.536635728,55,,,
4.485185709,55,,,
6.275260609,55,,,
6.257498499,55,,,
2.474761674,55,,,
7.148213108,55,,,
2.959450414,55,,,
5.089540693,55,,,
4.564817448,55,,,
7.068618565,55,,,
5.182598449,55,,,
5.597655335,55,,,
3.736737308,55,,,
6.421069921,55,,,
7.304046405,55,,,
8.004678851,55,,,
8.294932936,55,,,
4.199791668,55,,,
3.967512683,55,,,
4.28218535,55,,,
5.229303677,55,,,
3.468959842,55,,,
3.929834924,55,,,
6.64779981,55,,,
8.251117499,55,,,
6.125045196,55,,,
6.888617862,55,,,
6.167642616,55,,,
7.232498747,55,,,
5.340410013,55,,,
6.28431113,55,,,
0.517316961,55,,,
6.046023157,55,,,
6.782466625,55,,,
6.096465089,55,,,
6.876455809,55,,,
5.247236067,55,,,
4.206885884,55,,,
6.162106735,55,,,
5.48681981,55,,,
6.345546571,55,,,
3.668990359,55,,,
5.84119499,55,,,
6.276327795,55,,,
3.380103455,55,,,
1.671268149,55,,,
3.418201344,55,,,
7.242030126,55,,,
6.717862906,55,,,
4.916374582,55,,,
6.8625742,55,,,
2.132837954,55,,,
5.918324154,55,,,
4.797543013,55,,,
4.394833565,55,,,
7.297613968,55,,,
4.350393109,55,,,
7.904516771,55,,,
6.588481985,55,,,
2.766750485,55,,,
2.082106369,55,,,
7.183081612,55,,,
3.30815199,55,,,
5.14475399,55,,,
7.533019272,55,,,
6.693296686,55,,,
7.243161797,55,,,
6.028397091,55,,,
4.716534145,55,,,
3.019034253,55,,,
2.25705902,55,,,
5.299112339,55,,,
6.182785998,55,,,
4.809771426,55,,,
2.435943093,55,,,
7.370223647,55,,,
2.376681294,55,,,
3.394451658,55,,,
3.477663143,55,,,
4.4712214,55,,,
5.160301271,55,,,
8.743599101,55,,,
9.052363326,55,,,
6.065196396,55,,,
4.636218943,55,,,
6.937184255,55,,,
7.745890392,55,,,
5.795597005,55,,,
7.634723995,55,,,
3.330492426,55,,,
7.326912637,55,,,
3.601993469,55,,,
5.374216793,55,,,
3.179302999,55,,,
1.913492935,55,,,
7.004160329,55,,,
5.76037636,55,,,
3.596641485,55,,,
5.120215015,55,,,
4.061374152,55,,,
7.065795045,55,,,
7.260479448,55,,,
5.108028024,55,,,
2.924056527,55,,,
5.231019018,55,,,
3.844375163,55,,,
2.230209956,55,,,
4.283972061,55,,,
4.784535437,55,,,
4.139613442,55,,,
8.569889063,55,,,
3.959433987,55,,,
5.649664406,55,,,
3.839634089,55,,,
4.680448803,55,,,
3.697276867,55,,,
4.342358159,55,,,
4.064974061,55,,,
5.288519308,55,,,
0.470979715,55,,,
2.729068006,55,,,
4.78549186,55,,,
5.231878359,55,,,
4.672758955,55,,,
3.35068974,55,,,
8.057022404,55,,,
6.781768907,55,,,
5.877798781,55,,,
4.866661384,55,,,
6.698888542,55,,,
7.196332676,55,,,
6.57198033,55,,,
3.609447039,55,,,
6.425622183,55,,,
4.96209101,55,,,
6.961300052,55,,,
7.362075188,55,,,
7.457500007,55,,,
3.838141166,55,,,
7.091393882,55,,,
3.361649955,55,,,
5.212279609,55,,,
7.018570724,55,,,
5.354849728,55,,,
4.624526319,55,,,
6.238006017,55,,,
7.669916332,55,,,
6.864188598,55,,,
6.534528771,55,,,
6.687871466,55,,,
5.283702033,55,,,
5.578464273,55,,,
6.660978166,55,,,
6.247361487,55,,,
3.393027092,55,,,
1.595414877,55,,,
6.621364487,55,,,
6.653083893,55,,,
4.654257634,55,,,
6.044287496,55,,,
6.524628799,55,,,
5.491696074,55,,,
5.027968136,55,,,
6.731996078,55,,,
2.595928144,55,,,
4.973087302,55,,,
4.263384112,55,,,
6.03982403,55,,,
4.139903853,55,,,
5.95222448,55,,,
7.298360555,55,,,
6.549612627,55,,,
5.245037172,55,,,
-0.262707646,55,,,
4.411289217,55,,,
6.984331781,55,,,
4.842147298,55,,,
6.473846968,55,,,
2.791649153,55,,,
3.756393419,55,,,
5.434661011,55,,,
5.426860112,55,,,
3.130109313,55,,,
6.041307812,55,,,
5.698428865,55,,,
5.103002211,55,,,
4.784533524,55,,,
2.935345279,55,,,
2.858929282,55,,,
3.613302038,55,,,
5.801074978,55,,,
6.716703999,55,,,
4.619267133,55,,,
2.44987768,55,,,
4.131569029,55,,,
3.687928379,55,,,
1.609376875,55,,,
5.363559071,55,,,
6.389385015,55,,,
5.516031717,55,,,
6.850545743,55,,,
5.990186074,55,,,
7.144943888,55,,,
2.082218596,55,,,
6.801005113,55,,,
5.869162808,55,,,
5.920287094,55,,,
4.57976583,55,,,
6.406522801,55,,,
2.985648954,55,,,
6.287581311,55,,,
-0.017035768,55,,,
6.195626656,55,,,
6.525205566,55,,,
4.770501244,55,,,
5.318118348,55,,,
2.162239942,55,,,
5.468056986,55,,,
5.772963181,55,,,
4.743936627,55,,,
5.15511939,55,,,
5.99995157,55,,,
3.882553085,55,,,
6.24787649,55,,,
7.048599691,55,,,
8.310809716,55,,,
3.201228965,55,,,
3.353081429,55,,,
3.285403828,55,,,
5.927550424,55,,,
3.363842968,55,,,
4.745107257,55,,,
6.252240402,55,,,
8.093343722,55,,,
6.689126287,55,,,
5.121439553,55,,,
0.328853127,55,,,
6.94745625,55,,,
5.385015336,55,,,
5.253898725,55,,,
8.400222275,55,,,
8.613743552,55,,,
3.784044318,55,,,
5.503672535,55,,,
6.24321851,55,,,
5.264530854,55,,,
4.427600748,55,,,
4.996775447,55,,,
3.058186992,55,,,
3.419917545,55,,,
8.035609925,55,,,
6.649910559,55,,,
5.417268814,55,,,
3.956182685,55,,,
7.21659979,55,,,
4.804055314,55,,,
5.559342598,55,,,
6.853394895,55,,,
4.762554028,55,,,
8.266079764,55,,,
3.894270223,55,,,
5.859885636,55,,,
2.997346875,55,,,
3.093741694,55,,,
5.395593926,55,,,
3.54618142,55,,,
6.79707705,55,,,
4.815855226,55,,,
4.498526601,55,,,
6.125774683,55,,,
4.132366253,55,,,
4.190044228,55,,,
3.297697272,55,,,
4.512230348,55,,,
5.344237161,55,,,
6.96432382,55,,,
4.882415986,55,,,
5.208573795,55,,,
7.508392263,55,,,
6.409030822,55,,,
8.167362834,55,,,
2.624757266,55,,,
4.108038217,55,,,
7.23083066,55,,,
4.946409875,55,,,
7.299569562,55,,,
6.786987146,55,,,
7.765076938,55,,,
6.417455417,55,,,
3.987697525,55,,,
6.461940706,55,,,
7.70675138,55,,,
4.896364873,55,,,
3.855306999,55,,,
3.424873714,55,,,
4.278268914,55,,,
2.330342626,55,,,
4.376195496,55,,,
7.975471486,55,,,
5.911486194,55,,,
3.527642787,55,,,
4.472027425,55,,,
5.873563535,55,,,
4.986533798,55,,,
5.820513027,55,,,
4.04865399,55,,,
5.286156009,55,,,
8.162444087,55,,,
3.174594918,55,,,
4.969700654,55,,,
3.868256502,55,,,
3.885443635,55,,,
5.367352921,55,,,
4.269666291,55,,,
7.127157808,55,,,
3.164977758,55,,,
5.223538522,55,,,
6.156198414,55,,,
6.801584804,55,,,
3.454330972,55,,,
5.410357285,55,,,
5.908334345,55,,,
5.355302273,55,,,
4.104366249,55,,,
6.037532875,55,,,
4.972195176,55,,,
3.522798892,55,,,
3.846982731,55,,,
3.923209893,55,,,
7.929022649,55,,,
2.883748752,55,,,
7.374088258,55,,,
8.526843214,55,,,
4.000528525,55,,,
8.008577344,55,,,
8.62958607,55,,,
5.18561362,55,,,
3.993202668,55,,,
0.506709498,55,,,
6.559060537,55,,,
7.358374294,55,,,
5.953185746,55,,,
5.190987292,55,,,
5.376424844,55,,,
3.123046162,55,,,
6.219541496,55,,,
6.326730776,55,,,
5.364114922,55,,,
5.747543408,55,,,
7.216445022,55,,,
2.996679396,55,,,
4.364191606,55,,,
3.692058523,55,,,
7.51635987,55,,,
5.709441532,55,,,
6.858572536,55,,,
4.554712242,55,,,
2.703201429,55,,,
5.129591506,55,,,
2.176462017,55,,,
4.674464322,55,,,
6.691375151,55,,,
4.804728577,55,,,
2.581754011,55,,,
6.40661005,55,,,
5.626205326,55,,,
6.164512207,55,,,
3.654120544,55,,,
3.316633845,55,,,
4.936150335,55,,,
6.510699567,55,,,
8.460781519,55,,,
8.886964512,55,,,
7.928590819,55,,,
5.508768712,55,,,
3.206198764,55,,,
6.199093686,55,,,
4.719372736,55,,,
5.465677126,55,,,
6.076483024,55,,,
7.854174358,55,,,
5.848035439,55,,,
6.08060645,55,,,
2.507361534,55,,,
3.333754256,55,,,
6.015029421,55,,,
5.203997968,55,,,
5.949614758,55,,,
6.355086284,55,,,
5.965851497,55,,,
5.305248552,55,,,
5.661093298,55,,,
0.959519983,55,,,
5.659604119,55,,,
5.719613781,55,,,
6.692537352,55,,,
8.335808166,55,,,
5.712159056,55,,,
4.763718053,55,,,
7.091478619,55,,,
4.609145429,55,,,
4.92178985,55,,,
6.016155224,55,,,
5.01234414,55,,,
3.086828403,55,,,
5.649457406,55,,,
7.044196124,55,,,
6.468750816,55,,,
9.199265738,55,,,
5.194589141,55,,,
5.056856554,55,,,
6.64947775,55,,,
3.307763391,55,,,
2.238681136,55,,,
7.167461431,55,,,
4.159435823,55,,,
7.395849844,55,,,
6.29678518,55,,,
5.044200357,55,,,
6.683424939,55,,,
3.747912305,55,,,
5.75390532,55,,,
4.570605973,55,,,
6.366474826,55,,,
7.217084814,55,,,
2.947391609,55,,,
6.523532729,55,,,
1.594021222,55,,,
3.681889444,55,,,
7.06564964,55,,,
7.459331072,55,,,
8.061821946,55,,,
7.894892453,55,,,
2.46862595,55,,,
5.62172485,55,,,
5.867491601,55,,,
5.715326858,55,,,
6.384237861,55,,,
1.425226143,55,,,
2.607496501,55,,,
3.202605258,55,,,
5.419245408,55,,,
7.038931474,55,,,
6.406853371,55,,,
4.31606539,55,,,
6.562051016,55,,,
6.177088813,55,,,
5.950061278,55,,,
4.614661439,55,,,
5.722794424,55,,,
5.138910243,55,,,
5.11572087,55,,,
4.906438516,55,,,
7.386632396,55,,,
4.393576197,55,,,
5.448268589,55,,,
3.273430823,55,,,
3.775036642,55,,,
5.708712876,55,,,
1.634675227,55,,,
9.288633927,55,,,
8.26361769,55,,,
5.570714958,55,,,
7.732194878,55,,,
3.988844165,55,,,
9.452899795,55,,,
7.289029269,55,,,
7.460104644,55,,,
6.333539969,55,,,
3.399948433,55,,,
5.509614228,55,,,
3.392830671,55,,,
4.321564673,55,,,
8.393852143,55,,,
5.372911344,55,,,
4.607418176,55,,,
4.444539588,55,,,
6.442082031,55,,,
8.485412502,55,,,
4.739312411,55,,,
5.950114833,55,,,
5.486543962,55,,,
7.388035597,55,,,
4.758888033,55,,,
6.431030161,55,,,
4.131100685,55,,,
7.949680527,55,,,
7.728858234,55,,,
2.825998696,55,,,
4.979067926,55,,,
4.577867549,55,,,
6.569329035,55,,,
3.436500759,55,,,
6.13012546,55,,,
5.757045556,55,,,
7.137812437,55,,,
5.200166011,55,,,
5.933304242,55,,,
7.787067418,55,,,
4.892286608,55,,,
6.588526416,55,,,
3.600131785,55,,,
8.791752776,55,,,
6.198197165,55,,,
3.111516106,55,,,
4.270188385,55,,,
6.106623089,55,,,
4.60439703,55,,,
7.416725958,55,,,
5.270519005,55,,,
5.147616007,55,,,
4.408965904,55,,,
7.284275791,55,,,
6.410412645,55,,,
4.899655086,55,,,
5.525388133,55,,,
6.037151131,55,,,
4.292462606,55,,,
2.540304515,55,,,
4.830190271,55,,,
6.639220369,55,,,
6.965609868,55,,,
3.903854972,55,,,
5.82336655,55,,,
3.202889964,55,,,
3.62064188,55,,,
0.565145948,55,,,
3.859410482,55,,,
5.847583279,55,,,
8.390687292,55,,,
6.146926329,55,,,
3.694097673,55,,,
5.920157771,55,,,
5.501334813,55,,,
7.922782808,55,,,
7.100262039,55,,,
3.595119281,55,,,
7.412079587,55,,,
6.070540014,55,,,
5.96357903,55,,,
3.590222999,55,,,
6.469196685,55,,,
3.164683982,55,,,
3.490081038,55,,,
3.649019254,55,,,
9.267024012,55,,,
5.699201891,55,,,
2.214073346,55,,,
5.224851008,55,,,
5.641459596,55,,,
4.797661212,55,,,
7.223383266,55,,,
2.69014281,55,,,
3.622325557,55,,,
-0.058760973,55,,,
2.303722751,55,,,
8.891404415,55,,,
4.552372207,55,,,
4.758412686,55,,,
7.586412355,55,,,
3.097895086,55,,,
6.06655623,55,,,
5.664047555,55,,,
7.362429029,55,,,
4.867447237,55,,,
7.705063871,55,,,
3.648318732,55,,,
6.665911155,55,,,
9.184857425,55,,,
3.681817222,55,,,
7.342228763,55,,,
2.45353328,55,,,
4.72311407,55,,,
4.041901111,55,,,
5.902403675,55,,,
2.834488883,55,,,
7.288968446,55,,,
1.232847245,55,,,
6.873547063,55,,,
5.733660673,55,,,
4.631610003,55,,,
7.148432015,55,,,
3.88281895,55,,,
6.140023845,55,,,
8.383986237,55,,,
3.805262109,55,,,
5.560736326,55,,,
7.168629411,55,,,
5.945229975,55,,,
6.594027094,55,,,
5.623223789,55,,,
3.594083478,55,,,
2.768946692,55,,,
4.316455069,55,,,
7.138062441,55,,,
5.326482426,55,,,
1.037480501,55,,,
6.6160975,55,,,
4.444039202,55,,,
4.97008453,55,,,
4.907565943,55,,,
7.992128508,55,,,
7.337967076,55,,,
5.323246351,55,,,
4.390257401,55,,,
6.449670329,55,,,
4.634194343,55,,,
6.584392392,55,,,
7.488181412,55,,,
3.298723389,55,,,
6.161578486,55,,,
5.038546371,55,,,
3.362868361,55,,,
7.723610367,55,,,
2.289380311,55,,,
4.022289254,55,,,
6.803704212,55,,,
5.974678558,55,,,
4.180467801,55,,,
2.803780141,55,,,
6.25155781,55,,,
5.029349867,55,,,
5.469373659,55,,,
4.673252426,55,,,
5.98963575,55,,,
1.442943807,55,,,
3.519498856,55,,,
6.991351134,55,,,
4.545369933,55,,,
4.223743582,55,,,
7.267754092,55,,,
5.676064411,55,,,
6.262992791,55,,,
2.900596105,55,,,
6.932578573,55,,,
6.264113833,55,,,
6.21695964,55,,,
8.068757581,55,,,
5.597773307,55,,,
6.503874776,55,,,
7.355834885,55,,,
2.096911943,55,,,
3.963915912,55,,,
7.125282232,55,,,
6.84973628,55,,,
4.508481172,55,,,
7.09908395,55,,,
5.444049004,55,,,
7.717920982,55,,,
5.359234196,55,,,
4.728036444,55,,,
6.125475332,55,,,
3.891054263,55,,,
8.8322666,55,,,
8.739902591,55,,,
6.814851375,55,,,
4.477736064,55,,,
7.798708265,55,,,
6.899805443,55,,,
7.557900893,55,,,
6.150969823,55,,,
4.718630061,55,,,
5.16651735,55,,,
1.120675447,55,,,
3.748460189,55,,,
6.040737463,55,,,
3.433184073,55,,,
1.480957914,55,,,
2.045339238,55,,,
5.821552806,55,,,
4.24637311,55,,,
7.608941721,55,,,
5.723395396,55,,,
3.929509301,55,,,
6.35836701,55,,,
5.721962115,55,,,
3.888471153,55,,,
5.551289779,55,,,
5.94207935,55,,,
6.095840165,55,,,
7.99777791,55,,,
6.396618836,55,,,
6.332550925,55,,,
5.899478464,55,,,
6.816511904,55,,,
7.110412307,55,,,
6.792192068,55,,,
6.824971884,55,,,
5.803547761,55,,,
5.649090284,55,,,
3.785553325,55,,,
5.213468096,55,,,
4.705598085,60,,,
1.94943742,60,,,
6.039933644,60,,,
4.792752589,60,,,
4.031531711,60,,,
5.328985889,60,,,
-0.578434174,60,,,
6.364734789,60,,,
6.371634983,60,,,
5.581760119,60,,,
6.306612733,60,,,
5.861428755,60,,,
6.402812712,60,,,
4.830690914,60,,,
2.410055807,60,,,
5.336206084,60,,,
5.478436118,60,,,
3.435601364,60,,,
-0.266883433,60,,,
5.139361561,60,,,
6.316159002,60,,,
6.139811478,60,,,
5.136023793,60,,,
5.338533953,60,,,
7.139768436,60,,,
3.451246209,60,,,
5.927049025,60,,,
5.710592223,60,,,
4.744781254,60,,,
7.560188654,60,,,
6.27881004,60,,,
8.242864055,60,,,
2.727273425,60,,,
3.299615593,60,,,
5.678943756,60,,,
5.105339007,60,,,
2.933216445,60,,,
8.503143044,60,,,
5.094083124,60,,,
6.801641645,60,,,
6.435950468,60,,,
6.512651649,60,,,
6.1962505,60,,,
5.639354787,60,,,
4.127872687,60,,,
3.911326657,60,,,
6.219323131,60,,,
5.364930099,60,,,
7.922790876,60,,,
6.11164647,60,,,
7.160503994,60,,,
5.753392983,60,,,
4.447941909,60,,,
6.117928026,60,,,
6.300562683,60,,,
1.281117782,60,,,
6.027214582,60,,,
8.81266633,60,,,
3.253170508,60,,,
0.765784323,60,,,
7.162260135,60,,,
6.263949926,60,,,
5.677203208,60,,,
6.379514871,60,,,
6.389766483,60,,,
4.483628742,60,,,
6.342968353,60,,,
7.894881866,60,,,
6.015672483,60,,,
4.66783274,60,,,
6.258330599,60,,,
3.142987987,60,,,
7.620041947,60,,,
3.983427436,60,,,
4.566422347,60,,,
6.161853004,60,,,
7.229025984,60,,,
5.839540778,60,,,
0.977679079,60,,,
4.701047693,60,,,
6.406750454,60,,,
6.493042079,60,,,
4.961379995,60,,,
6.086709875,60,,,
3.402614427,60,,,
7.046132065,60,,,
6.41458837,60,,,
3.284982292,60,,,
7.447667415,60,,,
5.817844766,60,,,
4.228562174,60,,,
3.000201489,60,,,
6.548217944,60,,,
5.528641981,60,,,
4.166202858,60,,,
4.599445518,60,,,
5.466992228,60,,,
3.308996225,60,,,
6.317535263,60,,,
4.726698505,60,,,
5.652327692,60,,,
3.308444456,60,,,
6.643106152,60,,,
4.818923719,60,,,
5.964020025,60,,,
7.463388704,60,,,
5.133478836,60,,,
1.692923642,60,,,
8.465408649,60,,,
5.018326184,60,,,
5.453103983,60,,,
3.602298421,60,,,
8.377273377,60,,,
5.091268929,60,,,
6.837726371,60,,,
5.631292776,60,,,
4.361738015,60,,,
5.059188168,60,,,
5.380692182,60,,,
5.607830045,60,,,
9.230513176,60,,,
7.233589456,60,,,
6.752860696,60,,,
6.205286867,60,,,
4.476570634,60,,,
5.492622421,60,,,
8.527053174,60,,,
7.864668915,60,,,
6.417146902,60,,,
5.938730669,60,,,
3.253021284,60,,,
4.156474781,60,,,
3.008752157,60,,,
5.688565557,60,,,
5.42182502,60,,,
2.822246081,60,,,
6.770230887,60,,,
7.699409076,60,,,
3.183127835,60,,,
7.193994042,60,,,
4.208339871,60,,,
6.398193073,60,,,
4.790240139,60,,,
3.724843722,60,,,
1.909420427,60,,,
5.651413741,60,,,
6.2611072,60,,,
6.859234867,60,,,
5.637057265,60,,,
5.354704147,60,,,
5.246341772,60,,,
6.733083823,60,,,
6.488959323,60,,,
6.274242685,60,,,
6.685661306,60,,,
5.624674795,60,,,
4.70400116,60,,,
5.780403809,60,,,
5.909597014,60,,,
4.789878292,60,,,
3.841461172,60,,,
3.791753245,60,,,
6.133184033,60,,,
5.888442798,60,,,
3.153035024,60,,,
7.463552532,60,,,
7.214898808,60,,,
5.000399164,60,,,
7.298000722,60,,,
7.318961454,60,,,
7.414233251,60,,,
3.455192964,60,,,
3.521904469,60,,,
4.316840932,60,,,
4.545021268,60,,,
6.714370726,60,,,
3.166415757,60,,,
6.6232906,60,,,
6.271660717,60,,,
4.637799434,60,,,
7.837371961,60,,,
3.527778138,60,,,
4.194357016,60,,,
5.336800911,60,,,
3.744689396,60,,,
7.225774168,60,,,
5.229900893,60,,,
7.804434534,60,,,
5.903610711,60,,,
3.70885642,60,,,
5.503092813,60,,,
5.187061738,60,,,
8.57639098,60,,,
3.548013578,60,,,
7.14841485,60,,,
3.628341303,60,,,
6.586925891,60,,,
4.845823124,60,,,
4.257984422,60,,,
6.497583655,60,,,
2.43361282,60,,,
7.052497462,60,,,
7.295799791,60,,,
6.781756549,60,,,
5.040591437,60,,,
7.514474866,60,,,
4.708758166,60,,,
5.095746173,60,,,
2.180400907,60,,,
5.029811916,60,,,
4.264776942,60,,,
8.531147111,60,,,
4.624501625,60,,,
8.637185796,60,,,
4.464458887,60,,,
3.838992146,60,,,
3.60212037,60,,,
4.521824401,60,,,
5.952689307,60,,,
6.384462584,60,,,
4.756129132,60,,,
2.639683834,60,,,
5.81642028,60,,,
5.183614984,60,,,
0.741460576,60,,,
6.485686887,60,,,
6.199737085,60,,,
1.223140644,60,,,
4.313281279,60,,,
1.656910594,60,,,
4.826758451,60,,,
1.887826291,60,,,
2.602902156,60,,,
8.212956985,60,,,
4.854279001,60,,,
7.241045513,60,,,
8.057406072,60,,,
5.451586703,60,,,
7.720620187,60,,,
6.493975887,60,,,
1.913877892,60,,,
4.739342033,60,,,
8.828837141,60,,,
5.585098689,60,,,
6.090406202,60,,,
4.049255427,60,,,
7.12723577,60,,,
4.702185399,60,,,
7.890216811,60,,,
5.391080666,60,,,
2.25665491,60,,,
1.056026137,60,,,
4.519924273,60,,,
5.976544182,60,,,
4.994233615,60,,,
0.847393768,60,,,
4.844753544,60,,,
7.166919332,60,,,
8.027370102,60,,,
5.278256883,60,,,
3.7512883,60,,,
5.569735929,60,,,
4.714626413,60,,,
1.884538112,60,,,
6.393536479,60,,,
6.988404018,60,,,
5.768561865,60,,,
5.796639317,60,,,
4.577743504,60,,,
7.1704983,60,,,
4.472855094,60,,,
6.958339618,60,,,
6.561721303,60,,,
6.915719922,60,,,
6.297220003,60,,,
5.913036184,60,,,
4.238006907,60,,,
7.039387527,60,,,
6.724668079,60,,,
5.219272524,60,,,
1.989192841,60,,,
1.045128969,60,,,
5.130082345,60,,,
3.483420422,60,,,
6.162931044,60,,,
3.937532857,60,,,
4.710234195,60,,,
5.214959558,60,,,
5.001036147,60,,,
6.629368696,60,,,
5.489136764,60,,,
5.410831282,60,,,
-0.232876277,60,,,
4.806065382,60,,,
7.295984576,60,,,
4.549902683,60,,,
6.907189033,60,,,
1.295285525,60,,,
4.930611939,60,,,
2.786346719,60,,,
4.267576685,60,,,
2.720772075,60,,,
3.756761683,60,,,
1.335776555,60,,,
6.363873451,60,,,
5.238509419,60,,,
6.3848926,60,,,
2.382144097,60,,,
7.521254085,60,,,
4.478519884,60,,,
6.181100293,60,,,
6.1587689,60,,,
2.113297189,60,,,
7.128232706,60,,,
2.754330903,60,,,
5.109036561,60,,,
4.564020551,60,,,
7.006052783,60,,,
5.002664361,60,,,
5.448366958,60,,,
3.580818304,60,,,
6.408933859,60,,,
7.240690187,60,,,
7.968434759,60,,,
8.272897452,60,,,
3.982840221,60,,,
3.974733857,60,,,
4.219384281,60,,,
5.140980336,60,,,
3.448992565,60,,,
3.751804249,60,,,
6.643862508,60,,,
8.221407351,60,,,
6.079002325,60,,,
6.82580258,60,,,
6.167154373,60,,,
7.211859791,60,,,
5.284224539,60,,,
6.185990739,60,,,
-0.464112811,60,,,
5.991886707,60,,,
6.800742822,60,,,
6.036163574,60,,,
6.801359852,60,,,
5.321280743,60,,,
4.051977853,60,,,
6.151880112,60,,,
5.406565752,60,,,
6.291479617,60,,,
3.412545307,60,,,
5.779777413,60,,,
6.276039036,60,,,
3.248736794,60,,,
1.389710304,60,,,
3.39390718,60,,,
7.22719748,60,,,
6.670740386,60,,,
4.787042016,60,,,
6.686655308,60,,,
1.905235918,60,,,
5.904904811,60,,,
4.752456715,60,,,
4.224355188,60,,,
7.26113002,60,,,
4.356047002,60,,,
7.875461156,60,,,
6.53738035,60,,,
2.364058103,60,,,
2.0008707,60,,,
7.115668804,60,,,
2.998164616,60,,,
4.979288586,60,,,
7.488060226,60,,,
6.709770908,60,,,
7.218030079,60,,,
5.95797353,60,,,
4.631378299,60,,,
2.770538129,60,,,
2.173159031,60,,,
5.222749166,60,,,
6.114388999,60,,,
4.706300714,60,,,
2.347769142,60,,,
7.323158501,60,,,
2.16751967,60,,,
3.077404231,60,,,
3.253059624,60,,,
4.399056662,60,,,
5.074894254,60,,,
8.696817995,60,,,
8.969401561,60,,,
5.986094778,60,,,
4.483817057,60,,,
6.849404492,60,,,
7.732560417,60,,,
5.676004012,60,,,
7.613137848,60,,,
3.104519072,60,,,
7.375034654,60,,,
3.454111498,60,,,
5.299975232,60,,,
2.994430615,60,,,
1.707416205,60,,,
6.94349076,60,,,
5.756659348,60,,,
3.481864331,60,,,
4.970746511,60,,,
3.917978139,60,,,
7.026926402,60,,,
7.208445908,60,,,
5.080692066,60,,,
2.609476544,60,,,
5.015050885,60,,,
3.692489644,60,,,
2.096036254,60,,,
4.166777825,60,,,
4.686373203,60,,,
3.94745619,60,,,
8.552815955,60,,,
3.808652289,60,,,
5.58354587,60,,,
3.651230777,60,,,
4.548462092,60,,,
3.518695546,60,,,
4.181007342,60,,,
3.928864038,60,,,
5.192422227,60,,,
0.213675038,60,,,
2.514390192,60,,,
4.506065325,60,,,
5.214514642,60,,,
4.551192725,60,,,
3.12734475,60,,,
8.011715273,60,,,
6.618489902,60,,,
5.713717597,60,,,
4.754273709,60,,,
6.619519118,60,,,
7.165796034,60,,,
6.487232935,60,,,
3.534585204,60,,,
6.338693687,60,,,
4.890127564,60,,,
6.950282469,60,,,
7.305858209,60,,,
7.420586005,60,,,
3.780549344,60,,,
7.04615141,60,,,
3.191572875,60,,,
5.070655605,60,,,
6.966179628,60,,,
5.211637993,60,,,
4.519336538,60,,,
5.986056847,60,,,
7.671226948,60,,,
6.786498189,60,,,
6.43253423,60,,,
6.651692084,60,,,
5.203119188,60,,,
5.452239836,60,,,
6.586878213,60,,,
6.236556172,60,,,
3.133844243,60,,,
1.746332403,60,,,
6.57301331,60,,,
6.599652036,60,,,
4.488634141,60,,,
5.894313295,60,,,
6.474116091,60,,,
5.426255371,60,,,
4.828526605,60,,,
6.709964344,60,,,
2.487110386,60,,,
4.764257001,60,,,
4.095412107,60,,,
5.942656789,60,,,
4.016431408,60,,,
5.809832267,60,,,
7.287462184,60,,,
6.476315855,60,,,
5.142976378,60,,,
-0.408047174,60,,,
4.24612558,60,,,
6.9789291,60,,,
4.684492842,60,,,
6.465915816,60,,,
2.594382754,60,,,
3.570793438,60,,,
5.398999651,60,,,
5.233888377,60,,,
2.879544035,60,,,
5.966701809,60,,,
5.661507721,60,,,
4.998360148,60,,,
4.648867389,60,,,
2.937243935,60,,,
2.667989373,60,,,
3.442352817,60,,,
5.72129371,60,,,
6.611459288,60,,,
4.567206873,60,,,
2.261547545,60,,,
4.047300233,60,,,
3.505581774,60,,,
1.337728667,60,,,
5.178697719,60,,,
6.352763686,60,,,
5.431120096,60,,,
6.83633352,60,,,
5.963181084,60,,,
7.116975617,60,,,
1.826911121,60,,,
6.795362462,60,,,
5.75292198,60,,,
5.869079042,60,,,
4.496791679,60,,,
6.396135603,60,,,
2.761775888,60,,,
6.234324166,60,,,
-0.237064462,60,,,
6.092533944,60,,,
6.455620994,60,,,
4.762313862,60,,,
5.214833087,60,,,
1.930259222,60,,,
5.364815032,60,,,
5.628044593,60,,,
4.671451886,60,,,
4.960970419,60,,,
5.931656235,60,,,
3.733415369,60,,,
6.115954742,60,,,
7.010947852,60,,,
8.291516225,60,,,
3.007978454,60,,,
2.94357528,60,,,
3.120480201,60,,,
5.910023233,60,,,
3.186317197,60,,,
4.651361674,60,,,
6.16432035,60,,,
8.101320822,60,,,
6.564401186,60,,,
5.027577349,60,,,
0.669665001,60,,,
6.91720743,60,,,
5.201300967,60,,,
5.106283515,60,,,
8.404947502,60,,,
8.600662796,60,,,
3.619013453,60,,,
5.47263451,60,,,
6.187134962,60,,,
5.174050698,60,,,
4.331902965,60,,,
4.866337915,60,,,
2.874046253,60,,,
3.193409017,60,,,
7.898673568,60,,,
6.650772262,60,,,
5.413381391,60,,,
3.580488449,60,,,
7.191930963,60,,,
4.725053878,60,,,
5.467551063,60,,,
6.840641945,60,,,
4.609816662,60,,,
8.25401866,60,,,
3.742005689,60,,,
5.781198492,60,,,
2.698040349,60,,,
2.961418386,60,,,
5.256668513,60,,,
3.420604698,60,,,
6.760888786,60,,,
4.707523377,60,,,
4.318769234,60,,,
6.071787918,60,,,
3.770783409,60,,,
4.065385934,60,,,
3.121319655,60,,,
4.426559995,60,,,
5.179053991,60,,,
6.880607294,60,,,
4.771833546,60,,,
5.062303722,60,,,
7.489968069,60,,,
6.320481382,60,,,
8.04529136,60,,,
2.406695438,60,,,
4.161133367,60,,,
7.13577281,60,,,
4.738117072,60,,,
7.292936929,60,,,
6.768386763,60,,,
7.735035491,60,,,
6.379762313,60,,,
4.077487011,60,,,
6.384909459,60,,,
7.685778476,60,,,
4.7465921,60,,,
3.630167027,60,,,
3.298882286,60,,,
4.078688949,60,,,
2.105656641,60,,,
4.262987584,60,,,
7.87697602,60,,,
5.851676396,60,,,
3.222158395,60,,,
4.229239955,60,,,
5.734905388,60,,,
4.889103212,60,,,
5.737871748,60,,,
3.69029942,60,,,
5.219256258,60,,,
8.139417306,60,,,
2.993403361,60,,,
4.900436796,60,,,
3.326651817,60,,,
3.728812015,60,,,
5.195423019,60,,,
4.115344686,60,,,
7.131924574,60,,,
2.997416188,60,,,
5.206719404,60,,,
6.086956394,60,,,
6.769108215,60,,,
2.911174549,60,,,
5.017692042,60,,,
5.836721123,60,,,
5.243057362,60,,,
3.498192007,60,,,
5.770951867,60,,,
4.897181861,60,,,
3.327449921,60,,,
3.697379754,60,,,
3.702083823,60,,,
7.741133168,60,,,
2.453276077,60,,,
7.335254171,60,,,
8.506940343,60,,,
3.840466098,60,,,
7.94838231,60,,,
8.642161384,60,,,
4.707326523,60,,,
3.869869113,60,,,
0.201437502,60,,,
6.532716422,60,,,
7.317121267,60,,,
5.890536367,60,,,
5.107101237,60,,,
5.184025278,60,,,
2.91764453,60,,,
6.207615506,60,,,
6.305673776,60,,,
5.307339653,60,,,
5.659533361,60,,,
7.164349992,60,,,
2.607243375,60,,,
4.112193504,60,,,
2.641921875,60,,,
7.42727245,60,,,
5.642375763,60,,,
6.812075016,60,,,
4.488428897,60,,,
2.422391092,60,,,
5.101282167,60,,,
1.942088157,60,,,
4.662183198,60,,,
6.674968018,60,,,
4.637013565,60,,,
2.393428357,60,,,
6.389758055,60,,,
5.54871931,60,,,
6.155688495,60,,,
3.48717478,60,,,
3.162858189,60,,,
4.819688635,60,,,
6.477476809,60,,,
8.414522486,60,,,
8.861465077,60,,,
7.819605061,60,,,
5.484267294,60,,,
2.99997892,60,,,
6.238072555,60,,,
4.470157682,60,,,
5.407616914,60,,,
5.914815966,60,,,
7.834649229,60,,,
5.759052088,60,,,
5.992020957,60,,,
2.276954235,60,,,
3.149025696,60,,,
5.9332928,60,,,
4.837373646,60,,,
5.824824715,60,,,
6.306898698,60,,,
5.92771559,60,,,
5.182916859,60,,,
5.544425189,60,,,
0.610161558,60,,,
5.600373123,60,,,
5.583479042,60,,,
6.654786306,60,,,
8.320671104,60,,,
5.688821465,60,,,
4.728168818,60,,,
7.004485169,60,,,
4.423270537,60,,,
4.844935928,60,,,
5.948693888,60,,,
4.867913149,60,,,
2.925632255,60,,,
5.497063159,60,,,
7.025926531,60,,,
6.396616598,60,,,
9.209423703,60,,,
5.037483547,60,,,
5.032610386,60,,,
6.609741432,60,,,
3.206435482,60,,,
1.995744839,60,,,
7.132251321,60,,,
4.036508249,60,,,
7.380486984,60,,,
6.188778528,60,,,
4.933888,60,,,
6.629191663,60,,,
3.516604913,60,,,
5.500493546,60,,,
4.460418682,60,,,
6.30781952,60,,,
7.168300063,60,,,
2.728843859,60,,,
6.371380174,60,,,
1.34948468,60,,,
3.629882192,60,,,
6.991431594,60,,,
7.378417432,60,,,
8.000427506,60,,,
7.816859606,60,,,
2.410473691,60,,,
5.452477441,60,,,
5.799465362,60,,,
5.575317976,60,,,
6.277114365,60,,,
1.240348405,60,,,
2.330440572,60,,,
3.042013218,60,,,
5.143471471,60,,,
7.063860403,60,,,
6.366208707,60,,,
4.270068074,60,,,
6.504332647,60,,,
6.041089781,60,,,
5.500565284,60,,,
4.48463985,60,,,
5.613156006,60,,,
5.002798166,60,,,
4.962506426,60,,,
4.782739819,60,,,
7.312041602,60,,,
4.402273538,60,,,
5.369051773,60,,,
3.165181289,60,,,
3.606512454,60,,,
5.534659745,60,,,
1.387914295,60,,,
9.293839787,60,,,
8.234092138,60,,,
5.545752404,60,,,
7.652554119,60,,,
4.063110002,60,,,
9.42586516,60,,,
7.288907276,60,,,
7.467101883,60,,,
6.248357858,60,,,
3.423060016,60,,,
5.41371495,60,,,
3.247953341,60,,,
4.034485019,60,,,
8.353916787,60,,,
5.32805437,60,,,
4.343066981,60,,,
4.389630101,60,,,
6.357214317,60,,,
8.443298817,60,,,
4.552090822,60,,,
5.771239696,60,,,
5.462563617,60,,,
7.363250549,60,,,
4.596038346,60,,,
6.34920512,60,,,
3.94630147,60,,,
7.933056396,60,,,
7.668957116,60,,,
2.602660298,60,,,
4.817077013,60,,,
4.390858785,60,,,
6.540698963,60,,,
3.251925309,60,,,
6.078038333,60,,,
5.68034997,60,,,
7.09143222,60,,,
5.072272634,60,,,
5.834644884,60,,,
7.78960145,60,,,
4.793769805,60,,,
6.537494882,60,,,
3.319161289,60,,,
8.769961136,60,,,
6.110844885,60,,,
3.084349239,60,,,
4.282184507,60,,,
5.922460627,60,,,
4.515556215,60,,,
7.360544313,60,,,
5.197247475,60,,,
5.044816931,60,,,
4.42614653,60,,,
7.26311394,60,,,
6.3623805,60,,,
4.696096771,60,,,
5.442657397,60,,,
5.968105535,60,,,
4.120145118,60,,,
2.36286355,60,,,
4.840784602,60,,,
6.615229443,60,,,
6.94127002,60,,,
3.774078289,60,,,
5.547000578,60,,,
2.982267703,60,,,
3.464532596,60,,,
0.169238399,60,,,
3.675520431,60,,,
5.79719136,60,,,
8.382604254,60,,,
6.121860273,60,,,
3.560340462,60,,,
5.76265517,60,,,
5.360037292,60,,,
7.863917382,60,,,
7.080528835,60,,,
3.423739047,60,,,
7.341349699,60,,,
5.944087052,60,,,
5.872669232,60,,,
3.445336135,60,,,
6.262570225,60,,,
2.974156423,60,,,
3.155784173,60,,,
3.410257573,60,,,
9.267593326,60,,,
5.477548125,60,,,
2.009269915,60,,,
5.119992269,60,,,
5.289189377,60,,,
4.693479739,60,,,
7.170847897,60,,,
2.464340105,60,,,
3.411147813,60,,,
-0.2973108,60,,,
1.939342609,60,,,
8.874690467,60,,,
4.445167046,60,,,
4.638841136,60,,,
7.58075824,60,,,
2.647467604,60,,,
6.041619623,60,,,
5.455386191,60,,,
7.336171933,60,,,
4.686163698,60,,,
7.680368855,60,,,
3.482592277,60,,,
6.655964589,60,,,
9.172076262,60,,,
3.568814631,60,,,
7.303404762,60,,,
2.299475098,60,,,
4.584567712,60,,,
3.639888788,60,,,
5.852628846,60,,,
2.63980582,60,,,
7.245826763,60,,,
1.034545661,60,,,
6.837301183,60,,,
5.627273339,60,,,
4.537905132,60,,,
7.095118212,60,,,
3.742902384,60,,,
6.079793098,60,,,
8.382153711,60,,,
3.792428982,60,,,
5.490128212,60,,,
7.037122301,60,,,
5.82087363,60,,,
6.518965471,60,,,
5.369337915,60,,,
3.408565596,60,,,
2.554585592,60,,,
4.17264155,60,,,
7.111939682,60,,,
5.262596181,60,,,
0.819364868,60,,,
6.560484459,60,,,
4.283718936,60,,,
4.797361597,60,,,
4.868079979,60,,,
7.986717206,60,,,
7.294648324,60,,,
5.172456501,60,,,
4.362326835,60,,,
6.344916476,60,,,
4.536689987,60,,,
6.529428194,60,,,
7.433115494,60,,,
3.047854921,60,,,
6.026131862,60,,,
4.983858778,60,,,
3.101695787,60,,,
7.69589513,60,,,
1.904131934,60,,,
3.970235771,60,,,
6.78825642,60,,,
5.945671189,60,,,
4.035586826,60,,,
2.62467987,60,,,
6.137070348,60,,,
4.959745928,60,,,
5.26375497,60,,,
4.554794407,60,,,
5.906729381,60,,,
1.257868149,60,,,
3.222082957,60,,,
6.891509837,60,,,
4.38435965,60,,,
4.114010749,60,,,
7.244383285,60,,,
5.618638195,60,,,
6.040120861,60,,,
2.625520952,60,,,
6.887672486,60,,,
6.176457652,60,,,
6.215934977,60,,,
8.003807587,60,,,
5.495807141,60,,,
6.421280487,60,,,
7.304582059,60,,,
1.747981063,60,,,
3.806788282,60,,,
6.967540998,60,,,
6.788269076,60,,,
4.348713228,60,,,
7.059647438,60,,,
5.356378532,60,,,
7.703015722,60,,,
5.257595423,60,,,
4.587115725,60,,,
6.010519439,60,,,
3.658369592,60,,,
8.758864021,60,,,
8.67195639,60,,,
6.800087909,60,,,
4.424717244,60,,,
7.795000712,60,,,
6.886543955,60,,,
7.514231972,60,,,
6.142978315,60,,,
4.685275101,60,,,
4.964312344,60,,,
1.481707186,60,,,
3.605800985,60,,,
5.895540081,60,,,
3.286083738,60,,,
1.209189885,60,,,
1.791237991,60,,,
5.812559739,60,,,
4.182822335,60,,,
7.574496977,60,,,
5.695184368,60,,,
3.801077805,60,,,
6.299466453,60,,,
5.588594869,60,,,
3.704993806,60,,,
5.489634974,60,,,
5.859004271,60,,,
6.071824916,60,,,
7.973009413,60,,,
6.326240858,60,,,
6.300761408,60,,,
5.814821994,60,,,
6.692655651,60,,,
7.030758701,60,,,
6.734687653,60,,,
6.745815764,60,,,
5.784309684,60,,,
5.514518172,60,,,
3.613464123,60,,,
5.174152286,60,,,
