log(MSE-SVD-components),comp
6.30095833,40
4.260865445,40
5.27007185,40
5.167771451,40
6.205051101,40
5.413101049,40
4.645423562,40
6.951423897,40
7.227605773,40
7.777485275,40
7.082677921,40
5.979819476,40
7.229404063,40
6.522937083,40
4.430545374,40
6.896735957,40
4.187857214,40
3.789518759,40
6.089819003,40
3.185458649,40
5.802035394,40
7.371864677,40
4.444120047,40
6.695707115,40
6.423130831,40
4.656130119,40
3.48592832,40
6.407173058,40
5.2548498,40
6.086040822,40
5.094589643,40
6.513740991,40
5.572768604,40
4.264669491,40
6.423835542,40
6.563288186,40
6.571470958,40
5.889395693,40
7.599546858,40
8.712308996,40
5.276342058,40
9.210234229,40
5.49074577,40
6.284382712,40
5.918259839,40
4.83192525,40
5.963920863,40
3.140545365,40
3.816359919,40
4.977573465,40
5.994879691,40
4.842454856,40
6.572551701,40
7.526666903,40
5.529156875,40
5.285407472,40
5.188877497,40
7.639594,40
4.602287923,40
5.492546719,40
4.199211105,40
6.833015652,40
9.029791074,40
6.613616289,40
6.155735074,40
8.612887234,40
5.789069445,40
2.961077233,40
5.593755746,40
4.883236241,40
6.468303327,40
4.918011049,40
3.643870261,40
8.039592777,40
6.718566846,40
8.136087546,40
5.426713373,40
8.05115516,40
7.66992477,40
4.655718505,40
3.698776755,40
4.442050239,40
4.848583593,40
6.261042818,40
4.407714295,40
4.231796001,40
5.829560986,40
6.859807918,40
5.966950163,40
3.748771026,40
7.147114146,40
5.418664995,40
6.934567672,40
5.15103348,40
7.179997727,40
7.799668641,40
6.48460332,40
6.591555967,40
6.97777858,40
6.952536287,40
8.854750916,40
7.465260495,40
5.080106621,40
6.826541202,40
5.830513127,40
2.512537778,40
6.122264738,40
7.06886458,40
4.788637657,40
6.463473244,40
8.308887924,40
6.072198403,40
6.858582585,40
7.090637121,40
4.324481628,40
6.3597289,40
7.096410963,40
5.123410059,40
4.763191061,40
8.924095797,40
4.585267471,40
6.856254685,40
6.617465113,40
5.58470223,40
6.241354443,40
5.233650338,40
7.238242035,40
6.207482214,40
5.038980459,40
6.007446384,40
4.403627732,40
5.828405894,40
5.182698059,40
6.083647652,40
5.922822444,40
4.916870428,40
6.100094356,40
5.880899301,40
4.653600759,40
6.436838342,40
5.577664591,40
7.050517278,40
4.912550649,40
4.154932562,40
6.706259937,40
5.530850595,40
5.732347382,40
8.420139691,40
5.039412086,40
3.838569867,40
5.360297988,40
5.811471652,40
6.763061882,40
2.417610967,40
5.804540205,40
5.609034113,40
7.40941233,40
5.978826582,40
5.840626443,40
4.87012731,40
8.932305494,40
6.76420161,40
5.12859518,40
7.703457141,40
7.4521971,40
6.067553833,40
7.126216008,40
7.016870431,40
5.802403273,40
3.923377367,40
6.756433231,40
2.570416983,40
5.627187352,40
6.249147007,40
5.767099117,40
5.726131869,40
5.123399336,40
3.268864466,40
4.379611879,40
6.534060576,40
5.785729168,40
6.136639002,40
5.188668682,40
4.882609088,40
5.516415067,40
6.381898195,40
9.121171814,40
4.952599672,40
5.369989639,40
4.785410441,40
6.696945083,40
8.23783047,40
6.593822952,40
4.964046364,40
4.233320479,40
4.514566048,40
5.87709954,40
8.208600519,40
5.747487078,40
6.877656869,40
5.962210372,40
5.781304072,40
7.465391666,40
6.03305574,40
3.89514647,40
3.289421202,40
6.899765022,40
8.249317448,40
5.390046563,40
7.122430408,40
7.65527218,40
5.299771692,40
4.79051071,40
5.460456185,40
5.964888506,40
5.476007408,40
5.570976324,40
4.817477527,40
4.707674056,40
6.471521508,40
4.349822432,40
5.831323026,40
5.130422974,40
8.317386171,40
7.950045121,40
8.184997482,40
5.504130581,40
4.946257567,40
7.332118377,40
3.84547237,40
4.158209801,40
3.613055157,40
4.266149202,40
6.246511071,40
4.967873872,40
5.20800462,40
5.863625367,40
5.549965983,40
4.277301064,40
7.039157138,40
4.603732691,40
3.486103077,40
6.841531028,40
5.062714489,40
2.764817631,40
7.55409007,40
5.754645249,40
8.085816448,40
5.399759939,40
5.548027607,40
5.713925763,40
3.63309442,40
8.487710802,40
3.376093435,40
4.581384907,40
8.558211285,40
8.238154976,40
5.227334541,40
4.164196643,40
4.636752063,40
8.248327726,40
5.742354821,40
4.95841555,40
5.959317939,40
6.192189729,40
4.361043284,40
7.160930561,40
4.279915829,40
5.980167068,40
6.854922956,40
7.687441962,40
7.849989044,40
4.493377966,40
6.648543331,40
9.037780922,40
6.75063403,40
5.033718062,40
7.305470668,40
6.76529734,40
6.65339356,40
7.48923704,40
6.334411255,40
8.957136586,40
7.309216819,40
5.247437821,40
6.711063024,40
5.299763997,40
6.101993348,40
7.557505267,40
8.995095534,40
5.702302345,40
5.658130501,40
5.686831241,40
2.553335974,40
4.874520699,40
3.510697875,40
5.652714289,40
5.997053339,40
7.081598755,40
5.176131887,40
6.827500775,40
6.794911644,40
8.02389884,40
5.945620551,40
5.133560882,40
4.084626987,40
5.062039865,40
4.722631582,40
6.522966162,40
7.597656689,40
4.786164619,40
4.736289328,40
4.989256242,40
6.956135014,40
6.844655046,40
6.03450147,40
6.789205856,40
5.747178741,40
5.86508365,40
8.60199247,40
4.399209287,40
3.561377993,40
6.844358586,40
7.852552179,40
4.198308229,40
3.187369033,40
2.464922732,40
5.541821263,40
5.439486373,40
7.373975123,40
5.905169494,40
5.716381403,40
6.961471817,40
7.356655926,40
7.418393104,40
4.244409541,40
6.876243259,40
7.220741007,40
0.114427259,40
3.603234331,40
6.499066635,40
6.578890192,40
5.883094118,40
2.995604855,40
6.48253615,40
8.513289782,40
5.745565775,40
7.879674805,40
6.835627961,40
3.614101103,40
6.923480595,40
2.217563146,40
4.608791095,40
7.159128209,40
5.843660598,40
5.654276715,40
2.464029837,40
4.247214646,40
8.132623858,40
5.76053717,40
5.684126651,40
3.186655745,40
7.083740658,40
5.237367289,40
3.090511029,40
5.696900582,40
7.79872737,40
7.674083552,40
1.919408498,40
7.48724684,40
5.703717419,40
5.700721357,40
6.690964681,40
4.230199488,40
2.12682582,40
5.159638033,40
7.101082362,40
8.218628382,40
8.286536048,40
4.332139573,40
5.945801646,40
6.650850725,40
4.390992629,40
6.154696714,40
5.41897002,40
5.232794719,40
6.571313898,40
8.234648697,40
5.626522262,40
6.936796704,40
5.984010189,40
4.246143716,40
4.797203822,40
6.351986673,40
6.753284073,40
7.64206363,40
7.166706556,40
4.407112921,40
7.567990716,40
6.467336098,40
4.243479984,40
6.820975193,40
5.982446151,40
6.693854522,40
3.849744299,40
4.143162579,40
7.078765468,40
6.926541124,40
2.587947812,40
3.297087305,40
6.992223244,40
5.044011276,40
5.464765582,40
5.578368218,40
7.096674969,40
5.143485544,40
4.095405248,40
4.846957102,40
5.047987408,40
7.164410942,40
7.349803832,40
6.465132029,40
6.778505131,40
4.694542919,40
5.192772372,40
7.498498435,40
5.270871002,40
5.683221537,40
2.947573357,40
6.212856137,40
4.195243924,40
3.466070586,40
6.793974179,40
6.342047808,40
7.045767286,40
6.396686833,40
5.253635246,40
7.723758266,40
9.099055447,40
5.436790836,40
4.642337512,40
5.457656047,40
4.981645618,40
3.867662986,40
4.826243848,40
7.478392013,40
5.894538221,40
6.553161233,40
5.030229263,40
5.895093235,40
5.009679434,40
7.633442115,40
6.019152881,40
4.397664338,40
6.370137127,40
5.681110298,40
7.805683426,40
7.8719813,40
2.962560247,40
6.246471816,40
5.935698309,40
6.573988151,40
5.306908288,40
4.659726051,40
5.616235732,40
9.139843774,40
5.374615066,40
5.672293057,40
6.419232245,40
2.046591636,40
5.545160338,40
6.169010959,40
6.913487021,40
6.495038377,40
4.862148408,40
4.838691344,40
7.194136258,40
5.921277085,40
7.422185124,40
7.135896502,40
4.392269672,40
5.386522006,40
4.390947828,40
6.279762828,40
8.721470417,40
5.647029916,40
4.769955946,40
7.407392752,40
7.380069745,40
6.35913079,40
8.212374236,40
6.163243101,40
7.747076969,40
5.538654242,40
5.660853184,40
3.180352086,40
8.089799194,40
7.413372232,40
5.715934645,40
5.79011312,40
5.888020859,40
4.698755607,40
5.548956442,40
6.639125638,40
5.888102291,40
5.198703214,40
5.754174062,40
5.941957986,40
7.013470373,40
4.8599172,40
3.887866069,40
7.266006872,40
6.066546144,40
8.319370316,40
6.903024502,40
6.817921703,40
7.158386611,40
8.01576378,40
4.188811685,40
7.788110897,40
7.236748379,40
2.943412902,40
7.184924371,40
4.066330272,40
6.41610453,40
4.285844206,40
6.298121676,40
2.971367881,40
4.214850802,40
7.470731434,40
5.550613191,40
-0.527095984,40
5.835939518,40
4.816892933,40
5.612860262,40
6.637326783,40
4.925208465,40
7.159524426,40
6.593649958,40
2.42410598,40
5.880791202,40
3.870802296,40
5.123223018,40
4.24911325,40
7.130010655,40
6.303585765,40
6.501656043,40
7.37828881,40
7.818882452,40
6.960974996,40
5.759462485,40
8.494983616,40
5.553003527,40
6.95172332,40
5.74140796,40
5.873194781,40
7.939521144,40
1.93331459,40
5.653053971,40
7.312283659,40
5.770172651,40
7.860515351,40
3.975247645,40
4.176826872,40
5.954297221,40
7.32855065,40
5.318811113,40
5.889927896,40
5.977140337,40
4.6718458,40
6.669599513,40
6.775084548,40
2.441235844,40
6.068620896,40
5.858517526,40
5.28791725,40
7.5747068,40
7.265524835,40
6.700044097,40
6.894169358,40
7.239269205,40
3.458303067,40
5.182168118,40
5.560669659,40
3.288342217,40
8.479761101,40
3.420997216,40
8.526859928,40
8.226524698,40
5.182942546,40
5.284463218,40
5.268656096,40
7.197543348,40
5.662377403,40
7.707627236,40
6.253681377,40
5.243469854,40
5.811451922,40
6.105363265,40
6.689486283,40
5.777863184,40
6.605348259,40
6.272287296,40
6.224190549,40
2.902761122,40
4.39508097,40
6.520535908,40
4.490950625,40
5.709077776,40
1.656063347,40
7.083255797,40
4.451561352,40
4.90800452,40
7.390454184,40
3.065156672,40
5.011436161,40
5.396895488,40
6.588575842,40
3.228316594,40
4.795358036,40
4.576106734,40
6.716237347,40
4.287357519,40
2.288093077,40
4.943664673,40
6.54313798,40
6.237694823,40
5.732556055,40
4.235078172,40
6.221902656,40
6.250117098,40
6.710141641,40
6.177518867,40
5.920604942,40
7.212815056,40
8.401076888,40
4.462713408,40
5.554300631,40
5.381153832,40
6.056746598,40
4.983858151,40
5.905063987,40
3.514270995,40
5.613811789,40
5.092436802,40
6.223730305,40
4.827991786,40
6.788703836,40
4.265702348,40
6.502699313,40
6.792691072,40
5.813183127,40
7.790326262,40
5.970650289,40
8.904046051,40
6.568933152,40
8.02504441,40
3.272159112,40
3.36080985,40
4.947910557,40
4.759258259,40
6.243256737,40
6.653757503,40
8.051817387,40
5.17294768,40
8.304150621,40
2.213241119,40
4.776044304,40
6.254092842,40
7.656791276,40
2.445626934,40
0.785135142,40
6.97391669,40
5.866058796,40
5.209987316,40
6.08186476,40
6.591757327,40
7.921126756,40
4.461868141,40
6.993127295,40
8.61151201,40
5.045554157,40
5.147542825,40
7.698093623,40
5.993232621,40
4.863065156,40
4.552040457,40
4.927612092,40
5.046168818,40
3.676312261,40
7.339879919,40
4.687240162,40
7.630414299,40
6.511644317,40
2.280482888,40
4.054137604,40
5.570751736,40
1.957817128,40
5.692147875,40
2.808924043,40
4.941997127,40
6.917577443,40
6.752538563,40
0.207357991,40
6.644414036,40
6.664498564,40
6.391740459,40
4.723837976,40
7.194653693,40
7.035173308,40
-0.207526691,40
4.648026877,40
4.991943414,40
7.971132809,40
4.854655499,40
5.962030731,40
6.250590766,40
6.495796177,40
5.017712244,40
5.034770992,40
5.290559231,40
6.757585412,40
5.647043267,40
3.998524024,40
6.718942239,40
7.932892648,40
8.309644609,40
5.834418349,40
6.677123587,40
5.562432511,40
3.311117336,40
6.117779536,40
6.288847765,40
5.009249141,40
6.259912843,40
7.258665436,40
7.549852048,40
3.435307448,40
4.5665911,40
2.77108078,40
5.216791461,40
5.834277742,40
6.254786546,40
7.342947842,40
5.898410126,40
6.118724158,40
5.551607381,40
8.066818495,40
6.183281123,40
6.444961024,40
7.398162712,40
3.703661475,40
6.245544605,40
5.59552521,40
4.484699062,40
4.63369797,40
4.950584734,40
4.151095413,40
1.772683202,40
6.62213746,40
4.865186302,40
5.665320897,40
6.360500134,40
5.477731844,40
3.484563325,40
5.930838852,40
3.978869614,40
5.537831676,40
6.869704982,40
7.027678641,40
5.78758627,40
6.141272861,40
5.978295597,40
8.131576463,40
3.031675933,40
4.068861111,40
4.038226436,40
6.118345375,40
4.46804032,40
6.226499004,40
5.040967502,40
3.660321932,40
2.149226031,40
4.502383057,40
7.354059149,40
3.765610103,40
1.799791397,40
5.131840383,40
6.811273568,40
7.157789198,40
3.799746403,40
6.195031148,40
6.203885657,40
6.160315412,40
7.016832875,40
7.893139046,40
7.581764723,40
7.463806765,40
5.331544652,40
7.933870158,40
6.683409242,40
7.886648077,40
6.586372251,40
5.470250692,40
7.355229899,40
5.512250049,40
4.690850518,40
4.849270699,40
6.630381023,40
6.376412458,40
7.413267532,40
4.840291883,40
5.911274473,40
7.052856812,40
4.911295593,40
6.31704787,40
7.707812415,40
6.476504865,40
6.447938141,40
5.079932752,40
6.908053391,40
7.468193526,40
6.894863484,40
5.375420036,40
8.52894501,40
2.866221109,40
6.007118099,40
6.777972658,40
5.249747668,40
5.972218404,40
6.209556389,40
4.484302411,40
5.246289292,40
8.434170886,40
2.378732284,40
6.102094032,40
6.440789024,40
7.589334434,40
5.57269392,40
3.882373602,40
5.581805342,40
7.364891162,40
2.403643766,40
5.782138768,40
6.226966989,40
6.175013143,40
7.303123102,40
5.196739209,40
5.942695562,40
6.611444636,40
6.742851755,40
6.707519088,40
3.24841685,40
5.557678363,40
6.479003989,40
8.81157007,40
5.23552821,40
5.925756193,40
2.651475759,40
6.907494152,40
6.689393786,40
6.586313667,40
5.847967718,40
7.173868166,40
5.585724934,40
8.98977642,40
4.980841484,40
7.257935942,40
7.057068839,40
3.009578687,40
2.697889297,40
3.996402468,40
3.383582515,40
4.807962791,40
4.428038204,40
6.523426312,40
7.657817674,40
7.283826923,40
7.007195131,40
3.956979799,40
6.987777953,40
7.50670686,40
5.889707844,40
6.284479019,40
4.392213789,40
3.293467253,40
6.419363328,40
2.979772306,40
5.975716888,40
5.333278494,40
6.754599725,40
5.599990067,40
5.406783384,40
4.432276399,40
5.726742123,40
6.456351017,40
7.202783646,40
3.544754427,40
6.328513563,40
6.37422725,40
6.83522539,40
4.627257374,40
4.816231272,40
5.950051259,40
4.59223981,40
5.204843474,40
4.765828315,40
4.952341557,40
6.136247109,40
4.691112813,40
6.734366345,40
8.299316826,40
5.514428189,40
4.279887312,40
2.367979171,40
4.124937662,40
4.942566678,40
6.140688538,40
4.898708377,40
7.370085711,40
5.896780083,40
4.870960745,40
8.211387481,40
7.240137141,40
4.151477389,40
5.779274391,40
3.769662995,40
4.326143984,40
7.38252746,40
3.813060504,40
4.715426458,40
1.639125888,40
7.110354131,40
6.836616426,40
7.928877579,40
5.724264137,40
3.63260382,40
7.26056179,40
7.424522133,40
8.098231426,40
6.196947448,40
4.060337772,40
7.573308104,40
5.123939729,40
2.654754664,40
3.292705612,40
5.056940568,40
5.492807412,40
8.126886919,40
8.022996497,40
6.015814634,40
4.639391734,40
6.531287863,40
7.993359866,40
6.546273815,40
6.162593815,40
6.537667021,40
4.926790175,40
4.608889153,40
7.287963039,40
6.856885174,40
7.587421441,40
5.034745968,40
7.687253993,40
4.974288718,40
4.40431664,40
3.108133148,40
3.737908281,40
1.308175271,40
6.003385511,40
4.969262348,40
7.439014955,40
5.127253734,40
6.306501637,40
6.388323571,40
6.233439017,40
3.864868313,40
7.184641751,40
4.428889975,40
7.623999584,40
6.986541061,40
6.02751816,40
7.090080409,40
4.778777995,40
5.016229258,40
6.996589959,40
2.233903888,40
5.258462645,40
7.167894169,40
8.657115375,40
6.786098399,40
6.943228787,40
4.130602201,40
4.010855638,40
6.084387416,40
4.499319913,40
5.25096647,40
2.711722851,40
4.197374254,40
4.086441918,40
6.148723848,45
4.1686724,45
4.770532284,45
5.08021812,45
6.136390638,45
5.240317885,45
4.408670467,45
6.904856642,45
7.065232225,45
7.738432744,45
7.05985976,45
5.956692129,45
7.153583665,45
6.486950887,45
4.234156924,45
6.769688558,45
3.974515138,45
3.646555328,45
5.943566226,45
3.007997295,45
5.636772206,45
7.326511439,45
4.444339427,45
6.645917222,45
6.428584442,45
4.536843411,45
3.325359916,45
6.359998411,45
5.17398504,45
5.971881303,45
5.036402441,45
6.437388669,45
5.468658532,45
4.086081452,45
6.384866526,45
6.281411975,45
6.531920842,45
5.616065282,45
7.593436449,45
8.656560432,45
5.175912374,45
9.129777905,45
5.382757271,45
6.158071913,45
5.883086466,45
4.728127934,45
5.891414461,45
2.598230975,45
3.759593459,45
4.924960914,45
5.813244218,45
4.741323356,45
6.502019947,45
7.526656352,45
5.499064083,45
5.152152446,45
5.022435715,45
7.599124199,45
4.619508429,45
5.46773212,45
4.20845559,45
6.840986865,45
8.99252806,45
6.509461819,45
6.172547627,45
8.564334277,45
5.664676521,45
2.857981438,45
5.317745784,45
4.821993022,45
6.416956676,45
4.933970925,45
3.411131195,45
8.00546892,45
6.609718224,45
8.145361331,45
5.347960279,45
8.011851506,45
7.629711515,45
4.38489118,45
3.484214178,45
4.330370075,45
4.713107411,45
6.141794647,45
4.148805784,45
4.12470825,45
5.734113301,45
6.785852854,45
5.725162494,45
3.551157075,45
7.152079173,45
5.289824372,45
6.908468754,45
5.098923102,45
7.084739628,45
7.65077282,45
6.436780084,45
6.545509163,45
6.937982193,45
6.950477557,45
8.848326645,45
7.445058679,45
4.972853966,45
6.71870996,45
5.768944266,45
2.559361972,45
6.035568017,45
7.033483757,45
4.636633337,45
6.455845149,45
8.318037726,45
5.96402626,45
6.843827948,45
7.045136713,45
4.189997081,45
6.294579712,45
7.019243861,45
4.9482834,45
4.572939863,45
8.856669504,45
4.476931161,45
6.590193036,45
6.500696028,45
5.504396281,45
6.164117736,45
5.135043291,45
7.222051275,45
6.114718295,45
4.97775598,45
5.843772698,45
4.223548718,45
5.82992547,45
5.105083582,45
6.012789575,45
5.897232925,45
4.816753399,45
6.010579545,45
5.758479252,45
4.584226374,45
6.399821461,45
5.440046354,45
7.028000261,45
4.800613787,45
4.029795733,45
6.646790889,45
5.430744042,45
5.736935096,45
8.40646138,45
4.906107336,45
3.568303932,45
5.29912141,45
5.723384174,45
6.659577634,45
2.200329155,45
5.781253801,45
5.610162562,45
7.294817282,45
5.8386688,45
5.598721891,45
4.775331106,45
8.898929915,45
6.649752788,45
5.050188711,45
7.682624484,45
7.45796819,45
6.048296406,45
7.109439242,45
6.979919252,45
5.689025896,45
3.771789867,45
6.737224677,45
2.3013117,45
5.48825911,45
6.223182197,45
5.711922321,45
5.629532507,45
5.013888967,45
3.056068912,45
4.204817415,45
6.46712247,45
5.70514944,45
5.926081309,45
5.117163006,45
4.729497516,45
5.397288426,45
6.3181706,45
9.100669119,45
4.83860484,45
5.336209977,45
4.705358474,45
6.530253847,45
8.207242964,45
6.545367133,45
4.884120938,45
3.979089095,45
4.389842462,45
5.783715876,45
8.15368928,45
5.749345702,45
6.84949216,45
5.924747263,45
5.670767224,45
7.382023617,45
5.941685985,45
3.48071317,45
3.11068062,45
6.835674651,45
8.202533142,45
5.310920715,45
7.070867221,45
7.63927377,45
5.175010537,45
4.653506698,45
5.393311986,45
5.776002305,45
5.342028884,45
5.471763864,45
4.683360217,45
4.573173221,45
6.470434738,45
3.987741662,45
5.779051043,45
4.964078444,45
8.301953949,45
7.929712864,45
8.103463746,45
5.401764462,45
4.897016397,45
7.225682849,45
3.712195223,45
3.961027642,45
3.461109433,45
4.20237447,45
6.178373326,45
4.802441389,45
5.049802111,45
5.809897405,45
5.484087243,45
4.185328315,45
7.015726241,45
4.501481314,45
3.265146425,45
6.771187263,45
4.905108274,45
2.401286677,45
7.515159022,45
5.592838639,45
8.075714888,45
5.255901148,45
5.633697404,45
5.634967843,45
3.462261839,45
8.43278099,45
3.208255665,45
4.454890787,45
8.549935646,45
8.209320199,45
5.114408338,45
3.936274579,45
4.335746117,45
8.228864515,45
5.743814118,45
4.77736064,45
5.83571488,45
6.137254513,45
4.28487925,45
7.138638807,45
4.146374026,45
5.772682684,45
6.817599326,45
7.687125217,45
7.83577145,45
4.474381958,45
6.637516817,45
8.991305668,45
6.765563921,45
4.971737763,45
7.228046333,45
6.743089181,45
6.584456844,45
7.472912456,45
6.254181755,45
8.901758523,45
7.318718186,45
5.166020302,45
6.623734911,45
5.171104991,45
5.981538393,45
7.52485646,45
8.929961474,45
5.667060862,45
5.547201952,45
5.616864699,45
2.331548477,45
4.766647649,45
3.343833043,45
5.568903681,45
5.957506142,45
7.036279493,45
5.091854724,45
6.801427465,45
6.757499944,45
8.009483801,45
5.897003029,45
5.03649523,45
3.642136563,45
4.923309148,45
4.625639041,45
6.398330549,45
7.550025619,45
4.637142739,45
4.630466864,45
5.016808826,45
6.948732701,45
6.760561133,45
5.834986644,45
6.611513976,45
5.604676602,45
5.695938682,45
8.592838427,45
4.083113054,45
3.351274832,45
6.78296748,45
7.834429193,45
4.028970731,45
2.988132054,45
2.207179541,45
5.481380353,45
5.344389593,45
7.375912398,45
5.691717132,45
5.622392696,45
6.983468871,45
7.219666894,45
7.370755164,45
4.232438146,45
6.709662132,45
7.225839357,45
-0.102100455,45
3.430943617,45
6.409265165,45
6.574319297,45
5.475717764,45
2.824766587,45
6.393486336,45
8.518525662,45
5.687834342,45
7.816607457,45
6.73441968,45
3.545740463,45
6.913031375,45
1.963521917,45
4.491041449,45
7.139261628,45
5.783481401,45
5.600951152,45
2.127762206,45
4.090411514,45
8.06086712,45
5.600888465,45
5.598374938,45
2.80159991,45
7.014136538,45
5.141782318,45
2.927479996,45
5.578311308,45
7.771712734,45
7.638600566,45
1.258071988,45
7.316668517,45
5.608856056,45
5.667164645,45
6.696812443,45
4.158774835,45
1.850628089,45
5.009652552,45
7.067572634,45
8.191815987,45
8.272456783,45
4.227304318,45
5.857877742,45
6.638937147,45
4.392281189,45
6.092465878,45
5.302959134,45
5.167022328,45
6.523944509,45
8.215229353,45
5.698872573,45
6.789535472,45
5.906062301,45
4.10180542,45
4.609445245,45
6.27309835,45
6.625527158,45
7.483806988,45
7.14815973,45
4.240895022,45
7.54131053,45
6.411244759,45
4.052695284,45
6.763516057,45
5.8962062,45
6.643930311,45
3.673548762,45
3.964709204,45
6.96716636,45
6.885990378,45
2.193077467,45
2.995369048,45
6.89782434,45
4.912077802,45
5.392855015,45
5.501074279,45
6.962244302,45
5.057126442,45
4.004587554,45
4.718706751,45
4.970072771,45
7.128624444,45
7.28991842,45
6.403099421,45
6.746280851,45
4.630477278,45
5.117586036,45
7.312683897,45
5.18861198,45
5.663393408,45
2.747631192,45
6.165494562,45
4.07461046,45
3.285932497,45
6.731253237,45
6.251188993,45
6.878664352,45
6.243307417,45
5.04662277,45
7.653300182,45
9.076234453,45
5.28749146,45
4.505249188,45
5.364696382,45
4.853684474,45
3.800103142,45
4.645566015,45
7.451585817,45
5.840282124,45
6.480636765,45
4.733362185,45
5.802982498,45
4.85648792,45
7.497820467,45
5.928457039,45
4.28223825,45
6.263803657,45
5.670406108,45
7.725382206,45
7.845973622,45
2.680969689,45
6.193354069,45
5.793057616,45
6.558266281,45
5.168006751,45
4.493416359,45
5.512199967,45
9.102476475,45
5.256253871,45
5.55559977,45
6.365877093,45
1.621896601,45
5.420118672,45
6.134129436,45
6.851045813,45
6.428041894,45
4.792567771,45
4.817156018,45
7.082331118,45
5.814800692,45
7.354411981,45
7.085828794,45
4.38802439,45
5.283128284,45
4.288721984,45
6.214908987,45
8.715272403,45
5.526601127,45
4.420600437,45
7.235577146,45
7.381039615,45
6.371125613,45
8.193223127,45
6.072828216,45
7.709756153,45
5.38887244,45
5.676747584,45
2.994704066,45
8.059726895,45
7.392987732,45
5.618793975,45
5.528950683,45
5.836914948,45
4.578376743,45
5.414540212,45
6.544934671,45
5.810198296,45
5.099793109,45
5.713912873,45
5.930921654,45
6.947364209,45
4.678265552,45
3.801362827,45
7.125386829,45
5.991635622,45
8.324293516,45
6.875299772,45
6.74847578,45
7.149919232,45
8.015897655,45
4.270806351,45
7.782971967,45
7.205827768,45
2.733871575,45
7.193277107,45
3.829071535,45
6.417590769,45
4.112602116,45
6.293516722,45
2.851843825,45
4.013706818,45
7.444402841,45
5.451757323,45
-0.529580521,45
5.730781391,45
4.630747417,45
5.613109228,45
6.552307827,45
4.903316799,45
6.987347159,45
6.568427345,45
2.165454877,45
5.840686058,45
3.684489415,45
5.106372999,45
4.085489965,45
6.953814026,45
6.239204628,45
6.570323317,45
7.329895212,45
7.768529939,45
6.948208319,45
5.676907162,45
8.461028086,45
5.424638811,45
6.935052544,45
5.621415171,45
5.841898918,45
7.904882274,45
1.621369016,45
5.387149855,45
7.225100997,45
5.661588739,45
7.820032578,45
3.84819582,45
4.036958677,45
5.868372208,45
7.297108673,45
5.299260601,45
5.773246352,45
5.634050041,45
4.670458062,45
6.662314369,45
6.73983024,45
2.335442348,45
6.027982309,45
5.780845895,45
5.118118251,45
7.56668278,45
7.222261376,45
6.64855136,45
6.858405815,45
7.229093706,45
3.34322741,45
5.015903477,45
5.524201605,45
3.108194511,45
8.468363538,45
3.256471919,45
8.514081749,45
8.167070123,45
5.058636534,45
5.079899247,45
5.087536429,45
7.114307186,45
5.520531226,45
7.659387012,45
6.042084237,45
5.033120565,45
5.762362028,45
6.105763772,45
6.645184958,45
5.688300544,45
6.633138986,45
6.21230433,45
6.155988387,45
2.510208436,45
4.235305922,45
6.471705668,45
4.276265284,45
5.655357196,45
1.341808959,45
6.990523199,45
4.356376208,45
4.787816448,45
7.342367888,45
2.956536401,45
4.796228541,45
5.256097899,45
6.555418772,45
3.033517925,45
4.517501466,45
4.408285024,45
6.640688149,45
4.163309052,45
2.049290294,45
4.825586633,45
6.533006253,45
6.167398796,45
5.645224299,45
4.093056654,45
6.064735202,45
6.228162127,45
6.605761957,45
6.069873595,45
5.855975455,45
7.152972771,45
8.39245295,45
4.406451252,45
5.446428136,45
5.226081327,45
5.954166679,45
4.807111547,45
5.929857922,45
3.252236459,45
5.44109745,45
4.936061014,45
6.125525108,45
4.725439955,45
6.778280536,45
4.127050212,45
6.411150742,45
6.764317682,45
5.583910964,45
7.79392361,45
5.910288881,45
8.858159331,45
6.524930806,45
7.876998214,45
3.122315719,45
3.190143616,45
4.873318379,45
4.592013025,45
6.213950045,45
6.585071681,45
8.009176693,45
5.0656769,45
8.265767527,45
2.152389037,45
4.652177261,45
6.242719914,45
7.52855461,45
2.130011403,45
0.453458592,45
6.831188721,45
5.752153104,45
5.121241761,45
5.956375512,45
6.385166171,45
7.897025987,45
4.347439321,45
6.983716087,45
8.578922344,45
4.876783794,45
5.090284952,45
7.644127049,45
5.935427142,45
4.838097386,45
4.617456611,45
4.821892408,45
5.039959409,45
3.355782557,45
7.294091602,45
4.546989827,45
7.630647513,45
6.580166426,45
1.93642007,45
3.960446019,45
5.52852108,45
1.685928646,45
5.552034107,45
2.610085949,45
4.854665843,45
6.896088286,45
6.447758301,45
-0.196360067,45
6.594470736,45
6.673956136,45
6.385914596,45
4.409360922,45
7.174213536,45
6.96082336,45
-0.376581772,45
4.299552967,45
4.943578087,45
7.876020976,45
4.765897312,45
5.909107737,45
6.175251336,45
6.413979997,45
4.848707393,45
4.908087479,45
5.189540343,45
6.568328428,45
5.471994439,45
3.871257276,45
6.749664969,45
7.901927835,45
8.161089922,45
5.811204356,45
6.634701048,45
5.427373227,45
3.027421628,45
5.973569364,45
6.117051492,45
4.899144258,45
6.260392098,45
7.064026912,45
7.535989137,45
3.254954164,45
4.386117339,45
2.60106302,45
4.924754093,45
5.780458315,45
6.224620188,45
7.314221015,45
5.78842135,45
6.065421138,45
5.422413306,45
8.047560607,45
6.155471529,45
6.374375396,45
7.38307371,45
3.520799418,45
6.213876691,45
5.57774606,45
4.361967669,45
4.486989637,45
4.91316099,45
4.004182976,45
1.550262588,45
6.5461584,45
4.77127114,45
5.581257187,45
6.347427022,45
5.407952128,45
3.263401888,45
5.818983512,45
3.825695432,45
5.483865397,45
6.809864203,45
6.9245704,45
5.700998094,45
6.1026284,45
5.874584734,45
8.135516015,45
2.821824017,45
3.938436519,45
3.861276629,45
6.092420119,45
4.279611597,45
6.179348582,45
4.879793501,45
3.411777103,45
1.991094823,45
4.367243136,45
7.227406978,45
3.579258182,45
1.501405237,45
5.049592758,45
6.646592386,45
7.158988831,45
3.603536828,45
6.019951771,45
5.837245073,45
6.167178309,45
6.982884847,45
7.795953034,45
7.530454242,45
7.44684232,45
5.187006395,45
7.913425676,45
6.61355971,45
7.788444227,45
6.562617658,45
4.932914565,45
7.32860222,45
5.362379748,45
4.5593694,45
4.794337131,45
6.566079951,45
6.281892024,45
7.37352816,45
4.634903486,45
5.79924916,45
7.014846212,45
4.8451945,45
5.773130284,45
7.657557154,45
6.393958658,45
6.386567288,45
4.996680137,45
6.855626434,45
7.413808354,45
6.803293323,45
5.250277729,45
8.523107989,45
2.641762103,45
5.74197171,45
6.78670815,45
5.250435253,45
5.891213543,45
6.130326977,45
4.285067356,45
5.131140677,45
8.380671972,45
2.076585982,45
6.123316645,45
6.37371126,45
7.600243139,45
5.481533769,45
3.693099131,45
5.393018952,45
7.334249109,45
2.213544737,45
5.588563878,45
6.166608133,45
6.1269596,45
7.280943891,45
5.157894695,45
5.804919438,45
6.563114092,45
6.657135408,45
6.702165345,45
3.038579316,45
5.392605171,45
6.385693003,45
8.734975252,45
5.235022213,45
5.837736631,45
2.078472139,45
6.823800306,45
6.592443952,45
6.529685353,45
5.780646071,45
7.157267189,45
5.509633189,45
8.918255559,45
4.851115988,45
7.18893405,45
7.01967745,45
2.860005567,45
2.576617377,45
3.867781653,45
3.232199149,45
4.638617151,45
4.327752837,45
6.499597056,45
7.63320286,45
7.23864454,45
6.895385169,45
3.763175773,45
6.960905359,45
7.478543124,45
5.834163814,45
6.236704063,45
4.225124638,45
3.085456033,45
6.375677719,45
2.825567359,45
5.872473363,45
5.215330252,45
6.618466488,45
5.463492563,45
5.319728128,45
4.219975009,45
5.728575368,45
6.37694348,45
7.07339597,45
3.39792972,45
6.277020528,45
6.35213807,45
6.724889653,45
4.489683363,45
4.717698964,45
5.895832061,45
4.45399433,45
5.098368363,45
4.697811513,45
4.840837405,45
6.073734598,45
4.603629846,45
6.713135508,45
8.257291807,45
5.43465715,45
4.154319846,45
2.195206687,45
3.938920277,45
4.710344634,45
6.073442941,45
4.745311934,45
7.119456294,45
5.820909552,45
4.776939616,45
8.202327163,45
7.236058054,45
4.002062807,45
5.732475299,45
3.548503577,45
4.228114218,45
7.346978556,45
3.739815171,45
4.535037269,45
1.172844503,45
7.002914829,45
6.660459637,45
7.921356364,45
5.601316653,45
3.456965715,45
7.14200089,45
7.433074383,45
7.993380879,45
6.102716666,45
3.979369584,45
7.581137537,45
4.977941299,45
2.42557374,45
2.936471144,45
4.911478707,45
5.428443615,45
8.109036965,45
8.002374156,45
5.942765052,45
4.463804404,45
6.484825172,45
7.953001573,45
6.337642458,45
5.982861054,45
6.467907328,45
4.860232702,45
4.364603738,45
7.243904773,45
6.857006061,45
7.561036758,45
4.820668252,45
7.67470631,45
4.869232836,45
4.106581197,45
2.809007727,45
3.561403993,45
1.08260038,45
5.956817839,45
4.778723736,45
7.345279943,45
4.988449262,45
6.206551439,45
6.3550272,45
6.142124,45
3.693513856,45
7.149451035,45
4.292456556,45
7.614239004,45
6.904029551,45
5.96035057,45
7.117288724,45
4.626541442,45
4.830782976,45
6.812830488,45
2.012146539,45
5.147396354,45
7.136547883,45
8.616304316,45
6.757219941,45
6.94023111,45
3.94783344,45
3.816920903,45
5.908032517,45
4.338394947,45
5.067140498,45
2.481653786,45
4.073329072,45
3.861555914,45
6.031549759,50
3.999128677,50
4.38783326,50
4.955595678,50
6.093165106,50
5.086565553,50
4.112980359,50
6.88679227,50
7.012186321,50
7.710258732,50
7.025166582,50
5.850587955,50
7.091776897,50
6.45941505,50
4.194147595,50
6.692458913,50
3.824364113,50
3.479078048,50
5.857791586,50
2.732436102,50
5.513513035,50
7.293142213,50
4.224159327,50
6.616915904,50
6.344711465,50
4.361698891,50
3.015469525,50
6.251080216,50
5.041504308,50
5.85128706,50
4.901295064,50
6.343069539,50
5.300689581,50
3.911711372,50
6.305528859,50
6.201080395,50
6.479267232,50
5.442817002,50
7.544912202,50
8.506796002,50
5.089865999,50
9.050107676,50
5.32279075,50
6.012478953,50
5.838117892,50
4.524940515,50
5.868243071,50
2.501358154,50
3.435017872,50
4.784473199,50
5.698434694,50
4.625666847,50
6.43701163,50
7.454544732,50
5.382851153,50
5.053676212,50
4.833399659,50
7.615695989,50
4.587495216,50
5.337663517,50
3.804527033,50
6.814218759,50
8.949616727,50
6.423602732,50
6.079014522,50
8.508687904,50
5.517954717,50
2.625618167,50
5.116304051,50
4.60210213,50
6.358049125,50
4.894359187,50
3.13254559,50
7.982923139,50
6.482132694,50
8.108225055,50
5.263927757,50
7.973810033,50
7.56393847,50
4.40642389,50
3.33057649,50
4.201817561,50
4.533709487,50
5.979012733,50
3.948603988,50
3.942419061,50
5.619064221,50
6.735994901,50
5.491616466,50
3.354703088,50
7.102400903,50
5.300849254,50
6.869375267,50
4.905306426,50
6.991713215,50
7.573327326,50
6.403545373,50
6.504430495,50
6.905015736,50
6.902221257,50
8.790854474,50
7.467377772,50
4.825881828,50
6.69990054,50
5.674907091,50
2.176349496,50
5.878595034,50
7.032570201,50
4.530237007,50
6.333703586,50
8.330853234,50
5.867498812,50
6.782129652,50
7.026825274,50
3.949639967,50
6.268398644,50
6.971183398,50
4.829280189,50
4.604993016,50
8.80856324,50
4.367238684,50
5.865508627,50
6.422055028,50
5.41997425,50
6.101279008,50
5.055053646,50
7.197481655,50
5.93941835,50
4.926659411,50
5.838604087,50
4.170659533,50
5.734263884,50
5.021128952,50
5.948701134,50
5.807627453,50
4.701592252,50
5.95879131,50
5.440932873,50
4.456003809,50
6.294793515,50
5.408416606,50
6.989862631,50
4.660611216,50
3.909226129,50
6.616030786,50
5.407388929,50
5.674666658,50
8.406581244,50
4.766827195,50
3.464543576,50
5.272732064,50
5.57435294,50
6.638219453,50
1.971999427,50
5.700906639,50
5.637295279,50
7.243701167,50
5.660225367,50
5.285154408,50
4.574121532,50
8.850596989,50
6.555168234,50
4.971898928,50
7.667635655,50
7.453040435,50
5.852699538,50
7.068162278,50
6.951234867,50
5.579116234,50
3.941212862,50
6.721182413,50
2.044831916,50
5.406067808,50
6.16743338,50
5.514565618,50
5.549344829,50
4.883819236,50
2.898545792,50
4.102555087,50
6.420073331,50
5.637118432,50
5.812868722,50
4.995601794,50
4.621826953,50
5.280687202,50
6.316883985,50
9.086467148,50
4.719953528,50
5.300825738,50
4.651547133,50
6.418356547,50
8.176088709,50
6.448679177,50
4.733796322,50
3.59758103,50
4.29591824,50
5.66940263,50
8.131039674,50
5.677014474,50
6.818775435,50
5.801160808,50
5.594379091,50
7.386010086,50
5.900471128,50
3.112502291,50
2.902345749,50
6.801691238,50
8.150485086,50
5.173597312,50
7.028461609,50
7.629158862,50
5.026499993,50
4.524017358,50
5.252648117,50
5.707166635,50
5.256556993,50
5.403368325,50
4.56660347,50
4.475373093,50
6.456342031,50
3.913066772,50
5.693711126,50
4.639311516,50
8.27542751,50
7.916810406,50
8.093916802,50
5.295547038,50
4.734431554,50
7.12468921,50
3.56975704,50
3.890110788,50
3.353743528,50
4.098108932,50
6.100584269,50
4.654665203,50
4.923727117,50
5.721376623,50
5.416132072,50
4.17245505,50
6.976766282,50
4.381069832,50
2.442250171,50
6.767814456,50
4.838596383,50
2.29175857,50
7.507067263,50
5.489944992,50
8.074318957,50
5.310077247,50
5.197556698,50
5.637683166,50
3.311853964,50
8.417896529,50
3.073312234,50
4.351278019,50
8.552467865,50
8.16186154,50
5.083163643,50
3.714751508,50
4.012622296,50
8.20885569,50
5.554669177,50
4.608654557,50
5.644275221,50
6.000217366,50
3.831053024,50
7.107371448,50
4.040084525,50
5.553302198,50
6.797462678,50
7.684871248,50
7.836193259,50
4.331993404,50
6.605379704,50
8.940371815,50
6.680949118,50
4.835447533,50
7.107027667,50
6.7056441,50
6.559410412,50
7.349682344,50
6.283495622,50
8.848789308,50
7.321024542,50
5.063774383,50
6.603981102,50
5.116502273,50
5.917645341,50
7.489377113,50
8.869956292,50
5.610889466,50
5.54480425,50
5.364854079,50
2.106193458,50
4.669629644,50
3.175170854,50
5.485599249,50
5.911190566,50
7.055903496,50
5.006594344,50
6.782849473,50
6.715839178,50
7.942543266,50
5.847023157,50
4.959507423,50
3.407099829,50
4.806860398,50
4.563322943,50
6.35774341,50
7.49383993,50
4.538068161,50
4.46045501,50
5.044685977,50
6.919786736,50
6.654895068,50
5.703467026,50
6.475052256,50
5.471054424,50
5.660860989,50
8.594774595,50
3.734460128,50
3.119178227,50
6.749955743,50
7.820810246,50
3.934229441,50
2.779766953,50
1.904929378,50
5.456524205,50
5.260373944,50
7.380450252,50
5.610086485,50
5.503014231,50
6.960378536,50
6.956874964,50
7.309892203,50
4.161098635,50
6.533767214,50
7.21680099,50
-0.310711335,50
3.218160848,50
6.401571296,50
6.592010687,50
5.43575954,50
2.577760618,50
6.198109677,50
8.49891432,50
5.648514005,50
7.759194583,50
6.496670406,50
3.27884651,50
6.901986474,50
1.695606649,50
4.337939577,50
7.126425694,50
5.692560019,50
5.538962027,50
1.786598878,50
3.898097453,50
8.04491016,50
5.526666887,50
5.522819431,50
2.677726478,50
6.966116196,50
5.046110599,50
2.70710269,50
5.430002478,50
7.793950129,50
7.590343746,50
0.970969403,50
7.18735538,50
5.559545497,50
5.603396871,50
6.646418654,50
4.063629646,50
1.340891246,50
4.848814196,50
7.005255428,50
8.134898733,50
8.234023635,50
3.67808378,50
5.857455528,50
6.625470076,50
4.568001553,50
6.044070294,50
5.16216894,50
4.952095347,50
6.506331539,50
8.19624597,50
5.66769321,50
6.558188496,50
5.817112386,50
3.922347333,50
4.617816929,50
6.267071029,50
6.488965493,50
7.381375569,50
7.129794265,50
4.009944021,50
7.528181054,50
6.29529131,50
3.933984066,50
6.682554942,50
5.829330962,50
6.555778644,50
3.476559022,50
3.767109066,50
6.897567327,50
6.837323188,50
1.894436945,50
2.687563868,50
6.797234615,50
4.82465581,50
5.338277271,50
5.393627824,50
6.856496999,50
4.849433497,50
3.845911633,50
4.573339737,50
4.820227543,50
7.067524397,50
7.230193615,50
6.381570039,50
6.718632054,50
4.521358585,50
5.005268952,50
7.237083616,50
5.091041893,50
5.566282268,50
2.723063482,50
6.057411999,50
3.957741003,50
3.168024456,50
6.645475897,50
6.187101775,50
6.679058349,50
6.188739852,50
4.957499397,50
7.62626546,50
9.05352045,50
5.205591255,50
4.407304306,50
5.196637694,50
4.725474049,50
3.607442775,50
4.523657193,50
7.435072886,50
5.759421881,50
6.444507246,50
4.559265404,50
5.718767696,50
4.695054071,50
7.354165841,50
5.878946989,50
4.165223234,50
6.227665153,50
5.563661161,50
7.651625612,50
7.783476772,50
2.489189002,50
6.130621694,50
5.643897767,50
6.530800419,50
5.124539107,50
4.340603287,50
5.395664599,50
9.066958799,50
5.156965733,50
5.42645782,50
6.326689963,50
1.59881035,50
5.271229303,50
6.09948666,50
6.775221383,50
6.42353882,50
4.706990446,50
4.830039055,50
7.015429148,50
5.768421079,50
7.326264609,50
6.975254296,50
4.142218537,50
5.197398385,50
4.120483604,50
6.147002444,50
8.703363594,50
5.543921621,50
4.355621732,50
7.074239228,50
7.332960681,50
6.346824903,50
8.163258156,50
5.9872494,50
7.687401624,50
5.316269876,50
5.67397656,50
2.804118409,50
8.039361832,50
7.369080113,50
5.538923582,50
5.364083276,50
5.702594636,50
4.439263098,50
5.313205678,50
6.473700744,50
5.783853728,50
5.026064358,50
5.628739484,50
5.904656327,50
6.900055192,50
4.680544892,50
3.691776331,50
6.938041246,50
5.889920972,50
8.324265917,50
6.835561325,50
6.679701679,50
7.135750786,50
8.017622037,50
4.221607174,50
7.751302016,50
7.161033295,50
2.584132281,50
7.175645021,50
3.674558494,50
6.360932957,50
3.71418372,50
6.13718062,50
2.896390157,50
3.865777087,50
7.420806601,50
5.344484523,50
-0.525546277,50
5.561002425,50
4.53029802,50
5.550292841,50
6.467102484,50
4.706651361,50
6.789457844,50
6.508565886,50
1.935255268,50
5.831396091,50
3.366666338,50
4.990510642,50
3.935386551,50
6.775656053,50
6.203421956,50
6.525943805,50
7.30303483,50
7.728431153,50
6.958066662,50
5.615345577,50
8.438041618,50
5.319254335,50
6.855360593,50
5.531715109,50
5.854191903,50
7.889800393,50
1.224406228,50
5.109081826,50
7.166209391,50
5.583131064,50
7.760289489,50
3.658938125,50
3.869828686,50
5.8679036,50
7.259462016,50
5.192827991,50
5.702028975,50
5.40629089,50
4.496370025,50
6.59724285,50
6.615077043,50
2.012646244,50
6.005073986,50
5.757973831,50
4.970619042,50
7.528493021,50
7.17470988,50
6.584420518,50
6.852701066,50
7.227669402,50
3.09010568,50
4.768771568,50
5.439249371,50
2.917164321,50
8.398616026,50
3.068001125,50
8.488198007,50
8.151165807,50
4.931361351,50
4.79035781,50
4.918987832,50
7.082417894,50
5.358973942,50
7.581787859,50
5.858479009,50
4.871218873,50
5.69252319,50
6.144428599,50
6.622662381,50
5.642267914,50
6.622674252,50
6.183735623,50
6.035978826,50
2.105303559,50
4.073822667,50
6.462330498,50
4.187708973,50
5.598924525,50
1.056323315,50
6.912376269,50
4.214239669,50
4.674966629,50
7.323152085,50
2.613218016,50
4.377185145,50
5.10301093,50
6.473417656,50
2.848440873,50
4.503500564,50
4.280784282,50
6.550606088,50
4.047447099,50
1.810630877,50
4.709839316,50
6.495284249,50
6.147676123,50
5.545840029,50
3.829312558,50
6.042436262,50
6.187904772,50
6.549751175,50
5.99554507,50
5.766642886,50
7.087679874,50
8.405464006,50
4.298111738,50
5.303090503,50
5.180266379,50
5.932549993,50
4.800736267,50
5.863946792,50
3.053532368,50
5.48063193,50
4.768599628,50
6.08955811,50
4.553888135,50
6.799281367,50
4.035033781,50
6.34372298,50
6.647620508,50
5.667913446,50
7.822469158,50
5.840739238,50
8.881549502,50
6.466071964,50
7.740870368,50
2.901278051,50
3.024422874,50
4.743832095,50
4.534883568,50
6.141424898,50
6.562322339,50
7.947570265,50
4.991494844,50
8.185945738,50
2.307295053,50
4.486957351,50
6.210914028,50
7.470294037,50
2.431616477,50
0.22524096,50
6.621951061,50
5.710563983,50
4.998674707,50
5.895761079,50
6.306582253,50
7.855427983,50
4.314201673,50
6.965099581,50
8.519680023,50
4.711620806,50
5.049057634,50
7.649838371,50
5.879788652,50
4.83235974,50
4.453650295,50
4.693747351,50
4.872506062,50
3.352308336,50
7.23969337,50
4.388476659,50
7.604059169,50
6.544130955,50
1.627181177,50
3.859115475,50
5.497242453,50
1.39563098,50
5.396152529,50
2.04907404,50
4.801809453,50
6.868043555,50
6.132617985,50
-0.515786844,50
6.46845439,50
6.692862735,50
6.311761394,50
4.011800675,50
7.187595654,50
6.954507526,50
-0.494445419,50
4.004815648,50
4.749237634,50
7.76012638,50
4.649744993,50
5.857327023,50
6.06263176,50
6.332032943,50
4.859640048,50
4.80778475,50
5.306779463,50
6.322302354,50
5.433350193,50
3.711288085,50
6.733730302,50
7.91563825,50
8.004963022,50
5.745790826,50
6.564744703,50
5.268831966,50
3.036855004,50
5.887374239,50
6.036318964,50
4.820967238,50
6.297224274,50
6.933558918,50
7.506251485,50
2.942001833,50
4.247728957,50
2.393475731,50
4.762352329,50
5.716091006,50
6.160632248,50
7.267182051,50
5.671071294,50
6.015333143,50
5.273994484,50
8.021499339,50
6.093078096,50
6.308921299,50
7.376748285,50
3.371460163,50
6.192597117,50
5.478583934,50
4.167906211,50
4.342269843,50
4.696458673,50
3.869305536,50
1.293131456,50
6.493671402,50
4.60913327,50
5.508917304,50
6.337464182,50
5.324338249,50
3.539385768,50
5.570026273,50
3.336311578,50
5.461228477,50
6.765967695,50
6.86643248,50
5.617321372,50
6.027317122,50
5.758490087,50
8.123223452,50
2.596349097,50
3.752599865,50
3.767277674,50
6.047201685,50
4.097510322,50
6.153121296,50
4.742012513,50
3.482970112,50
1.785783089,50
4.207101288,50
7.116774489,50
3.426026942,50
1.182661196,50
4.844006728,50
6.436527952,50
7.115024089,50
3.393411617,50
5.732111571,50
5.411887779,50
6.114550507,50
6.947071751,50
7.691430765,50
7.518945611,50
7.409385406,50
5.003618956,50
7.917787328,50
6.611225629,50
7.69926058,50
6.520531975,50
4.397221842,50
7.299282467,50
5.238431903,50
4.44732566,50
4.693176564,50
6.498545949,50
6.228383839,50
7.30174194,50
4.606089563,50
5.67751055,50
6.975526152,50
4.730708714,50
5.256838472,50
7.636853847,50
6.347061266,50
6.316890707,50
5.018337187,50
6.828459312,50
7.390475352,50
6.719890795,50
5.150434034,50
8.525100748,50
2.451941759,50
5.596008953,50
6.7532871,50
5.181858727,50
5.784865244,50
6.068887448,50
4.100042966,50
5.004049221,50
8.35166025,50
1.744379748,50
6.072400751,50
6.32418038,50
7.56435086,50
5.399822736,50
3.493364403,50
5.352887897,50
7.284791514,50
2.035021943,50
5.447469,50
6.107769033,50
6.092529668,50
7.303479074,50
4.830665218,50
5.666664042,50
6.509569573,50
6.599744643,50
6.636099232,50
2.83489578,50
5.265626156,50
6.350018173,50
8.676139866,50
5.155720171,50
5.739618966,50
1.558449747,50
6.772285538,50
6.546570473,50
6.502304621,50
5.701070671,50
7.142652736,50
5.433905226,50
8.861863145,50
4.717308932,50
7.1426866,50
6.980052875,50
2.554949622,50
2.512817281,50
3.726852423,50
3.059307358,50
4.517049296,50
4.032816371,50
6.421092362,50
7.617157821,50
7.228500561,50
6.824320296,50
3.553823637,50
6.861467458,50
7.430229116,50
5.796225073,50
6.153229521,50
4.008099992,50
2.821320938,50
6.328421433,50
2.672459285,50
5.790922644,50
5.07683507,50
6.541241508,50
5.167909665,50
5.345289793,50
4.010945206,50
5.656025102,50
6.312089714,50
6.968103625,50
3.245527384,50
6.22948709,50
6.300674693,50
6.664026465,50
4.238384838,50
4.597660676,50
5.878974225,50
4.372677495,50
4.949812842,50
4.536862526,50
4.752017826,50
5.993866027,50
4.527821448,50
6.63356971,50
8.191698165,50
5.352184228,50
3.989769283,50
2.002153222,50
3.794241648,50
4.619210862,50
5.952024584,50
4.579269401,50
6.734148258,50
5.736208088,50
4.691021515,50
8.158671538,50
7.230916352,50
3.852625867,50
5.697293265,50
3.353031794,50
4.059307164,50
7.287697574,50
3.418663285,50
4.37519776,50
1.156187689,50
6.88379491,50
6.511083519,50
7.891872863,50
5.461440949,50
3.286272615,50
7.03716346,50
7.419925305,50
7.926394893,50
5.906649742,50
3.907249362,50
7.521143005,50
4.853234506,50
2.189887068,50
2.742286102,50
4.767300246,50
5.289452968,50
8.090018434,50
7.991144577,50
5.852799324,50
4.301895581,50
6.479270394,50
7.95353992,50
6.129090534,50
5.930851052,50
6.444471914,50
4.79324881,50
4.057007836,50
7.239396464,50
6.844223591,50
7.565058916,50
4.457510085,50
7.657538273,50
4.836417047,50
3.884500182,50
2.743311844,50
3.418256849,50
0.845115654,50
5.88397983,50
4.778789154,50
7.330635627,50
4.81241011,50
6.096402855,50
6.271432569,50
6.100557488,50
3.55839126,50
7.114994893,50
4.112426054,50
7.613063813,50
6.851399028,50
5.909975765,50
7.139067294,50
4.421658957,50
4.674364087,50
6.809717301,50
1.777302028,50
5.033213758,50
7.092056115,50
8.553452473,50
6.718038882,50
6.916984334,50
3.757695461,50
3.61274153,50
5.799369817,50
4.195278409,50
5.028990681,50
2.068054938,50
3.925927355,50
3.536943295,50
5.965944442,55
4.088774114,55
4.337287151,55
4.827453871,55
6.050142264,55
4.966744971,55
3.923543305,55
6.757831703,55
7.01192626,55
7.649183614,55
7.025406782,55
5.758655052,55
7.065959604,55
6.439782667,55
4.112001878,55
6.573938041,55
3.707626948,55
3.286953075,55
5.820696309,55
2.91789362,55
5.429540762,55
7.290434625,55
4.076269385,55
6.560922877,55
6.194663792,55
4.258511354,55
3.107696683,55
6.141655732,55
4.958034672,55
5.764791759,55
4.740551901,55
6.31775451,55
5.160819377,55
3.728658058,55
6.258380901,55
6.054708989,55
6.447089097,55
5.170604931,55
7.53528194,55
8.452717097,55
4.968051159,55
8.99063359,55
5.217661869,55
5.954969693,55
5.778714866,55
4.488586306,55
5.815386566,55
2.419473903,55
3.349342835,55
4.522995946,55
5.620403464,55
4.529044776,55
6.384610818,55
7.436817462,55
5.305574599,55
4.956299109,55
4.667765378,55
7.635795872,55
4.520347408,55
5.229235745,55
3.799267935,55
6.74127844,55
8.895662134,55
6.346816373,55
5.909128406,55
8.46422782,55
5.432475403,55
2.44967354,55
4.993251486,55
4.56692012,55
6.296569412,55
4.540132843,55
2.921761386,55
7.971330876,55
6.442177073,55
8.087400892,55
5.169658466,55
7.941137971,55
7.497864946,55
4.227754863,55
3.083461383,55
4.060732097,55
4.448042795,55
5.915764192,55
3.288451534,55
3.807740197,55
5.511364712,55
6.67566991,55
5.064833251,55
3.160833734,55
7.054062724,55
5.210669135,55
6.814752261,55
4.820603425,55
6.902981007,55
7.335434862,55
6.374570774,55
6.482163288,55
6.895001936,55
6.875797007,55
8.722375943,55
7.448099113,55
4.703372575,55
6.667537234,55
5.550889227,55
1.517251815,55
5.716884489,55
6.99374064,55
4.447538622,55
6.279072822,55
8.310670391,55
5.774109038,55
6.763561673,55
7.022349955,55
3.808757868,55
6.25977062,55
6.908659076,55
4.694167061,55
4.503264727,55
8.755631364,55
4.036022842,55
5.555040834,55
6.35225163,55
5.335060963,55
6.037303708,55
4.963733193,55
7.18126865,55
5.827754993,55
4.810563005,55
5.739473113,55
4.076852633,55
5.701510099,55
4.925068075,55
5.879391677,55
5.773028915,55
4.586473539,55
5.879859711,55
5.337256853,55
4.346563851,55
6.182134402,55
5.331087057,55
6.970856997,55
4.570779076,55
3.773036961,55
6.554761709,55
5.307194701,55
5.650174288,55
8.390010077,55
4.636596075,55
3.356556161,55
5.170609872,55
5.538414354,55
6.582169854,55
1.727324024,55
5.611312389,55
5.740382581,55
7.225533334,55
5.549323104,55
5.162093929,55
4.528001787,55
8.761252161,55
6.464358397,55
4.897315854,55
7.632302006,55
7.451600362,55
5.689385149,55
7.054659741,55
6.924169583,55
5.460586379,55
3.925874686,55
6.675598317,55
1.803927769,55
5.279773532,55
6.177564788,55
5.41728629,55
5.462809008,55
4.778329593,55
2.659958798,55
4.009776598,55
6.282090129,55
5.623602293,55
5.676243652,55
4.884275737,55
4.563475517,55
5.157134356,55
6.265309915,55
9.052071873,55
4.605183003,55
5.244825435,55
4.51625959,55
6.33923132,55
8.132946787,55
6.406840605,55
4.741278479,55
3.500238994,55
4.20056012,55
5.506136082,55
8.107843687,55
5.663015262,55
6.783679995,55
5.736988333,55
5.496750272,55
7.361040426,55
5.852092198,55
2.950949306,55
2.684730471,55
6.742076977,55
8.088235025,55
5.08095759,55
6.992362972,55
7.640893437,55
4.927692003,55
4.389302954,55
5.14164571,55
5.570282587,55
5.146265212,55
5.321389672,55
4.472253141,55
4.318068999,55
6.46914279,55
3.741268568,55
5.669291813,55
4.391048581,55
8.237683957,55
7.867891329,55
8.057625649,55
5.194497903,55
4.539075605,55
7.03834517,55
3.426368733,55
3.753998713,55
3.233482975,55
4.102477901,55
6.041777106,55
4.505186965,55
4.821088848,55
5.675201636,55
5.323848712,55
4.069415061,55
6.960656115,55
4.282933272,55
2.00713981,55
6.725114622,55
4.736459286,55
2.083176775,55
7.472263542,55
5.451549132,55
8.043901506,55
5.329412866,55
4.971785671,55
5.533858421,55
3.145513987,55
8.394193064,55
2.789975713,55
4.24280872,55
8.559370062,55
8.162134769,55
4.888697521,55
3.505879567,55
3.980552024,55
8.204664842,55
5.403856837,55
4.398527732,55
5.414931167,55
5.895307192,55
3.628210795,55
7.078921606,55
3.902205069,55
5.299428962,55
6.776706189,55
7.67747781,55
7.845868984,55
4.193301639,55
6.559322749,55
8.883971346,55
6.644197544,55
4.762326641,55
6.9575528,55
6.672399418,55
6.480562946,55
7.276418515,55
6.237043646,55
8.791176674,55
7.342664806,55
4.879985024,55
6.534124209,55
5.033959386,55
5.846824713,55
7.401721224,55
8.848898281,55
5.489351015,55
5.53619642,55
5.138750421,55
1.885397646,55
4.540119001,55
2.987866027,55
5.358343593,55
5.848883893,55
6.990975302,55
4.880646146,55
6.722274354,55
6.712745355,55
7.898466517,55
5.767759315,55
4.869393238,55
3.17450113,55
4.777054751,55
4.359307462,55
6.256401213,55
7.45516955,55
4.392794185,55
4.356983643,55
5.056190794,55
6.908145294,55
6.650040031,55
5.555552167,55
6.341523756,55
5.332899302,55
5.579621339,55
8.587189635,55
3.550594349,55
2.923764695,55
6.643578333,55
7.834673138,55
3.814727213,55
2.578710393,55
1.598619102,55
5.301425097,55
5.238190811,55
7.36739699,55
5.498852777,55
5.361038967,55
6.911678299,55
6.714972332,55
7.275430777,55
4.069856644,55
6.372194641,55
7.233815825,55
-0.435309748,55
3.057130665,55
6.336021202,55
6.517696426,55
4.946822096,55
1.950386201,55
6.148113401,55
8.474666049,55
5.630517348,55
7.688998158,55
6.360256955,55
3.215897762,55
6.845188462,55
1.420795149,55
4.195494259,55
7.129806779,55
5.544926716,55
5.474619753,55
1.43577747,55
3.794626095,55
8.007502696,55
5.464082444,55
5.438806292,55
2.451092438,55
6.905351988,55
4.910849466,55
2.606302311,55
5.315409684,55
7.80332604,55
7.568724777,55
1.099771285,55
7.161116939,55
5.497356879,55
5.559072707,55
6.660879205,55
3.881101838,55
0.881835501,55
4.809271146,55
6.940595199,55
8.083274891,55
8.245234016,55
3.613115648,55
5.741211023,55
6.579832678,55
4.30811202,55
6.037966802,55
5.026774595,55
4.653746268,55
6.477720468,55
8.180218961,55
5.66706102,55
6.448860156,55
5.77724578,55
3.776458996,55
4.431393197,55
6.173594906,55
6.574996117,55
7.262843196,55
7.103596482,55
3.605507879,55
7.502603987,55
6.193608845,55
3.725650775,55
6.656766141,55
5.83495622,55
6.52817638,55
3.391066279,55
3.647846278,55
6.835810132,55
6.77460157,55
1.562036859,55
2.396252911,55
6.732526835,55
4.817126515,55
5.217314045,55
5.221001352,55
6.730275534,55
4.801130458,55
3.747617748,55
4.423819654,55
4.70737171,55
7.061463927,55
7.172978998,55
6.306422462,55
6.702640444,55
4.491389103,55
4.902455958,55
7.080154188,55
4.955556984,55
5.464143656,55
2.310482295,55
5.916981027,55
3.614859275,55
3.181747258,55
6.56749034,55
6.170982412,55
6.530137681,55
5.968996694,55
4.84829718,55
7.535701642,55
9.038595121,55
5.070701396,55
4.310935114,55
5.121694113,55
4.551280977,55
3.332749863,55
4.413458735,55
7.410420444,55
5.69035198,55
6.401742022,55
4.225674073,55
5.618247557,55
4.585005936,55
7.226519786,55
5.772636868,55
4.03081275,55
6.209399121,55
5.489703399,55
7.606150566,55
7.777901139,55
2.326589707,55
6.062849762,55
5.581485865,55
6.479205421,55
4.926788516,55
4.191062645,55
5.298690832,55
9.048308349,55
4.968428029,55
5.378555016,55
6.243445626,55
1.400573338,55
5.151332229,55
6.027391168,55
6.714553926,55
6.309432265,55
4.65408808,55
4.778572871,55
6.928954755,55
5.616839566,55
7.303671031,55
6.94567188,55
4.04547688,55
5.046531505,55
4.1916145,55
6.115174638,55
8.696954966,55
5.410595709,55
4.152012871,55
6.887200141,55
7.317698312,55
6.338581704,55
8.172035199,55
5.904572778,55
7.679357251,55
5.287669062,55
5.646260351,55
2.607417757,55
8.055977689,55
7.338979425,55
5.446554973,55
5.336660167,55
5.639713244,55
4.312276395,55
5.184197096,55
6.439345594,55
5.705453898,55
4.754955447,55
5.471107123,55
5.797597517,55
6.861396097,55
4.545334619,55
3.459475982,55
6.80295352,55
5.812899141,55
8.302181953,55
6.837153835,55
6.620463389,55
7.118905999,55
7.998510893,55
3.813246804,55
7.741679028,55
7.11207963,55
2.373972759,55
7.16298214,55
3.561012183,55
6.317807415,55
3.577247022,55
6.104563882,55
2.862555694,55
3.849895962,55
7.375304135,55
5.267796807,55
-0.564062151,55
5.356806999,55
4.476598745,55
5.491044812,55
6.353795854,55
4.62434072,55
6.689308133,55
6.48839814,55
1.660080666,55
5.773885766,55
3.211905175,55
4.900334913,55
3.778763967,55
6.605877669,55
6.187497976,55
6.504720785,55
7.214037795,55
7.727905481,55
6.916510843,55
5.540456598,55
8.395728783,55
5.199760352,55
6.785811553,55
5.396971185,55
5.78520508,55
7.857897427,55
0.881923942,55
4.899603708,55
7.071887454,55
5.503720561,55
7.718255098,55
3.448656481,55
3.738647882,55
5.742569734,55
7.213901741,55
5.127893832,55
5.601831396,55
5.050089166,55
4.35549247,55
6.514157795,55
6.560744118,55
1.967327024,55
5.936714067,55
5.664430072,55
4.804161616,55
7.497045169,55
7.146856123,55
6.519542386,55
6.836527245,55
7.182533682,55
2.889726442,55
4.628161896,55
5.419761904,55
2.727704418,55
8.386266777,55
2.940517017,55
8.465904545,55
8.045163042,55
4.732894958,55
4.44428387,55
4.798774039,55
7.033022203,55
5.203616841,55
7.495558754,55
5.810564785,55
4.76342802,55
5.591578596,55
6.182773742,55
6.5854242,55
5.522080721,55
6.67862821,55
6.153702164,55
5.957708772,55
1.851622657,55
3.921600711,55
6.369941794,55
4.097811446,55
5.591753896,55
0.811086183,55
6.845866029,55
4.015221028,55
4.561440029,55
7.304312769,55
2.32335185,55
4.211134266,55
5.080745935,55
6.37371139,55
2.656173155,55
4.375325844,55
4.212582997,55
6.518355363,55
3.882994897,55
1.544072226,55
4.475234268,55
6.450816734,55
6.036091926,55
5.474607984,55
3.843430706,55
5.878279437,55
6.090190082,55
6.48749272,55
5.901002107,55
5.612690741,55
7.046761626,55
8.39244551,55
4.159836065,55
5.185035067,55
5.012866689,55
5.897128087,55
4.812330234,55
5.920224995,55
2.867903584,55
5.233516767,55
4.63377434,55
6.001481878,55
4.412495661,55
6.767068219,55
3.923243692,55
6.29956457,55
6.666219168,55
4.978908332,55
7.800389939,55
5.791671703,55
8.896706596,55
6.420585721,55
7.489978665,55
2.66398321,55
2.733374799,55
4.670495513,55
4.292179696,55
6.093792737,55
6.517773662,55
7.904061994,55
4.835248862,55
8.156764196,55
1.995566471,55
4.429079967,55
6.153205476,55
7.4454236,55
1.310568824,55
-0.00438889,55
6.523757358,55
5.622627826,55
4.85886236,55
5.803523777,55
6.143065352,55
7.858452951,55
4.239011985,55
6.888924407,55
8.47897493,55
4.57331406,55
5.038591677,55
7.611512364,55
5.867445654,55
4.672723158,55
4.283628023,55
4.554120681,55
4.772532333,55
3.129723708,55
7.183132846,55
4.256947882,55
7.596511593,55
6.545597607,55
1.287854288,55
3.817899103,55
5.399145892,55
1.04668917,55
5.332280763,55
1.681522922,55
4.592719029,55
6.812487936,55
5.917762875,55
-0.640626307,55
6.26737446,55
6.62228215,55
6.218691729,55
3.594551001,55
7.058879494,55
6.913654668,55
-0.578461384,55
3.947876133,55
4.584954088,55
7.64108839,55
4.638242109,55
5.762744745,55
6.042883249,55
6.286068078,55
4.569546171,55
4.747541424,55
5.184141594,55
6.219134399,55
5.376716926,55
3.46858238,55
6.75411634,55
7.884659678,55
7.886943622,55
5.63081875,55
6.468568478,55
5.28150911,55
2.565780029,55
5.749849042,55
5.913874179,55
4.703053291,55
6.293532007,55
6.822974306,55
7.491676901,55
2.718155223,55
4.074550281,55
2.080629114,55
4.599022175,55
5.642872183,55
6.083215356,55
7.228535581,55
5.579088694,55
5.955258435,55
5.082736016,55
7.99116321,55
6.040463953,55
6.223135873,55
7.356039916,55
3.206904428,55
6.158683478,55
5.432868013,55
4.059297946,55
4.295322675,55
4.453641772,55
3.729346283,55
1.004434179,55
6.414453161,55
4.526579124,55
5.452612667,55
6.28409738,55
5.26687986,55
3.450983473,55
5.422205116,55
3.292324007,55
5.443387725,55
6.724194753,55
6.724232226,55
5.517823267,55
6.002874728,55
5.713602216,55
8.110168185,55
2.374397472,55
3.628628198,55
3.599855778,55
6.005081625,55
4.06231677,55
6.075289098,55
4.604785285,55
3.610956677,55
1.602790501,55
3.957912121,55
6.971330936,55
3.259817539,55
0.874416599,55
4.833624561,55
6.256838066,55
7.11072801,55
3.25961598,55
5.558850779,55
5.157687036,55
6.101697041,55
6.87384715,55
7.537295934,55
7.501774069,55
7.393082518,55
4.838314466,55
7.894197989,55
6.575335164,55
7.619143897,55
6.462239902,55
4.273295883,55
7.278717669,55
5.054219973,55
4.304151281,55
4.674345577,55
6.457467915,55
6.142707878,55
7.246435008,55
4.49024154,55
5.625639846,55
6.93220314,55
4.566718757,55
5.112925764,55
7.627637417,55
6.31323345,55
6.162969093,55
5.008532662,55
6.795499641,55
7.342653852,55
6.681459755,55
5.100818718,55
8.50864369,55
2.232705184,55
5.486495673,55
6.662931174,55
5.1272445,55
5.655414051,55
6.033266164,55
3.88559938,55
4.949493126,55
8.329366179,55
1.1389068,55
6.056167683,55
6.258672935,55
7.549289587,55
5.37512383,55
3.377992703,55
5.209751937,55
7.252880591,55
1.85193161,55
5.352132031,55
6.062877751,55
6.038902486,55
7.300030036,55
4.640667286,55
5.527452212,55
6.440277924,55
6.522341755,55
6.632343926,55
2.618754612,55
5.122814641,55
6.31609294,55
8.601173727,55
4.926931208,55
5.678555224,55
1.532897315,55
6.648595731,55
6.450075978,55
6.400224519,55
5.649754174,55
7.139758951,55
5.35862003,55
8.830651472,55
4.571533366,55
7.096128459,55
6.859983128,55
2.252941599,55
2.162436571,55
3.585692224,55
2.753477785,55
4.452166106,55
4.014154406,55
6.417386601,55
7.603997047,55
7.206371269,55
6.768777844,55
3.373834632,55
6.745778769,55
7.395704233,55
5.707357771,55
6.056500882,55
3.842011527,55
2.605104438,55
6.285021453,55
2.516724606,55
5.728044672,55
4.992446586,55
6.402483636,55
4.996445432,55
5.23797381,55
3.832874368,55
5.575920724,55
6.254008057,55
6.897007558,55
3.092957677,55
6.158396531,55
6.267055333,55
6.612350593,55
3.973932417,55
4.456573664,55
5.802884064,55
4.26996887,55
4.792331291,55
4.462184892,55
4.685511827,55
5.90496346,55
4.279318475,55
6.531101925,55
8.115160342,55
5.266801047,55
3.839490049,55
1.805619677,55
3.629953813,55
4.543400777,55
5.867297825,55
4.422277849,55
6.482903857,55
5.665179125,55
4.556715651,55
8.141877349,55
7.195407753,55
3.694857112,55
5.54285422,55
3.22812854,55
3.938550348,55
7.201825761,55
3.468902328,55
4.244057089,55
0.257377486,55
6.789714405,55
6.331655268,55
7.880971918,55
5.391900703,55
3.172025002,55
6.92734848,55
7.38936145,55
7.914135689,55
5.814170568,55
3.714442555,55
7.505228006,55
4.688188387,55
1.974442933,55
2.42018772,55
4.615770994,55
5.159538027,55
8.081999378,55
7.963973122,55
5.801040367,55
4.149300093,55
6.420314467,55
7.91588601,55
6.031341943,55
5.830798919,55
6.403076496,55
4.710461516,55
3.980674836,55
7.222762771,55
6.804157125,55
7.516849595,55
4.28592736,55
7.660388537,55
4.687847781,55
3.727471792,55
2.400007077,55
3.270326486,55
0.601176907,55
5.784646754,55
4.537093839,55
7.254494583,55
4.721007292,55
6.015937707,55
6.218754854,55
6.062975811,55
3.438405432,55
7.103971718,55
3.947697693,55
7.591514059,55
6.74737023,55
5.833117318,55
7.098961783,55
4.274370004,55
4.452317949,55
6.686189043,55
1.481242426,55
4.911943977,55
7.09311719,55
8.522783157,55
6.703448115,55
6.824564718,55
3.555576917,55
3.366393049,55
5.645132884,55
4.04777407,55
4.927032408,55
1.758550111,55
3.80500435,55
3.286107136,55
5.805546596,60
3.996626548,60
3.918551029,60
4.722846879,60
6.023322485,60
4.877254908,60
3.746965744,60
6.715031577,60
7.044990627,60
7.604432499,60
7.014288038,60
5.690439457,60
6.986165349,60
6.401662927,60
3.970828994,60
6.496772528,60
3.581091543,60
3.128039448,60
5.699162239,60
2.621346172,60
5.281519584,60
7.262492878,60
4.020363543,60
6.495219156,60
6.091952685,60
4.137198183,60
2.608204912,60
6.056736663,60
4.7682239,60
5.738352741,60
4.709447031,60
6.249426246,60
5.030672261,60
3.549569242,60
6.213687723,60
5.997704688,60
6.406440003,60
5.064618155,60
7.493008381,60
8.419161094,60
4.814541725,60
8.901993404,60
5.1334101,60
5.859273242,60
5.762700103,60
4.331995409,60
5.756056128,60
1.748862778,60
3.230527045,60
4.466620293,60
5.538707276,60
4.421530439,60
6.309084634,60
7.414600117,60
5.297536117,60
4.872723273,60
4.618262964,60
7.608149187,60
4.348712242,60
5.223613255,60
3.606479316,60
6.716730837,60
8.870198459,60
6.270038677,60
5.886976835,60
8.407504604,60
5.340197931,60
2.26065686,60
4.874944881,60
4.236469045,60
6.236111143,60
4.470356408,60
2.593467149,60
7.950537394,60
6.337729642,60
8.08854872,60
5.076043855,60
7.891815058,60
7.428805344,60
4.161743825,60
2.881525029,60
3.925606478,60
4.250989991,60
5.803245323,60
2.964594528,60
3.670139975,60
5.429047168,60
6.654155529,60
4.717296656,60
2.941876237,60
6.987939667,60
5.192321714,60
6.758934926,60
4.735815969,60
6.819968072,60
7.097506506,60
6.323242178,60
6.428877503,60
6.852170853,60
6.838143592,60
8.581097949,60
7.402926105,60
4.585845252,60
6.60129706,60
5.423890887,60
1.558250621,60
5.545352726,60
6.970699531,60
4.156877165,60
6.191429739,60
8.296414122,60
5.681246397,60
6.724800465,60
6.964077359,60
3.642287647,60
6.142636716,60
6.853987661,60
4.62458738,60
4.280957756,60
8.698445861,60
4.091846378,60
5.392321582,60
6.248350335,60
5.231841178,60
5.939035073,60
4.860552832,60
7.176903858,60
5.743499269,60
4.60993011,60
5.6520101,60
3.897104227,60
5.647583432,60
4.81549536,60
5.825381462,60
5.721800226,60
4.458567724,60
5.864662303,60
5.245864616,60
4.206783846,60
6.104604319,60
5.272588426,60
6.901109588,60
4.3919381,60
3.620321636,60
6.470414511,60
5.234657366,60
5.522349927,60
8.372387002,60
4.494901609,60
3.208501149,60
5.16133214,60
5.434485318,60
6.492294349,60
1.497194088,60
5.631425655,60
5.873601905,60
7.190481078,60
5.469397835,60
4.885351281,60
4.334893137,60
8.716249062,60
6.388987714,60
4.791767131,60
7.610289666,60
7.472062785,60
5.660438968,60
7.044517573,60
6.90532857,60
5.30527166,60
3.9382112,60
6.627934034,60
1.538633054,60
5.182963867,60
6.107598852,60
5.37189839,60
5.371091431,60
4.626736938,60
2.306579485,60
3.839076515,60
6.166936201,60
5.48744434,60
5.552288446,60
4.760927937,60
4.428409555,60
5.033051236,60
6.24251596,60
9.024116533,60
4.503907572,60
5.161339927,60
4.416034204,60
6.150874852,60
8.1047129,60
6.287202756,60
4.65792326,60
3.46785558,60
4.052921413,60
5.409214225,60
8.084722544,60
5.682227932,60
6.74302499,60
5.651897125,60
5.414805891,60
7.324631081,60
5.808595889,60
2.589592499,60
2.484626866,60
6.713042151,60
8.059030504,60
5.008619612,60
6.947159653,60
7.571931182,60
4.80105369,60
4.234395274,60
4.998718151,60
5.554736305,60
5.07148517,60
5.285970337,60
4.26609009,60
4.175359838,60
6.432035785,60
3.498984738,60
5.586020916,60
4.245297779,60
8.207120022,60
7.852283893,60
8.027471476,60
5.086912376,60
4.398240643,60
6.93324032,60
3.234007346,60
3.602825732,60
3.083534061,60
4.007775315,60
5.98614755,60
4.324177724,60
4.706098102,60
5.642823639,60
5.170723425,60
3.901468849,60
6.947381882,60
4.14532209,60
2.26927425,60
6.702907574,60
4.611426211,60
2.015492853,60
7.443315876,60
5.316485145,60
8.012553807,60
5.27404295,60
4.739251297,60
5.557513294,60
2.97790074,60
8.377209295,60
2.601185281,60
4.126044757,60
8.562882845,60
8.130163909,60
4.759039541,60
3.291694863,60
3.421923288,60
8.188460729,60
5.271213155,60
4.109197996,60
5.297589181,60
5.812609281,60
2.57825415,60
7.029929025,60
3.778394649,60
5.035416627,60
6.745347302,60
7.702698498,60
7.705414831,60
4.19327008,60
6.534827271,60
8.828486256,60
6.600844345,60
4.652186287,60
6.783067064,60
6.654478191,60
6.430525703,60
7.166998552,60
6.243442186,60
8.706917441,60
7.310133586,60
4.737966235,60
6.462403556,60
5.025792966,60
5.760950128,60
7.342500759,60
8.791565727,60
5.498546195,60
5.46003889,60
5.025478405,60
1.643754417,60
4.434435115,60
2.773427604,60
5.305008266,60
5.772054994,60
6.960144364,60
4.833229613,60
6.653208192,60
6.684030256,60
7.850887145,60
5.699633356,60
4.861152387,60
2.736525784,60
4.694436582,60
4.243775696,60
6.144323707,60
7.388941458,60
4.398968902,60
4.269017936,60
5.051770521,60
6.840089216,60
6.625575578,60
5.481182179,60
6.199080141,60
5.19898216,60
5.511821899,60
8.560421837,60
3.283669135,60
2.687720641,60
6.610089411,60
7.825980394,60
3.690700838,60
2.370100841,60
1.226041933,60
5.153979415,60
5.140748056,60
7.345594169,60
5.374317066,60
5.21086433,60
6.872124338,60
6.457740285,60
7.240267375,60
4.060089891,60
6.239251197,60
7.197686921,60
-0.52211963,60
2.887988549,60
6.292915019,60
6.445857987,60
4.759613574,60
1.687264939,60
6.076195462,60
8.473570613,60
5.592484409,60
7.665268386,60
6.236122433,60
3.101224922,60
6.836873521,60
1.142311001,60
4.036115306,60
7.123301735,60
5.402087201,60
5.411422935,60
1.022982758,60
3.551639848,60
7.978608365,60
5.342084605,60
5.337006522,60
2.252599986,60
6.887742463,60
4.809534875,60
2.443899572,60
5.317957669,60
7.777358165,60
7.531813995,60
0.948073953,60
7.087219338,60
5.444517189,60
5.452279801,60
6.664008669,60
3.701467358,60
1.015471916,60
4.707783126,60
6.9001518,60
8.084957095,60
8.220641135,60
3.262010962,60
5.684544913,60
6.541745277,60
4.159395075,60
5.983631327,60
4.934095136,60
4.524067334,60
6.470531069,60
8.155553547,60
5.653739138,60
6.262126353,60
5.669202045,60
3.675348766,60
4.370921653,60
6.08390303,60
6.539034326,60
7.166682788,60
7.075006663,60
3.711267196,60
7.498854281,60
6.055743122,60
3.591702222,60
6.61487609,60
5.711728523,60
6.434115261,60
3.2217708,60
3.438132927,60
6.786503305,60
6.739321838,60
1.257000281,60
2.04701335,60
6.569354463,60
4.73329735,60
5.169337281,60
5.162573882,60
6.53467308,60
4.768597814,60
3.662046749,60
4.290975807,60
4.556923682,60
7.032183949,60
7.137370204,60
6.213173048,60
6.682271402,60
4.416784073,60
4.735809809,60
6.861222844,60
4.730784214,60
5.37627376,60
2.212765489,60
5.763372362,60
3.134865754,60
3.013132948,60
6.531755646,60
6.081046432,60
6.433153865,60
5.95423989,60
4.700119083,60
7.455176973,60
8.98367111,60
5.125692541,60
4.281522497,60
4.976517255,60
4.513109238,60
3.175413757,60
4.298556164,60
7.362039731,60
5.597319271,60
6.390957087,60
4.018123482,60
5.551794152,60
4.437656359,60
7.075060775,60
5.722737481,60
3.897967783,60
6.110175937,60
5.393111666,60
7.559091071,60
7.737031653,60
2.136546866,60
6.072405465,60
5.487373739,60
6.454311625,60
4.926786303,60
4.031618904,60
5.213281382,60
9.016831884,60
4.941838479,60
5.245624666,60
6.252380085,60
1.200472422,60
5.044486172,60
5.994770539,60
6.639518734,60
6.300521853,60
4.53907267,60
4.688464718,60
6.745445373,60
5.539271157,60
7.231530762,60
6.876813054,60
3.882081519,60
4.928922687,60
4.065503469,60
5.997125678,60
8.6921768,60
5.326965041,60
4.117730268,60
6.743317125,60
7.311986187,60
6.344611194,60
8.158686755,60
5.815671302,60
7.640901625,60
5.200525151,60
5.622744653,60
2.413022421,60
8.038236522,60
7.295605789,60
5.353283633,60
5.188093768,60
5.582971866,60
4.18244819,60
5.074085558,60
6.400747127,60
5.652938063,60
4.785677991,60
5.36302465,60
5.713185505,60
6.79035401,60
4.508477642,60
3.453280439,60
6.687507312,60
5.759796588,60
8.2840716,60
6.786610082,60
6.519957386,60
7.10853012,60
7.955680056,60
3.711072459,60
7.73817734,60
7.082614548,60
2.203698733,60
7.152247599,60
3.44483718,60
6.320531096,60
3.252791801,60
6.033643104,60
2.786060722,60
3.689046142,60
7.338197462,60
5.217540868,60
-0.594563113,60
5.346276817,60
4.234606602,60
5.439989145,60
6.253818981,60
4.389195965,60
6.527218128,60
6.462329069,60
1.371007052,60
5.747750687,60
3.146856265,60
4.844164258,60
3.596894124,60
6.306779201,60
6.160086074,60
6.463912577,60
7.137784554,60
7.699721242,60
6.898861414,60
5.478723001,60
8.343254478,60
5.085176587,60
6.726195419,60
5.252713759,60
5.770739829,60
7.829429182,60
0.500808579,60
4.726247891,60
7.00550097,60
5.39270431,60
7.681886572,60
3.261250715,60
3.53590987,60
5.627372277,60
7.187567003,60
5.105445693,60
5.4743656,60
4.233323798,60
4.337737833,60
6.506605713,60
6.445717446,60
1.779248158,60
5.881804241,60
5.549630472,60
4.546859141,60
7.481466243,60
7.131440224,60
6.485739036,60
6.810928868,60
7.192683028,60
2.643060189,60
4.55278875,60
5.333969821,60
2.611696895,60
8.332269834,60
2.702326045,60
8.450211183,60
7.990848702,60
4.599926359,60
3.992391963,60
4.620755349,60
6.992987435,60
5.133988274,60
7.400007297,60
5.675340949,60
4.567738314,60
5.55784723,60
6.09963166,60
6.497106187,60
5.431195317,60
6.627496029,60
6.083097159,60
5.850367067,60
1.734960021,60
3.777716689,60
6.351906336,60
3.996302892,60
5.539996742,60
0.604900466,60
6.823947328,60
3.999010909,60
4.455446389,60
7.278794048,60
1.980852027,60
3.91516747,60
4.877100181,60
6.220723516,60
2.454035685,60
4.165839962,60
4.027510385,60
6.450777383,60
3.708939802,60
1.267897925,60
4.387588228,60
6.385160819,60
5.916704037,60
5.391050348,60
3.760018814,60
5.765351427,60
6.054625157,60
6.44202928,60
5.818344998,60
5.567904115,60
7.032297928,60
8.394098273,60
4.099231436,60
5.074420033,60
4.91928301,60
5.176376003,60
4.671402904,60
5.87590686,60
2.868242513,60
5.23304135,60
4.437342029,60
5.941185327,60
4.321433567,60
6.722945809,60
3.734797937,60
6.232096733,60
6.606765878,60
4.931484785,60
7.829157498,60
5.725138397,60
8.944992985,60
6.349154517,60
7.184842545,60
2.547236408,60
2.510669534,60
4.530729282,60
4.248319969,60
6.005805798,60
6.436341941,60
7.81536079,60
4.803166438,60
8.098057463,60
1.531053984,60
4.378849673,60
6.112025195,60
7.404193775,60
0.826714812,60
-0.169103636,60
6.361701156,60
5.494564403,60
4.612328646,60
5.704465835,60
6.065232185,60
7.776537224,60
4.210524933,60
6.83695214,60
8.436970891,60
4.431578177,60
4.927820753,60
7.580989744,60
5.801351362,60
4.635240841,60
4.143655085,60
4.423513752,60
4.737784105,60
3.032196152,60
7.098578295,60
4.114524798,60
7.59318136,60
6.532300487,60
0.934249835,60
3.775602748,60
5.359794824,60
0.734881844,60
5.190038677,60
1.316758838,60
4.312204199,60
6.765536233,60
5.589691479,60
-0.708864536,60
6.158296128,60
6.576017909,60
6.198653929,60
3.640872636,60
7.077045931,60
6.901269555,60
-0.576449803,60
3.844596203,60
4.577542427,60
7.540796175,60
4.629178524,60
5.7699445,60
6.01262563,60
6.157334368,60
4.434230931,60
4.660248377,60
5.036915446,60
6.119280432,60
5.301123408,60
3.338311682,60
6.753627487,60
7.84656771,60
7.722475525,60
5.5866296,60
6.379854515,60
5.159401544,60
2.883240884,60
5.592374908,60
5.694048721,60
4.5797519,60
6.29328163,60
6.760948535,60
7.492015726,60
2.470730407,60
4.065310799,60
1.875024799,60
4.541485142,60
5.574061012,60
6.052758859,60
7.197406309,60
5.541539302,60
5.918372417,60
4.819658961,60
7.980062146,60
5.979718702,60
6.174972915,60
7.357716298,60
3.033898401,60
6.084270992,60
5.368152372,60
3.937448962,60
4.155085264,60
4.299327168,60
3.591085303,60
0.709785039,60
6.34934067,60
4.380054018,60
5.403311726,60
6.291532744,60
5.133941335,60
3.655169803,60
5.280902195,60
2.919573767,60
5.341676009,60
6.678400173,60
6.544477293,60
5.393265015,60
5.910362936,60
5.648946407,60
8.113790879,60
2.128174665,60
3.50869459,60
3.534711163,60
5.979660688,60
3.801558476,60
5.982784251,60
4.454859222,60
3.523215415,60
1.416418468,60
3.855544687,60
6.78320753,60
3.089641131,60
0.541765947,60
4.613686069,60
6.148795556,60
7.096387373,60
2.994282401,60
5.389669222,60
4.763870264,60
6.131312399,60
6.84243644,60
7.488711,60
7.46711152,60
7.356516584,60
4.658788618,60
7.879391032,60
6.534995816,60
7.531331841,60
6.462087658,60
4.009051235,60
7.262713922,60
4.995384705,60
4.156536917,60
4.554009393,60
6.379249612,60
6.087807006,60
7.202998265,60
4.352005314,60
5.486797947,60
6.895261927,60
4.413560387,60
4.837867805,60
7.597609653,60
6.253784736,60
6.112477191,60
4.953073787,60
6.765774349,60
7.329109085,60
6.649005975,60
5.068049729,60
8.510240885,60
2.016108755,60
5.335604655,60
6.657278042,60
5.055769851,60
5.611685222,60
5.937975956,60
3.711853046,60
4.824175916,60
8.33475153,60
0.644072781,60
6.029799895,60
6.229182646,60
7.518649878,60
5.295157855,60
3.164578305,60
5.049600977,60
7.241233175,60
1.623420509,60
5.113808177,60
6.008847489,60
6.012508574,60
7.316644359,60
4.447098892,60
5.367607944,60
6.360597162,60
6.403336774,60
6.579814632,60
2.188430872,60
4.951229412,60
6.226510494,60
8.521007487,60
4.816325169,60
5.581553746,60
1.26719773,60
6.555425131,60
6.339024467,60
6.359331335,60
5.597651546,60
7.112860639,60
5.24129052,60
8.787896549,60
4.486547164,60
7.057121775,60
6.767549422,60
2.175488727,60
1.68833156,60
3.429693726,60
2.558503504,60
4.372195292,60
4.024048395,60
6.38583982,60
7.557277586,60
7.183559575,60
6.694993933,60
3.192961886,60
6.680549418,60
7.357996818,60
5.656694109,60
5.97531444,60
3.78459183,60
2.402588113,60
6.220225015,60
2.358512637,60
5.589924108,60
4.942391784,60
6.305788697,60
4.880276064,60
5.098147407,60
3.62899156,60
5.54494794,60
6.222559344,60
6.740108803,60
2.918344628,60
6.105958726,60
6.197488949,60
6.553166693,60
3.984506887,60
4.260698787,60
5.739690511,60
4.160109233,60
4.721590667,60
4.391910527,60
4.562180367,60
5.822904629,60
4.213411225,60
6.467214948,60
8.062844665,60
5.163802301,60
3.592733354,60
1.546847363,60
3.453458098,60
4.415386531,60
5.784018645,60
4.229464595,60
6.227743285,60
5.570115517,60
4.524425862,60
8.131516201,60
7.191828978,60
3.581107263,60
5.448485145,60
3.1010052,60
3.807522715,60
7.096253249,60
3.411871211,60
4.087183464,60
-0.110176919,60
6.669590122,60
6.228722558,60
7.871095613,60
5.223078407,60
2.951959713,60
6.904134658,60
7.37973182,60
7.832305242,60
5.729619363,60
3.546700462,60
7.469863311,60
4.550264804,60
1.713317229,60
2.183716187,60
4.475242608,60
4.955308232,60
8.068281297,60
7.917391871,60
5.720751783,60
3.98074521,60
6.41687227,60
7.903244374,60
5.797638082,60
5.691690516,60
6.370370289,60
4.613595894,60
3.84734971,60
7.218287313,60
6.833483196,60
7.482349695,60
4.177094502,60
7.613003536,60
4.570312609,60
3.355623932,60
2.353488907,60
3.111348249,60
0.357626639,60
5.68002251,60
4.535945572,60
7.174761989,60
4.573146122,60
5.923034675,60
6.190647823,60
5.920357831,60
3.133339079,60
7.073870294,60
3.727602812,60
7.567162309,60
6.661627823,60
5.764532941,60
7.122873845,60
4.121281047,60
4.312771196,60
6.612846473,60
1.160571612,60
4.822865082,60
7.077644489,60
8.48745758,60
6.662363459,60
6.794966321,60
3.281762936,60
3.376296821,60
5.471363711,60
3.887837306,60
4.746166797,60
1.433105465,60
3.66991801,60
3.060744659,60
