log(MSE-Trunc-SVD-components),comp
6.290443198,40
4.195674903,40
5.263479302,40
5.177137445,40
6.186062367,40
5.403753578,40
4.644975551,40
6.953908302,40
7.245985635,40
7.780448479,40
7.08079658,40
5.978424534,40
7.22471323,40
6.513849236,40
4.419500011,40
6.895054326,40
4.18556977,40
3.798017578,40
6.095851402,40
3.18695007,40
5.785793646,40
7.378547991,40
4.414511358,40
6.677587086,40
6.449782528,40
4.655240397,40
3.513872996,40
6.388714392,40
5.260512454,40
6.077328199,40
5.112495887,40
6.527962513,40
5.566558155,40
4.265021614,40
6.429436757,40
6.562238553,40
6.575529415,40
5.907634113,40
7.602751815,40
8.716028579,40
5.300570076,40
9.211340138,40
5.483295634,40
6.282939276,40
5.915648562,40
4.833672279,40
5.957425631,40
3.13905643,40
3.796597152,40
4.975719413,40
5.960139382,40
4.848518996,40
6.569966374,40
7.529315942,40
5.522801511,40
5.282820482,40
5.195078622,40
7.612071964,40
4.566657072,40
5.513306791,40
4.200343073,40
6.828589003,40
9.030983557,40
6.610428046,40
6.162922785,40
8.609660264,40
5.784656089,40
2.958270937,40
5.592528808,40
4.892083912,40
6.476229031,40
4.937052853,40
3.643543401,40
8.036965941,40
6.730134813,40
8.132721264,40
5.432354174,40
8.063015096,40
7.672152098,40
4.638236056,40
3.694706939,40
4.447428931,40
4.853146751,40
6.25776013,40
4.397764605,40
4.231036771,40
5.829277351,40
6.848787945,40
5.958067092,40
3.745767136,40
7.151682398,40
5.413503242,40
6.932489469,40
5.155475977,40
7.185689279,40
7.802595727,40
6.495072382,40
6.59090604,40
6.97331314,40
6.959270869,40
8.852587621,40
7.455846831,40
5.089586661,40
6.827719576,40
5.827170478,40
2.652333332,40
6.124137331,40
7.075080175,40
4.791354031,40
6.461283957,40
8.311372488,40
6.071635162,40
6.869039321,40
7.099092771,40
4.32897563,40
6.364647118,40
7.094084919,40
5.120349387,40
4.765097129,40
8.930751727,40
4.577982956,40
6.857781369,40
6.62458616,40
5.603018741,40
6.224985735,40
5.228669951,40
7.242679425,40
6.217648059,40
5.052147382,40
5.996567889,40
4.429413277,40
5.824852204,40
5.185018149,40
6.089436856,40
5.90490843,40
4.914919372,40
6.104771911,40
5.886382338,40
4.657101338,40
6.427747058,40
5.567281356,40
7.043941513,40
4.902230939,40
4.154849979,40
6.689104603,40
5.531434152,40
5.737430999,40
8.419514554,40
5.039764783,40
3.855885619,40
5.369722366,40
5.811925051,40
6.760339614,40
2.418240487,40
5.827939378,40
5.605071846,40
7.419923586,40
5.963676069,40
5.84117841,40
4.917542899,40
8.930331875,40
6.762411174,40
5.140391718,40
7.704309708,40
7.446307571,40
6.090776269,40
7.12489466,40
7.016814664,40
5.804188982,40
3.94315149,40
6.753943023,40
2.570450836,40
5.618205394,40
6.242508214,40
5.779837751,40
5.727223977,40
5.106664598,40
3.233845013,40
4.371402928,40
6.521221591,40
5.766420091,40
6.126687195,40
5.198959915,40
4.894058844,40
5.50865033,40
6.381850588,40
9.123596452,40
4.947145377,40
5.346102998,40
4.78656676,40
6.704930253,40
8.235549993,40
6.591755883,40
4.984602859,40
4.23409213,40
4.508759639,40
5.865525631,40
8.210335761,40
5.752696688,40
6.873937184,40
5.977688644,40
5.787586411,40
7.466861599,40
6.030145005,40
3.911227706,40
3.287499162,40
6.898917266,40
8.251431325,40
5.381500982,40
7.120905545,40
7.663844326,40
5.312845416,40
4.789760311,40
5.484369216,40
5.957843271,40
5.466041692,40
5.577934127,40
4.822655425,40
4.70687743,40
6.497504798,40
4.347891767,40
5.824441011,40
5.130116197,40
8.31659658,40
7.955215517,40
8.185802743,40
5.49829805,40
4.965911421,40
7.332884349,40
3.820470527,40
4.160154,40
3.618125367,40
4.267674415,40
6.252472295,40
4.96573918,40
5.202466292,40
5.878839362,40
5.548333413,40
4.330413457,40
7.032575251,40
4.604428028,40
3.484836099,40
6.829452559,40
5.064108178,40
2.750296961,40
7.563412442,40
5.758373883,40
8.079494746,40
5.38974679,40
5.548168874,40
5.709946503,40
3.57542454,40
8.486951774,40
3.373128167,40
4.581856547,40
8.55648372,40
8.240518507,40
5.21841079,40
4.164061455,40
4.607794151,40
8.239588713,40
5.74562353,40
4.984050178,40
5.960373867,40
6.191868438,40
4.34900819,40
7.157984502,40
4.276579649,40
5.98096945,40
6.858696569,40
7.68093319,40
7.848143911,40
4.483949011,40
6.642036416,40
9.036469026,40
6.760382034,40
5.034883393,40
7.306002363,40
6.764528355,40
6.677004282,40
7.486727722,40
6.326716699,40
8.956148808,40
7.3010161,40
5.250897033,40
6.729863593,40
5.283983714,40
6.095190572,40
7.561527556,40
9.001688083,40
5.700760539,40
5.655052901,40
5.674406264,40
2.556808021,40
4.876026894,40
3.513023765,40
5.660094135,40
6.022852988,40
7.09747966,40
5.197262077,40
6.832102867,40
6.795371972,40
8.021041772,40
5.930587284,40
5.108848933,40
4.068040315,40
5.089725494,40
4.739927081,40
6.548121687,40
7.598144678,40
4.803742345,40
4.729851708,40
5.004179564,40
6.955329232,40
6.8387428,40
6.00018303,40
6.792902237,40
5.75578065,40
5.887388124,40
8.59873967,40
4.400028825,40
3.566735355,40
6.840263377,40
7.849528922,40
4.19630047,40
3.18648617,40
2.466766991,40
5.561196189,40
5.446235679,40
7.385313054,40
5.913828047,40
5.719775224,40
6.962837138,40
7.357938785,40
7.407109834,40
4.285981951,40
6.871746116,40
7.206927883,40
0.10910563,40
3.605984598,40
6.504194264,40
6.564104952,40
5.888085963,40
2.947072068,40
6.479144239,40
8.508218589,40
5.751929528,40
7.876974839,40
6.837536201,40
3.63299519,40
6.913495577,40
2.209364403,40
4.610860448,40
7.159301065,40
5.848552836,40
5.646319664,40
2.466820079,40
4.234253774,40
8.13678252,40
5.764191368,40
5.687240772,40
3.193377086,40
7.078729664,40
5.235626259,40
3.086980927,40
5.693830828,40
7.794384969,40
7.674554773,40
1.920625429,40
7.483299442,40
5.705329434,40
5.704105654,40
6.706731099,40
4.228358684,40
2.12257836,40
5.160580628,40
7.101662171,40
8.216996005,40
8.290798523,40
4.331821142,40
5.939198313,40
6.645283462,40
4.41147999,40
6.132989944,40
5.401711419,40
5.267480236,40
6.572194337,40
8.233593903,40
5.646945772,40
6.935388807,40
5.99001116,40
4.249262465,40
4.809240539,40
6.354114377,40
6.760232435,40
7.637942061,40
7.156759337,40
4.344540348,40
7.569866028,40
6.465831953,40
4.243306897,40
6.828186166,40
5.979081985,40
6.7070397,40
3.852127983,40
4.12680479,40
7.082256188,40
6.923895066,40
2.589001411,40
3.297561881,40
7.00258261,40
5.030661293,40
5.454563888,40
5.563213729,40
7.101600215,40
5.14271889,40
4.09639705,40
4.846730505,40
5.05384282,40
7.157820355,40
7.34554331,40
6.463405738,40
6.727613114,40
4.736763934,40
5.192448604,40
7.500753678,40
5.269606357,40
5.684410144,40
2.946320464,40
6.217761082,40
4.226140288,40
3.463674797,40
6.787473387,40
6.34987525,40
7.03899128,40
6.394154201,40
5.244469462,40
7.724665969,40
9.100219134,40
5.445187272,40
4.64116772,40
5.468834949,40
4.983918856,40
3.865763663,40
4.806183951,40
7.473728189,40
5.920298686,40
6.55667789,40
5.060146672,40
5.898679379,40
5.017812742,40
7.634152733,40
6.032877407,40
4.400837959,40
6.381933201,40
5.714698427,40
7.806370221,40
7.873429081,40
2.964743273,40
6.255099237,40
5.942770539,40
6.590485101,40
5.285331497,40
4.662662034,40
5.61800153,40
9.133012615,40
5.365159408,40
5.676463686,40
6.412611836,40
2.046615288,40
5.55176123,40
6.160584801,40
6.915127603,40
6.47788841,40
4.881138256,40
4.862910222,40
7.194783115,40
5.917097406,40
7.423274403,40
7.159243837,40
4.393761708,40
5.393386151,40
4.375351766,40
6.277441045,40
8.720526925,40
5.654045382,40
4.766490667,40
7.407089025,40
7.394458575,40
6.371795744,40
8.216494329,40
6.157357733,40
7.741754645,40
5.539130906,40
5.681720932,40
3.183158197,40
8.085913852,40
7.42325287,40
5.709926737,40
5.799598794,40
5.902971054,40
4.70043334,40
5.548086565,40
6.629261839,40
5.904498543,40
5.183608738,40
5.767347393,40
5.947376015,40
7.010281019,40
4.866805402,40
3.912510862,40
7.264928448,40
6.075179749,40
8.327052502,40
6.891969145,40
6.812643763,40
7.161842716,40
8.008998402,40
4.204112161,40
7.780378595,40
7.239546581,40
2.94088863,40
7.183236672,40
4.08486809,40
6.410866559,40
4.284274759,40
6.287392633,40
2.96386071,40
4.212713364,40
7.466577583,40
5.554012774,40
-0.524617604,40
5.830435739,40
4.819305388,40
5.648028445,40
6.642252481,40
4.969095349,40
7.157577833,40
6.599055576,40
2.425591281,40
5.903349281,40
3.889293804,40
5.127013263,40
4.250949112,40
7.130123237,40
6.312223193,40
6.488172645,40
7.381844759,40
7.819663589,40
6.970506157,40
5.765089835,40
8.492707528,40
5.54677167,40
6.957962706,40
5.725689646,40
5.873098212,40
7.942523049,40
1.934836577,40
5.656147428,40
7.309402735,40
5.770030426,40
7.85702058,40
3.97550401,40
4.174039309,40
5.950734061,40
7.329992259,40
5.32993783,40
5.89751272,40
5.979670222,40
4.652684338,40
6.686415063,40
6.789441768,40
2.441328822,40
6.078911941,40
5.853309532,40
5.303172049,40
7.582506045,40
7.267086074,40
6.68757336,40
6.893008513,40
7.239314452,40
3.456480711,40
5.176026706,40
5.572635525,40
3.293723836,40
8.47824829,40
3.421236044,40
8.523444913,40
8.221999284,40
5.194541661,40
5.325303163,40
5.272972797,40
7.190370409,40
5.667310726,40
7.713195075,40
6.256956896,40
5.2280003,40
5.825582316,40
6.137635332,40
6.685249265,40
5.76431092,40
6.643423376,40
6.257021131,40
6.212629886,40
2.905548701,40
4.392701911,40
6.517416078,40
4.478467233,40
5.732130507,40
1.657003718,40
7.087861465,40
4.438348008,40
4.894601178,40
7.376284605,40
3.061342151,40
5.013095542,40
5.404967082,40
6.60539331,40
3.230778582,40
4.775911301,40
4.575572807,40
6.711698089,40
4.285231474,40
2.286286299,40
4.937577623,40
6.522608704,40
6.260417022,40
5.715671159,40
4.25802739,40
6.231789993,40
6.255483666,40
6.713806827,40
6.173020996,40
5.928602355,40
7.199222723,40
8.396230489,40
4.472196848,40
5.552832184,40
5.381103617,40
6.067174857,40
4.998694165,40
5.909247857,40
3.513768472,40
5.609153713,40
5.092683951,40
6.217516098,40
4.841988005,40
6.79591627,40
4.281219176,40
6.506877943,40
6.789840721,40
5.804791265,40
7.790590243,40
5.962674037,40
8.90406331,40
6.566903882,40
8.029766257,40
3.273560274,40
3.365350812,40
4.961071225,40
4.7582692,40
6.230141822,40
6.651676886,40
8.057203464,40
5.174441359,40
8.302910966,40
2.215735723,40
4.775478342,40
6.259489353,40
7.656378481,40
2.444782819,40
0.788421293,40
6.973722294,40
5.874851776,40
5.216051349,40
6.085784184,40
6.589273675,40
7.91912206,40
4.429624268,40
6.989929184,40
8.61210786,40
5.045272479,40
5.161337477,40
7.701371795,40
5.99484194,40
4.876071817,40
4.5558326,40
4.924620402,40
5.042737743,40
3.652823436,40
7.34249663,40
4.691304485,40
7.617346011,40
6.523037813,40
2.281948194,40
4.034765781,40
5.569606576,40
1.956879688,40
5.70520338,40
2.819033005,40
4.927496469,40
6.929053809,40
6.752681138,40
0.205384245,40
6.639549562,40
6.663487833,40
6.388486288,40
4.719847139,40
7.227258331,40
7.014024791,40
-0.207301381,40
4.650712516,40
4.992417269,40
7.964368619,40
4.813809522,40
5.961716076,40
6.279386764,40
6.508218282,40
5.02293232,40
5.004349405,40
5.255294016,40
6.75984817,40
5.629658774,40
4.000545005,40
6.717686492,40
7.929128086,40
8.310510764,40
5.834237074,40
6.685385488,40
5.556354102,40
3.309070961,40
6.100553554,40
6.287235961,40
5.010194421,40
6.285497299,40
7.259498878,40
7.551113586,40
3.437578868,40
4.565639586,40
2.765512275,40
5.211848389,40
5.827009918,40
6.274438718,40
7.339566707,40
5.901775138,40
6.116576852,40
5.55480455,40
8.065089703,40
6.179163409,40
6.449211877,40
7.399412119,40
3.705901419,40
6.244015338,40
5.587504882,40
4.487032225,40
4.636279294,40
4.957107439,40
4.153605855,40
1.776383067,40
6.624558858,40
4.885321878,40
5.677529348,40
6.358721601,40
5.465482013,40
3.515714003,40
5.913974185,40
3.977934352,40
5.539760353,40
6.862705926,40
7.020337845,40
5.789066596,40
6.139952294,40
5.999100722,40
8.132494583,40
3.032935178,40
4.069659337,40
4.051023576,40
6.115481031,40
4.490792391,40
6.228785022,40
5.041687848,40
3.632188478,40
2.151289069,40
4.480472602,40
7.354344035,40
3.762711722,40
1.794793903,40
5.12683568,40
6.812298242,40
7.170930196,40
3.798548265,40
6.192044626,40
6.203633547,40
6.157547505,40
7.009184933,40
7.888086804,40
7.570902507,40
7.467131039,40
5.328798234,40
7.928196472,40
6.698290218,40
7.886769199,40
6.598898655,40
5.464414702,40
7.356278542,40
5.512429781,40
4.700300573,40
4.866547072,40
6.636288218,40
6.388863279,40
7.411591793,40
4.868497169,40
5.911291254,40
7.053176663,40
4.944613795,40
6.282722752,40
7.694442358,40
6.469161315,40
6.439446745,40
5.082044461,40
6.911553218,40
7.465690797,40
6.895794986,40
5.36473165,40
8.528359506,40
2.863292814,40
5.993691527,40
6.781354513,40
5.241421684,40
5.978790847,40
6.19167261,40
4.48450747,40
5.242011385,40
8.453401631,40
2.378918914,40
6.088075698,40
6.41348167,40
7.597078055,40
5.568986972,40
3.879095437,40
5.577980965,40
7.356273407,40
2.407665723,40
5.781890046,40
6.223024818,40
6.169267766,40
7.296929317,40
5.134818522,40
5.950485422,40
6.613421126,40
6.75374659,40
6.686407885,40
3.248656818,40
5.550174826,40
6.48321663,40
8.810433153,40
5.228922918,40
5.918025572,40
2.651793265,40
6.912323974,40
6.684461475,40
6.573040862,40
5.853393009,40
7.164344609,40
5.585119822,40
8.993204459,40
4.981054418,40
7.257453267,40
7.064316869,40
3.007570645,40
2.703633725,40
3.996460807,40
3.384678846,40
4.79957889,40
4.435921437,40
6.509115276,40
7.664734578,40
7.284278786,40
7.002534798,40
3.957259266,40
6.991797644,40
7.513180195,40
5.90507663,40
6.286023497,40
4.403762304,40
3.29393166,40
6.406752947,40
2.981580019,40
5.975037288,40
5.339110113,40
6.755439818,40
5.596988301,40
5.407916233,40
4.442882445,40
5.732672135,40
6.462239783,40
7.202395842,40
3.545402352,40
6.316447266,40
6.368088457,40
6.855003531,40
4.599035993,40
4.826611117,40
5.949336119,40
4.602067538,40
5.189172301,40
4.731646473,40
4.950784661,40
6.151925179,40
4.683258611,40
6.718714937,40
8.302863562,40
5.520179335,40
4.277388955,40
2.367691843,40
4.113278607,40
4.94501383,40
6.12287715,40
4.897614081,40
7.369086761,40
5.902327736,40
4.887803754,40
8.214519309,40
7.234566841,40
4.151159806,40
5.779048732,40
3.770828748,40
4.289857688,40
7.376092625,40
3.815617163,40
4.706273131,40
1.635835078,40
7.105410673,40
6.829813615,40
7.924704318,40
5.729127008,40
3.629490817,40
7.266653327,40
7.428130122,40
8.096492323,40
6.203922919,40
4.090936305,40
7.572490677,40
5.123770774,40
2.654881262,40
3.293039468,40
5.055141606,40
5.482856553,40
8.130032482,40
8.018253115,40
6.023535447,40
4.642165483,40
6.524120452,40
7.990852138,40
6.544888831,40
6.163827946,40
6.515782697,40
4.92427678,40
4.586781628,40
7.291202875,40
6.86325201,40
7.587305239,40
5.036662643,40
7.706969527,40
4.952240513,40
4.39274286,40
3.108385393,40
3.719218224,40
1.310807453,40
6.01181092,40
4.975048384,40
7.431945443,40
5.113808085,40
6.2968751,40
6.395185964,40
6.230182625,40
3.86429775,40
7.18013609,40
4.42976757,40
7.622226644,40
6.989860059,40
6.043534037,40
7.102916506,40
4.785246946,40
5.016993315,40
7.003217439,40
2.237947283,40
5.260891118,40
7.168807096,40
8.656417195,40
6.788331356,40
6.950405065,40
4.200159153,40
4.040774583,40
6.086493544,40
4.511566694,40
5.237024306,40
2.711763391,40
4.197353147,40
4.085944769,40
6.144676905,45
4.115499321,45
4.778687689,45
5.084414436,45
6.13391234,45
5.242254705,45
4.409255315,45
6.90990362,45
7.044443509,45
7.74169606,45
7.067776298,45
5.949608036,45
7.16279261,45
6.481767063,45
4.26229296,45
6.771189992,45
3.988899272,45
3.645000876,45
5.927769258,45
3.008048542,45
5.622803889,45
7.326424555,45
4.442152798,45
6.640419358,45
6.415311358,45
4.537925859,45
3.32654002,45
6.35561494,45
5.163330622,45
5.976804233,45
5.062603145,45
6.430819966,45
5.445875537,45
4.083688726,45
6.382022235,45
6.290080441,45
6.533714449,45
5.622514074,45
7.596354076,45
8.656612777,45
5.189773979,45
9.127006024,45
5.377983675,45
6.17933189,45
5.883646766,45
4.744617881,45
5.896448109,45
2.596393457,45
3.736983828,45
4.933427335,45
5.82276551,45
4.741318695,45
6.505781506,45
7.532623749,45
5.503308321,45
5.151177298,45
5.027597052,45
7.6101551,45
4.643141099,45
5.463023927,45
4.208182607,45
6.838156843,45
8.98829744,45
6.500259126,45
6.156054658,45
8.563817478,45
5.667272533,45
2.856626816,45
5.324720106,45
4.809303121,45
6.407481092,45
4.928677267,45
3.41346165,45
8.013749717,45
6.601109244,45
8.132215407,45
5.347860232,45
8.017341053,45
7.628950071,45
4.373439224,45
3.484285796,45
4.328281703,45
4.700387699,45
6.170662174,45
4.147811371,45
4.122326664,45
5.73977888,45
6.777984263,45
5.721074725,45
3.55370181,45
7.154835059,45
5.265655323,45
6.911178794,45
5.112036321,45
7.077884162,45
7.655813228,45
6.439487155,45
6.543314686,45
6.944039385,45
6.934046404,45
8.842681459,45
7.447485336,45
4.97888103,45
6.715990761,45
5.752809534,45
2.558178581,45
6.035496071,45
7.043427489,45
4.603570702,45
6.4588318,45
8.318854238,45
5.963099734,45
6.831929056,45
7.046415647,45
4.189514629,45
6.285716208,45
7.032193218,45
4.965623627,45
4.577000948,45
8.85476741,45
4.466389795,45
6.589381514,45
6.50022009,45
5.514201416,45
6.186261714,45
5.143677116,45
7.22815642,45
6.098317296,45
4.963208108,45
5.84738195,45
4.233699742,45
5.834821356,45
5.105075992,45
6.024227888,45
5.899559555,45
4.809237428,45
6.003332963,45
5.76453945,45
4.585661357,45
6.403102631,45
5.467663592,45
7.039549547,45
4.776855313,45
4.039683046,45
6.644342255,45
5.445581047,45
5.738303606,45
8.409132402,45
4.902762062,45
3.568530272,45
5.279956395,45
5.716091156,45
6.661608657,45
2.203779584,45
5.764314893,45
5.628556128,45
7.292022717,45
5.841910658,45
5.603102051,45
4.778567739,45
8.895547475,45
6.646571127,45
5.069440132,45
7.678949337,45
7.466016792,45
6.034254136,45
7.119495521,45
7.001495221,45
5.674679383,45
3.796041782,45
6.744016213,45
2.304853027,45
5.485520166,45
6.221116778,45
5.713846812,45
5.637919889,45
5.019167718,45
3.056452393,45
4.205708976,45
6.453422529,45
5.701847111,45
5.939912221,45
5.124657378,45
4.74788968,45
5.396937312,45
6.329195713,45
9.101111253,45
4.83033647,45
5.310767239,45
4.713744146,45
6.540063296,45
8.206611321,45
6.541302066,45
4.882944212,45
3.979726716,45
4.362539239,45
5.803216083,45
8.148641686,45
5.756266187,45
6.852860472,45
5.930567216,45
5.661062882,45
7.381578775,45
5.956680754,45
3.480898234,45
3.113132071,45
6.839377039,45
8.202397822,45
5.296956272,45
7.074713436,45
7.643368354,45
5.168327408,45
4.652207105,45
5.347194865,45
5.788266131,45
5.355932236,45
5.475742745,45
4.666658262,45
4.565638316,45
6.444875895,45
3.988430621,45
5.791366909,45
4.958374285,45
8.29549386,45
7.933344155,45
8.111125534,45
5.39404652,45
4.889654555,45
7.224903971,45
3.713257165,45
3.960713765,45
3.46124739,45
4.203984315,45
6.165700294,45
4.805765278,45
5.040265697,45
5.817256744,45
5.512046317,45
4.202557756,45
7.012372131,45
4.501700311,45
3.267917074,45
6.778232981,45
4.884803674,45
2.409724117,45
7.532030556,45
5.606302564,45
8.072129048,45
5.244364626,45
5.64117254,45
5.649642017,45
3.40204846,45
8.430071145,45
3.208748421,45
4.47529543,45
8.552094492,45
8.203079999,45
5.120811436,45
3.935207359,45
4.336945613,45
8.228750617,45
5.754787069,45
4.758897061,45
5.83404447,45
6.141060267,45
4.297345609,45
7.13385874,45
4.146980047,45
5.765338705,45
6.810762989,45
7.680590023,45
7.835431752,45
4.475039116,45
6.634721137,45
8.991195977,45
6.758433862,45
4.956867874,45
7.231546403,45
6.758085041,45
6.587625213,45
7.476810843,45
6.26075168,45
8.90304345,45
7.324528895,45
5.172753071,45
6.624831136,45
5.150690781,45
5.990173202,45
7.525444421,45
8.933035455,45
5.657231486,45
5.542745899,45
5.619638742,45
2.332058265,45
4.76612168,45
3.340641803,45
5.573494572,45
5.95531017,45
7.038452826,45
5.091540198,45
6.796194705,45
6.758659735,45
8.006062065,45
5.891644507,45
5.039769624,45
3.614123302,45
4.941658008,45
4.611891323,45
6.407928692,45
7.547275536,45
4.650580126,45
4.629545365,45
5.012327993,45
6.942268774,45
6.782541044,45
5.838705422,45
6.608560678,45
5.602524645,45
5.737126678,45
8.591559554,45
4.099393896,45
3.353480021,45
6.776023536,45
7.83914547,45
4.030454431,45
2.986289176,45
2.204887269,45
5.475242423,45
5.361719893,45
7.376799557,45
5.69815295,45
5.62111849,45
6.982356507,45
7.215108554,45
7.365021354,45
4.233388642,45
6.713815144,45
7.222717448,45
-0.101863896,45
3.431754963,45
6.427541599,45
6.578362141,45
5.474728291,45
2.825641523,45
6.393819686,45
8.52040603,45
5.681247437,45
7.811489207,45
6.723296149,45
3.543684057,45
6.913082419,45
1.962919898,45
4.503691591,45
7.14501406,45
5.787328653,45
5.617409876,45
2.127625894,45
4.089841744,45
8.056835004,45
5.583727286,45
5.579423855,45
2.800473694,45
7.017342015,45
5.138412976,45
2.928359336,45
5.576590633,45
7.780003306,45
7.640799752,45
1.260752729,45
7.318842341,45
5.580623764,45
5.690352907,45
6.685090682,45
4.174468725,45
1.853204737,45
5.017015148,45
7.068628802,45
8.190863793,45
8.269779527,45
4.225162793,45
5.857572197,45
6.647415974,45
4.405022035,45
6.099033583,45
5.305363483,45
5.130560583,45
6.522565238,45
8.215578688,45
5.742250382,45
6.790930818,45
5.909326958,45
4.102141843,45
4.65165143,45
6.26432638,45
6.631061261,45
7.487617203,45
7.137070324,45
4.256036619,45
7.548579357,45
6.393377414,45
4.05531424,45
6.761918469,45
5.915037686,45
6.650438098,45
3.676884199,45
3.95105502,45
6.959048745,45
6.889211382,45
2.199130109,45
2.993245817,45
6.894992416,45
4.904583373,45
5.393130541,45
5.528216732,45
6.963287972,45
5.078656285,45
4.02382028,45
4.72732192,45
4.968680435,45
7.131079844,45
7.293162804,45
6.393866982,45
6.74252208,45
4.666014941,45
5.087381465,45
7.311465552,45
5.150513727,45
5.669680381,45
2.744931825,45
6.155771163,45
4.062055721,45
3.282781478,45
6.722888463,45
6.262886512,45
6.87747408,45
6.261967767,45
5.067873559,45
7.663274039,45
9.072614867,45
5.28700052,45
4.489508655,45
5.351163075,45
4.874464283,45
3.778767802,45
4.655926509,45
7.456535835,45
5.842529569,45
6.504422981,45
4.742224077,45
5.793067245,45
4.865440397,45
7.497249419,45
5.923355246,45
4.278760947,45
6.261888043,45
5.653310462,45
7.719433967,45
7.845426522,45
2.687183776,45
6.192760169,45
5.788082792,45
6.548996561,45
5.177358153,45
4.493649582,45
5.512021179,45
9.100843947,45
5.23517785,45
5.555258651,45
6.359878259,45
1.632926962,45
5.409383695,45
6.130923258,45
6.844983166,45
6.415779401,45
4.789516567,45
4.839165773,45
7.080645586,45
5.818157247,45
7.359209857,45
7.080446439,45
4.386719319,45
5.276878868,45
4.363703934,45
6.218972249,45
8.716339544,45
5.526517387,45
4.465951439,45
7.235811803,45
7.393107913,45
6.36678095,45
8.190191541,45
6.064099845,45
7.707165009,45
5.395445573,45
5.690450384,45
2.995451472,45
8.065987338,45
7.39161483,45
5.62718554,45
5.557990589,45
5.847188512,45
4.579334854,45
5.416767091,45
6.541306117,45
5.821636083,45
5.070312872,45
5.709317968,45
5.9228423,45
6.947141976,45
4.669121501,45
3.784314471,45
7.126760751,45
5.973352831,45
8.331192278,45
6.882031051,45
6.746295879,45
7.138341524,45
7.995503926,45
4.285708333,45
7.775702598,45
7.205368152,45
2.73311491,45
7.188686885,45
3.828084959,45
6.414783443,45
4.11308669,45
6.279458299,45
2.851638529,45
4.013517966,45
7.449182554,45
5.431827921,45
-0.532071247,45
5.734277748,45
4.658089706,45
5.63390682,45
6.539771381,45
4.87725642,45
6.985995065,45
6.560529007,45
2.167217473,45
5.828004336,45
3.65809386,45
5.079532797,45
4.092094413,45
6.954942087,45
6.230331011,45
6.565818668,45
7.329909538,45
7.764183072,45
6.939518663,45
5.687116193,45
8.460383725,45
5.418082757,45
6.94392313,45
5.611350884,45
5.815200398,45
7.917836298,45
1.627031261,45
5.388828605,45
7.220167727,45
5.679124568,45
7.822791031,45
3.873425682,45
4.062401845,45
5.900542028,45
7.319718071,45
5.284519456,45
5.747133105,45
5.633981815,45
4.677619865,45
6.650147001,45
6.736300743,45
2.331961958,45
6.024208063,45
5.798081272,45
5.08371156,45
7.562243386,45
7.214784512,45
6.643240007,45
6.853422687,45
7.234379399,45
3.341779733,45
5.013737776,45
5.537995943,45
3.112204229,45
8.459524767,45
3.257862347,45
8.50619441,45
8.154648713,45
5.047297771,45
5.100824109,45
5.06896015,45
7.125706418,45
5.517705217,45
7.664993872,45
6.016854318,45
5.055046737,45
5.762793078,45
6.127060001,45
6.655683401,45
5.700831449,45
6.638981468,45
6.208926461,45
6.148160791,45
2.506972296,45
4.239400535,45
6.471354288,45
4.31664975,45
5.636054683,45
1.342359183,45
6.997201911,45
4.357457205,45
4.796828361,45
7.354127495,45
2.956618122,45
4.805609198,45
5.246453231,45
6.546651882,45
3.038234984,45
4.528511473,45
4.39753345,45
6.640952026,45
4.16231447,45
2.050264823,45
4.855463551,45
6.547283485,45
6.163479682,45
5.666368186,45
4.075059608,45
6.061586166,45
6.222518743,45
6.603424581,45
6.07661255,45
5.848422918,45
7.152762607,45
8.395537808,45
4.405462399,45
5.441972398,45
5.230559884,45
5.965462716,45
4.836601927,45
5.904554636,45
3.251890468,45
5.451811376,45
4.940678475,45
6.137343632,45
4.727234004,45
6.765967959,45
4.161427822,45
6.407403029,45
6.754992803,45
5.562236935,45
7.790970172,45
5.904042944,45
8.86005883,45
6.523933736,45
7.874520721,45
3.119576682,45
3.189825097,45
4.865968848,45
4.591324006,45
6.1966421,45
6.589206512,45
8.018996586,45
5.056687824,45
8.257464218,45
2.151968708,45
4.644504453,45
6.225774857,45
7.527749171,45
2.124946767,45
0.453458592,45
6.819931272,45
5.742574383,45
5.095509031,45
5.996498813,45
6.382103208,45
7.894329744,45
4.325104906,45
6.994854349,45
8.576143164,45
4.876069838,45
5.102506803,45
7.655925499,45
5.947968812,45
4.823017756,45
4.624879311,45
4.829630131,45
5.043398931,45
3.278015544,45
7.295648868,45
4.550018783,45
7.62579748,45
6.583282332,45
1.932042286,45
3.954776044,45
5.525668424,45
1.682547462,45
5.553275297,45
2.60951808,45
4.853171875,45
6.895290433,45
6.446207255,45
-0.189254715,45
6.594806855,45
6.688063481,45
6.385561443,45
4.394169183,45
7.171345469,45
6.972017406,45
-0.378005925,45
4.298640755,45
4.943810851,45
7.880035857,45
4.78194495,45
5.922877926,45
6.183769677,45
6.415186011,45
4.823996325,45
4.915608593,45
5.212380713,45
6.565666024,45
5.490737211,45
3.868799002,45
6.729372038,45
7.905737846,45
8.166627378,45
5.808968598,45
6.645008263,45
5.447123108,45
3.026552759,45
5.960838698,45
6.109247142,45
4.908785364,45
6.250553819,45
7.06471492,45
7.54265359,45
3.22007018,45
4.386596674,45
2.606662631,45
4.922643323,45
5.79044185,45
6.222799978,45
7.322934526,45
5.796097265,45
6.073976714,45
5.431230988,45
8.055711235,45
6.153775235,45
6.370883777,45
7.382820834,45
3.51758015,45
6.208321656,45
5.577336978,45
4.363543266,45
4.485770301,45
4.912415204,45
4.005657199,45
1.546470422,45
6.550680976,45
4.784684895,45
5.58485806,45
6.333351637,45
5.40344161,45
3.265308418,45
5.807449327,45
3.82530877,45
5.503546091,45
6.810645964,45
6.932457166,45
5.712056359,45
6.098710251,45
5.856757144,45
8.125574268,45
2.815260506,45
3.958852893,45
3.833928167,45
6.081392609,45
4.301808579,45
6.176733822,45
4.879923119,45
3.415653343,45
1.988850434,45
4.358243504,45
7.228881605,45
3.585022494,45
1.505906777,45
5.04284807,45
6.638046038,45
7.142733299,45
3.602409895,45
6.022475509,45
5.83061291,45
6.160367607,45
6.975930639,45
7.792925108,45
7.526345414,45
7.44094361,45
5.145925939,45
7.915564103,45
6.622673785,45
7.796247301,45
6.581615836,45
4.932003021,45
7.330954128,45
5.354303923,45
4.556907989,45
4.797834017,45
6.559807099,45
6.301405725,45
7.381539604,45
4.636932712,45
5.799231222,45
7.022721907,45
4.852095588,45
5.775864881,45
7.658123822,45
6.397249886,45
6.40926627,45
4.989452638,45
6.876554629,45
7.410200241,45
6.797581784,45
5.238895534,45
8.521895272,45
2.642057715,45
5.74659331,45
6.784709629,45
5.241315801,45
5.893933148,45
6.142233683,45
4.285063153,45
5.145801537,45
8.385359335,45
2.076693093,45
6.132593008,45
6.377898282,45
7.588750971,45
5.49205593,45
3.696127371,45
5.390387996,45
7.32702099,45
2.210079357,45
5.596891236,45
6.159106583,45
6.118751096,45
7.295100887,45
5.182110189,45
5.808084752,45
6.564306409,45
6.660158035,45
6.694596655,45
2.989019578,45
5.394248109,45
6.400791892,45
8.734265737,45
5.223461481,45
5.841798305,45
2.078409133,45
6.826744925,45
6.608598319,45
6.523145728,45
5.768280702,45
7.156814125,45
5.52288349,45
8.914040837,45
4.857745958,45
7.185611745,45
7.018374054,45
2.859781837,45
2.573172804,45
3.867005592,45
3.22900864,45
4.646566722,45
4.335308726,45
6.502075052,45
7.63884203,45
7.237892193,45
6.8946133,45
3.765634127,45
6.957493712,45
7.47541481,45
5.825102091,45
6.231766475,45
4.22558754,45
3.088588328,45
6.380863658,45
2.822898342,45
5.852042425,45
5.213360208,45
6.619192285,45
5.454843545,45
5.329616082,45
4.222570699,45
5.727620875,45
6.376514159,45
7.074886617,45
3.396462578,45
6.263710046,45
6.343199644,45
6.717397662,45
4.469022896,45
4.710279526,45
5.902897201,45
4.474285087,45
5.117731455,45
4.708863679,45
4.849418557,45
6.087321154,45
4.622445789,45
6.72789859,45
8.257827992,45
5.435084704,45
4.157837787,45
2.193004259,45
3.93647115,45
4.703860986,45
6.049680516,45
4.748886278,45
7.117136904,45
5.81825555,45
4.74476878,45
8.185922311,45
7.241093216,45
4.001866722,45
5.736484974,45
3.57317998,45
4.221168187,45
7.329261048,45
3.696180768,45
4.536869225,45
1.167788249,45
6.999474883,45
6.654319507,45
7.926288246,45
5.600589295,45
3.461803334,45
7.148136237,45
7.445006733,45
7.976778058,45
6.087166766,45
3.992625953,45
7.576521259,45
4.995973483,45
2.424711169,45
2.937219668,45
4.909557046,45
5.42174255,45
8.110528557,45
8.000035761,45
5.941115767,45
4.461194338,45
6.48464297,45
7.950796181,45
6.343029468,45
5.962134953,45
6.463887152,45
4.858253137,45
4.362551491,45
7.252656919,45
6.86474378,45
7.569882625,45
4.803316641,45
7.687295652,45
4.884121977,45
4.120739994,45
2.806248902,45
3.562211833,45
1.088038187,45
5.947422618,45
4.771199024,45
7.345491572,45
4.973618628,45
6.206709186,45
6.344945301,45
6.121898343,45
3.694794543,45
7.15784475,45
4.305748329,45
7.610863071,45
6.912847592,45
5.971221045,45
7.131903684,45
4.628935677,45
4.768077536,45
6.822478193,45
2.012234261,45
5.150432795,45
7.134130967,45
8.619852658,45
6.742530846,45
6.941335387,45
3.982710566,45
3.811213479,45
5.911633914,45
4.343114971,45
5.090895827,45
2.480649299,45
4.073618871,45
3.861857904,45
6.038005145,50
4.038696256,50
4.375431064,50
4.944458496,50
6.090053696,50
5.079832992,50
4.101496659,50
6.876315914,50
7.038357342,50
7.706148995,50
7.035751754,50
5.869248291,50
7.097522586,50
6.473970072,50
4.183113266,50
6.693175929,50
3.82451368,50
3.478519388,50
5.857988608,50
2.666971317,50
5.537355593,50
7.303586822,50
4.212470692,50
6.618317312,50
6.354552705,50
4.363719669,50
3.066729158,50
6.247142939,50
5.02780016,50
5.839612268,50
4.881860984,50
6.366057458,50
5.287303413,50
3.909670387,50
6.322961862,50
6.19171926,50
6.481590425,50
5.451610985,50
7.547251306,50
8.50693035,50
5.072018475,50
9.049432823,50
5.317487601,50
6.022159188,50
5.841400671,50
4.525297739,50
5.861635008,50
2.495337391,50
3.463516148,50
4.779336709,50
5.734907261,50
4.626894172,50
6.441323072,50
7.455287763,50
5.332180315,50
5.075328489,50
4.819895345,50
7.618408862,50
4.579188126,50
5.348437503,50
3.851981195,50
6.8207369,50
8.949541707,50
6.435014264,50
6.079026824,50
8.499053535,50
5.517966845,50
2.63341531,50
5.142483893,50
4.612028632,50
6.357151839,50
4.895193685,50
3.130020597,50
7.982152896,50
6.491560195,50
8.104753434,50
5.26811666,50
7.979107714,50
7.559137703,50
4.415736053,50
3.33054483,50
4.20059488,50
4.52587967,50
5.981969308,50
3.948224086,50
3.944407945,50
5.629880592,50
6.748878069,50
5.489878473,50
3.351275902,50
7.106019265,50
5.315713617,50
6.870771458,50
4.897355729,50
6.986536463,50
7.574257987,50
6.418344425,50
6.512346613,50
6.911198441,50
6.918809072,50
8.793131869,50
7.44381875,50
4.843940753,50
6.707433874,50
5.690100537,50
2.17883412,50
5.900196632,50
7.033543581,50
4.529040824,50
6.346101913,50
8.317463009,50
5.86924329,50
6.793963134,50
7.059328259,50
3.966423102,50
6.277621667,50
6.97223561,50
4.839219627,50
4.601526164,50
8.814859733,50
4.364357799,50
5.868452539,50
6.420851936,50
5.427851159,50
6.110036422,50
5.051473597,50
7.200849749,50
5.968270813,50
4.934769186,50
5.826415339,50
4.210989436,50
5.779540551,50
5.024810573,50
5.977614344,50
5.822239112,50
4.713590682,50
5.955028326,50
5.470720257,50
4.460973866,50
6.281536169,50
5.397009619,50
6.991449374,50
4.683365579,50
3.919710362,50
6.603525733,50
5.394281934,50
5.649936905,50
8.406203349,50
4.765468053,50
3.46486291,50
5.269612952,50
5.537416565,50
6.638360436,50
1.970690376,50
5.695537416,50
5.645312201,50
7.244219744,50
5.661983918,50
5.328284962,50
4.573727483,50
8.849544653,50
6.558591943,50
5.002569918,50
7.664085974,50
7.46297899,50
5.842848772,50
7.073930825,50
6.964457755,50
5.602806581,50
3.956112605,50
6.717113973,50
2.044626545,50
5.397161058,50
6.182381054,50
5.546251003,50
5.548869446,50
4.868693447,50
2.898489457,50
4.150188175,50
6.41072618,50
5.631159605,50
5.822288764,50
4.987747591,50
4.609136614,50
5.28807173,50
6.316830149,50
9.084356073,50
4.72822643,50
5.317844924,50
4.652989129,50
6.417790812,50
8.176901709,50
6.444850781,50
4.762892274,50
3.576619838,50
4.295462448,50
5.671244287,50
8.132698165,50
5.681599823,50
6.826742956,50
5.825760124,50
5.587175791,50
7.382442471,50
5.928620594,50
3.112452733,50
2.899340882,50
6.80574501,50
8.150981026,50
5.195748953,50
7.037171276,50
7.625830067,50
5.048998996,50
4.523310975,50
5.242627197,50
5.709915768,50
5.273486547,50
5.39761206,50
4.559499579,50
4.475585723,50
6.437972304,50
3.929637644,50
5.704178209,50
4.639844759,50
8.269334768,50
7.893552573,50
8.092686493,50
5.28146954,50
4.726364011,50
7.125092038,50
3.571656355,50
3.909789678,50
3.352352666,50
4.04701577,50
6.115994418,50
4.660689022,50
4.968125993,50
5.747858593,50
5.389533637,50
4.170693228,50
6.972718248,50
4.386699765,50
2.439955847,50
6.759604356,50
4.853508915,50
2.288238593,50
7.512363405,50
5.52144749,50
8.072911642,50
5.302078975,50
5.181636952,50
5.61218206,50
3.315420372,50
8.424526939,50
3.074769744,50
4.355875702,50
8.549298968,50
8.168680701,50
5.100019934,50
3.715572687,50
3.993246281,50
8.198044164,50
5.546189853,50
4.560711425,50
5.638695626,50
5.998096938,50
3.831228393,50
7.124149358,50
4.038522015,50
5.532327444,50
6.799277048,50
7.688282225,50
7.837268474,50
4.332697184,50
6.606343293,50
8.94058536,50
6.67969267,50
4.833681386,50
7.105395934,50
6.712806698,50
6.572764882,50
7.348660798,50
6.288946702,50
8.849870589,50
7.321214967,50
5.064366284,50
6.599452861,50
5.118689627,50
5.937765222,50
7.488834112,50
8.868777771,50
5.604807057,50
5.560454308,50
5.396870946,50
2.106741123,50
4.659540224,50
3.178967668,50
5.477243361,50
5.906528859,50
7.048788479,50
4.953031979,50
6.770072126,50
6.721463387,50
7.93930515,50
5.825759629,50
4.975819692,50
3.374572985,50
4.822923381,50
4.539287011,50
6.361552648,50
7.501993409,50
4.54215183,50
4.462930682,50
5.052715384,50
6.91980742,50
6.686187748,50
5.687787105,50
6.469289563,50
5.454571458,50
5.683433656,50
8.596096755,50
3.733115414,50
3.117080182,50
6.738595751,50
7.815081376,50
3.931221681,50
2.779186363,50
1.910803103,50
5.467605493,50
5.260188416,50
7.383149493,50
5.597563708,50
5.487310206,50
6.961846903,50
6.960330805,50
7.31057017,50
4.116507967,50
6.540811728,50
7.217146351,50
-0.324568273,50
3.22671792,50
6.401295568,50
6.589310728,50
5.436781869,50
2.576877214,50
6.195804608,50
8.503200714,50
5.652396231,50
7.760323108,50
6.511338474,50
3.277269675,50
6.869818798,50
1.697771352,50
4.348689367,50
7.135945656,50
5.690103115,50
5.555746577,50
1.788149343,50
3.896768078,50
8.046989142,50
5.527383773,50
5.522602051,50
2.597185925,50
6.96182733,50
5.045421335,50
2.708164127,50
5.437523403,50
7.802501941,50
7.592548525,50
0.972407276,50
7.188525961,50
5.585232238,50
5.603325114,50
6.67298439,50
4.068330085,50
1.327820583,50
4.837316063,50
7.00336181,50
8.134282452,50
8.220070172,50
3.67646638,50
5.84870487,50
6.603732061,50
4.56464331,50
6.037532657,50
5.164063231,50
4.902683307,50
6.502814135,50
8.188796278,50
5.696480541,50
6.561220379,50
5.810049074,50
3.941275993,50
4.607518501,50
6.271596695,50
6.484812129,50
7.378587527,50
7.13545743,50
3.994133042,50
7.532564248,50
6.289878648,50
3.932035943,50
6.687834336,50
5.821415353,50
6.526358236,50
3.472440595,50
3.768024072,50
6.90586048,50
6.834945503,50
1.889820305,50
2.688929348,50
6.799907389,50
4.825066895,50
5.335707992,50
5.390636447,50
6.866496009,50
4.840127469,50
3.842762415,50
4.574474361,50
4.832401076,50
7.076123393,50
7.225323031,50
6.377102093,50
6.716757933,50
4.502388469,50
4.987812118,50
7.242646775,50
5.077985582,50
5.55236828,50
2.721748872,50
6.026949535,50
3.942427942,50
3.124402819,50
6.645721064,50
6.200950374,50
6.653376617,50
6.18940021,50
4.958211032,50
7.625974177,50
9.053418817,50
5.205339852,50
4.416668377,50
5.263725037,50
4.709798775,50
3.632638525,50
4.526552054,50
7.437138176,50
5.74485561,50
6.462499377,50
4.550525914,50
5.73049366,50
4.703391109,50
7.350173971,50
5.875020822,50
4.161893826,50
6.226017555,50
5.580102417,50
7.650612153,50
7.784697114,50
2.491802678,50
6.115156267,50
5.646750593,50
6.52784472,50
5.111588774,50
4.341168718,50
5.397147995,50
9.071109557,50
5.175983596,50
5.413147234,50
6.333966553,50
1.600144989,50
5.270225815,50
6.075243143,50
6.774732755,50
6.414690908,50
4.705857093,50
4.856242224,50
7.017031695,50
5.765254767,50
7.325756953,50
6.980862332,50
4.143604732,50
5.217828749,50
4.125170719,50
6.120511556,50
8.70360541,50
5.524119855,50
4.386639772,50
7.072822651,50
7.337211316,50
6.383473513,50
8.175775769,50
5.996446357,50
7.689350562,50
5.29137207,50
5.670756236,50
2.792594667,50
8.04879721,50
7.3730223,50
5.537567087,50
5.355686681,50
5.723159461,50
4.441658224,50
5.315632263,50
6.469099232,50
5.782084213,50
5.043505641,50
5.640180418,50
5.896573698,50
6.909364427,50
4.692932979,50
3.662608104,50
6.932676286,50
5.89308576,50
8.323420949,50
6.830579759,50
6.689625402,50
7.120889492,50
8.016582933,50
4.26270803,50
7.761791578,50
7.165500762,50
2.583941122,50
7.179375073,50
3.65937826,50
6.358130714,50
3.71673011,50
6.147107741,50
2.946696336,50
3.868250126,50
7.421579956,50
5.348460506,50
-0.525546277,50
5.556197893,50
4.515545701,50
5.540370837,50
6.476665473,50
4.675180342,50
6.788786696,50
6.502432281,50
1.927165617,50
5.87667698,50
3.399413056,50
4.9826572,50
3.937857365,50
6.77488257,50
6.213408802,50
6.541909294,50
7.312939881,50
7.735703066,50
6.964710061,50
5.599586656,50
8.435023156,50
5.299244823,50
6.854071257,50
5.517638804,50
5.863455901,50
7.888235531,50
1.228573116,50
5.119208022,50
7.166422898,50
5.573886752,50
7.7603706,50
3.628304827,50
3.871838816,50
5.848035615,50
7.264393018,50
5.178198087,50
5.708174265,50
5.398681987,50
4.496086895,50
6.578495871,50
6.625723858,50
2.006317277,50
6.017409122,50
5.75828719,50
4.969513377,50
7.526807105,50
7.179564522,50
6.585694204,50
6.848861991,50
7.223774264,50
3.089320196,50
4.740525247,50
5.477002444,50
2.925318781,50
8.399653068,50
3.073557182,50
8.489865543,50
8.150184155,50
4.925447205,50
4.780956329,50
4.930880682,50
7.097336808,50
5.348408041,50
7.579809395,50
5.869899841,50
4.88531323,50
5.727045943,50
6.136324635,50
6.628200229,50
5.58578938,50
6.616021062,50
6.184453989,50
6.028709461,50
2.099650314,50
4.089203654,50
6.458895457,50
4.209116976,50
5.616493738,50
1.057431648,50
6.907356106,50
4.213619359,50
4.695320146,50
7.337028035,50
2.611508693,50
4.365613258,50
5.107564738,50
6.469569423,50
2.847593631,50
4.49563481,50
4.286188533,50
6.564189571,50
4.045978007,50
1.810526057,50
4.64585306,50
6.46803749,50
6.153677319,50
5.546512055,50
3.946710107,50
6.042811683,50
6.185364388,50
6.54875813,50
5.991949659,50
5.766291426,50
7.07654906,50
8.40560396,50
4.297158968,50
5.311801259,50
5.185204661,50
5.930332084,50
4.802660211,50
5.876301196,50
3.052052926,50
5.476477342,50
4.760356227,50
6.08200516,50
4.561245691,50
6.811879685,50
4.036593393,50
6.36173224,50
6.641488872,50
5.678032476,50
7.825583689,50
5.824802769,50
8.895338867,50
6.462114606,50
7.7396572,50
2.902469709,50
2.970857264,50
4.755572,50
4.502736427,50
6.147881378,50
6.566730287,50
7.953371657,50
4.988056453,50
8.184685377,50
2.306577965,50
4.490210557,50
6.192471573,50
7.465713252,50
2.432458375,50
0.229919857,50
6.610005731,50
5.714630807,50
5.01284913,50
5.885461939,50
6.303234727,50
7.845952907,50
4.322415934,50
6.959956889,50
8.516626399,50
4.713630111,50
5.059683226,50
7.641239478,50
5.884665874,50
4.8132058,50
4.485909905,50
4.691873402,50
4.878441362,50
3.344596028,50
7.236891429,50
4.391295791,50
7.583577681,50
6.555810711,50
1.628691072,50
3.837795115,50
5.499957191,50
1.396016388,50
5.389496308,50
2.047505783,50
4.76781587,50
6.862700515,50
6.130591788,50
-0.517423883,50
6.47233988,50
6.695594572,50
6.32602199,50
3.994312661,50
7.162457005,50
6.947491225,50
-0.493570167,50
4.009284959,50
4.74562782,50
7.761191618,50
4.671201952,50
5.869705886,50
6.06697053,50
6.314840504,50
4.900241085,50
4.800020127,50
5.298149811,50
6.327536624,50
5.436034067,50
3.706281628,50
6.738926922,50
7.912755027,50
8.007887027,50
5.745011662,50
6.556245912,50
5.288283368,50
3.035855782,50
5.902030221,50
6.027460167,50
4.831132028,50
6.289252095,50
6.932714252,50
7.513605045,50
2.945499304,50
4.256273057,50
2.394163788,50
4.744429258,50
5.724719094,50
6.154367101,50
7.275554635,50
5.694625843,50
6.022455723,50
5.245492524,50
8.028235796,50
6.070590909,50
6.314836142,50
7.376109256,50
3.368369682,50
6.198704689,50
5.471719154,50
4.192137222,50
4.354156768,50
4.686779143,50
3.871170811,50
1.292888571,50
6.502428025,50
4.65510875,50
5.502732306,50
6.332359314,50
5.310085391,50
3.541236155,50
5.576089832,50
3.296447031,50
5.465106911,50
6.774546902,50
6.797883089,50
5.608341783,50
6.024987507,50
5.781586491,50
8.126775623,50
2.596987014,50
3.77179373,50
3.746308272,50
6.039734506,50
4.109644401,50
6.161572082,50
4.742330906,50
3.416542802,50
1.788942803,50
4.196621946,50
7.120051403,50
3.428733758,50
1.186064378,50
4.848943587,50
6.441960262,50
7.121961193,50
3.395078234,50
5.729713384,50
5.412169754,50
6.123391637,50
6.95299749,50
7.687771175,50
7.516059393,50
7.435359103,50
4.959477874,50
7.90554616,50
6.598257372,50
7.701931169,50
6.526427343,50
4.412614986,50
7.303281758,50
5.238340123,50
4.425822535,50
4.708109162,50
6.495253524,50
6.230620689,50
7.309605391,50
4.62560062,50
5.680597213,50
6.977347157,50
4.685124811,50
5.282908036,50
7.645108405,50
6.344152186,50
6.325462537,50
4.992122289,50
6.820014132,50
7.393798174,50
6.713242888,50
5.168293348,50
8.523716852,50
2.450313478,50
5.606662303,50
6.761695044,50
5.154807944,50
5.777121337,50
6.077731797,50
4.10035344,50
5.008813364,50
8.379832973,50
1.743203119,50
6.071599742,50
6.348071347,50
7.56865693,50
5.391227652,50
3.490960664,50
5.368197265,50
7.294088388,50
2.03559206,50
5.449820152,50
6.099212523,50
6.111488451,50
7.290743092,50
4.930931139,50
5.672218046,50
6.508990399,50
6.59641222,50
6.652383749,50
2.836302512,50
5.27117247,50
6.356176296,50
8.674591966,50
5.15755996,50
5.743813825,50
1.563938988,50
6.774209151,50
6.544831648,50
6.502342408,50
5.727544439,50
7.140644159,50
5.435178723,50
8.868527068,50
4.719712298,50
7.132833067,50
6.977242454,50
2.561603264,50
2.507817732,50
3.731571891,50
3.063520399,50
4.50262485,50
4.044404101,50
6.435316583,50
7.626274289,50
7.221433688,50
6.830558199,50
3.558222606,50
6.859769609,50
7.434015583,50
5.790173724,50
6.150267181,50
4.007986603,50
2.819856572,50
6.338374581,50
2.670224185,50
5.789494133,50
5.081406166,50
6.534327297,50
5.152933963,50
5.328106876,50
4.012328898,50
5.65754444,50
6.307712562,50
6.969891582,50
3.250550248,50
6.249037831,50
6.319133775,50
6.678487571,50
4.246043203,50
4.614864106,50
5.89258922,50
4.36059558,50
4.950393086,50
4.570921989,50
4.749901424,50
6.006921933,50
4.524250667,50
6.65116059,50
8.191656773,50
5.377234775,50
3.988405741,50
1.998203484,50
3.760918676,50
4.63079858,50
5.943486786,50
4.581098753,50
6.736786895,50
5.741438917,50
4.727099345,50
8.169133201,50
7.222226693,50
3.851610725,50
5.693184316,50
3.364519616,50
4.07157108,50
7.294827602,50
3.447733974,50
4.375467351,50
0.744885932,50
6.881817349,50
6.510388713,50
7.888797749,50
5.488294885,50
3.322689674,50
7.028830862,50
7.420430491,50
7.932448599,50
5.896158449,50
3.848686886,50
7.513758178,50
4.82650583,50
2.193405989,50
2.744592543,50
4.766004111,50
5.281639991,50
8.10101259,50
7.988981431,50
5.845773473,50
4.305641485,50
6.465580559,50
7.96515528,50
6.130718674,50
5.936518623,50
6.42980736,50
4.788243845,50
4.057913959,50
7.243304565,50
6.8587008,50
7.557413195,50
4.456878292,50
7.666160081,50
4.804683707,50
3.821642367,50
2.740927635,50
3.419249401,50
0.844322334,50
5.856733967,50
4.786353425,50
7.327955247,50
4.812692356,50
6.089194061,50
6.256340216,50
6.092293383,50
3.55856119,50
7.113521841,50
4.111884686,50
7.614388023,50
6.845421065,50
5.908197455,50
7.141313368,50
4.421950399,50
4.675859595,50
6.80952427,50
1.780640344,50
5.050043106,50
7.091173557,50
8.55143247,50
6.755675162,50
6.919084054,50
3.781038938,50
3.558006529,50
5.786314991,50
4.198547716,50
5.005390342,50
2.067790604,50
3.939260372,50
3.540809821,50
5.976724835,55
4.103241936,55
4.33705495,55
4.841637664,55
6.048970441,55
4.958325087,55
3.881781173,55
6.776001741,55
7.034915664,55
7.654287763,55
7.035183423,55
5.776366452,55
7.062329213,55
6.427107333,55
4.083137229,55
6.568502367,55
3.712998023,55
3.287129817,55
5.80362804,55
2.916113162,55
5.434918736,55
7.277020253,55
4.114961109,55
6.54756825,55
6.206605644,55
4.280180478,55
3.150679581,55
6.14678548,55
4.928467239,55
5.767913599,55
4.718254156,55
6.309008163,55
5.142641069,55
3.732608717,55
6.243100528,55
6.053400421,55
6.457335532,55
5.195145108,55
7.540362225,55
8.443084284,55
5.020328761,55
8.989253654,55
5.233035405,55
5.951370815,55
5.783797481,55
4.51254661,55
5.792912374,55
2.418459298,55
3.382546648,55
4.541149434,55
5.626427087,55
4.524959859,55
6.375981974,55
7.435526589,55
5.292038234,55
4.960229614,55
4.66917589,55
7.629814828,55
4.474530291,55
5.244792838,55
3.775234011,55
6.757681954,55
8.898320121,55
6.353598179,55
5.90972593,55
8.456263924,55
5.433763848,55
2.451179244,55
4.9820868,55
4.581716125,55
6.291487163,55
4.549725606,55
2.916047892,55
7.973565843,55
6.431014013,55
8.088017297,55
5.169753821,55
7.928978268,55
7.498646953,55
4.254241509,55
3.082806337,55
4.065490643,55
4.462027145,55
5.89982344,55
3.288557993,55
3.803503004,55
5.530114348,55
6.668295641,55
5.112621838,55
3.15477666,55
7.060062355,55
5.196846034,55
6.804216427,55
4.806679541,55
6.913748939,55
7.338314471,55
6.375157929,55
6.468640678,55
6.891145285,55
6.869348756,55
8.725486618,55
7.439477651,55
4.701224579,55
6.669804226,55
5.5620582,55
1.523317252,55
5.720987338,55
7.005428235,55
4.425333881,55
6.282514536,55
8.312815666,55
5.778007889,55
6.762241671,55
7.01656173,55
3.765834773,55
6.258286488,55
6.90147329,55
4.733098121,55
4.49871875,55
8.756173249,55
4.035493774,55
5.55105,55
6.355993505,55
5.329874627,55
6.025205721,55
4.95270499,55
7.188787866,55
5.821908424,55
4.819700578,55
5.739282962,55
4.032335933,55
5.686077996,55
4.92847762,55
5.899847897,55
5.754133194,55
4.582000853,55
5.882381512,55
5.34422827,55
4.348223866,55
6.16912872,55
5.295385139,55
6.97760053,55
4.568992592,55
3.778587521,55
6.569379719,55
5.293013332,55
5.613433792,55
8.393818761,55
4.641680555,55
3.351983009,55
5.172602548,55
5.560099104,55
6.580022183,55
1.721145127,55
5.626800315,55
5.739406903,55
7.22392056,55
5.552229144,55
5.166198463,55
4.523926501,55
8.75850325,55
6.470739341,55
4.885341134,55
7.640614818,55
7.458780669,55
5.680648747,55
7.045650312,55
6.905061071,55
5.476040494,55
3.947489179,55
6.657092452,55
1.809462259,55
5.264792583,55
6.144470173,55
5.442172681,55
5.471559284,55
4.757254392,55
2.587234082,55
3.9918021,55
6.315722601,55
5.584940491,55
5.669960055,55
4.891297133,55
4.550058124,55
5.167652606,55
6.262798776,55
9.050580193,55
4.608962729,55
5.242342012,55
4.51309736,55
6.340951906,55
8.139158406,55
6.402820625,55
4.687103102,55
3.500811438,55
4.178351383,55
5.526112133,55
8.100727413,55
5.651516589,55
6.792057655,55
5.730492273,55
5.499173183,55
7.363095061,55
5.852802786,55
2.949471333,55
2.684770038,55
6.741212114,55
8.093280449,55
5.124515051,55
6.991272099,55
7.619406604,55
4.926670696,55
4.389594135,55
5.148010215,55
5.564733365,55
5.148050736,55
5.3225746,55
4.480590135,55
4.302496952,55
6.44855106,55
3.743579795,55
5.664945013,55
4.358498762,55
8.240943851,55
7.864039365,55
8.059251663,55
5.191119107,55
4.566798356,55
7.034812142,55
3.422694691,55
3.710310304,55
3.235986293,55
4.098899855,55
6.057445568,55
4.490027552,55
4.824978102,55
5.702396525,55
5.318911268,55
4.002424473,55
6.961818483,55
4.302152618,55
2.014726003,55
6.725005872,55
4.714235865,55
2.080228967,55
7.471707928,55
5.487299533,55
8.039826983,55
5.335927348,55
4.965372258,55
5.534024909,55
3.101885855,55
8.388302885,55
2.79090221,55
4.253968821,55
8.554639024,55
8.162997097,55
4.909689278,55
3.503768366,55
4.017116273,55
8.204920902,55
5.420354038,55
4.418945943,55
5.405057941,55
5.902422023,55
3.628210795,55
7.077026955,55
3.939554335,55
5.306124867,55
6.77504672,55
7.680460414,55
7.846761465,55
4.221983742,55
6.559046026,55
8.882715003,55
6.639351452,55
4.750741162,55
6.958009462,55
6.668090697,55
6.500174768,55
7.28197042,55
6.245405118,55
8.788804289,55
7.333218896,55
4.893301414,55
6.55371454,55
5.052680661,55
5.851288025,55
7.40483144,55
8.845827616,55
5.489265862,55
5.526247418,55
5.168771551,55
1.885122027,55
4.543615166,55
2.989110207,55
5.353616121,55
5.840319929,55
6.986108168,55
4.878857037,55
6.726333275,55
6.713150931,55
7.898704253,55
5.759910319,55
4.925073505,55
3.174481989,55
4.760869958,55
4.325984227,55
6.262964121,55
7.455835162,55
4.384303132,55
4.367170736,55
5.053411823,55
6.904535012,55
6.651732039,55
5.524218282,55
6.342086898,55
5.319289748,55
5.580881288,55
8.584678254,55
3.520333578,55
2.917388777,55
6.6287556,55
7.826692171,55
3.839208142,55
2.579705529,55
1.599457857,55
5.299146491,55
5.256842687,55
7.372694253,55
5.471145956,55
5.372686993,55
6.920112632,55
6.720457439,55
7.277573992,55
4.075130644,55
6.374262318,55
7.214432474,55
-0.439587147,55
3.059314518,55
6.33949079,55
6.531860491,55
4.972085336,55
1.952679526,55
6.156493916,55
8.484399618,55
5.616390943,55
7.706013784,55
6.365062214,55
3.173380733,55
6.864393925,55
1.421060458,55
4.187975097,55
7.145119585,55
5.547243471,55
5.479164346,55
1.430937172,55
3.792393899,55
8.006178875,55
5.490384247,55
5.421551892,55
2.460833289,55
6.9103494,55
4.900083284,55
2.606739183,55
5.311513076,55
7.808010187,55
7.568420117,55
1.103594567,55
7.160979696,55
5.503224038,55
5.536992929,55
6.666023785,55
3.86220054,55
0.904904128,55
4.754317481,55
6.969632448,55
8.08490266,55
8.244463386,55
3.634131714,55
5.71483828,55
6.581929587,55
4.321211844,55
6.046440418,55
5.069468234,55
4.644843132,55
6.477231142,55
8.171099243,55
5.696908367,55
6.447807415,55
5.759171727,55
3.772462032,55
4.402395397,55
6.164824092,55
6.583526769,55
7.268139403,55
7.106541011,55
3.57059466,55
7.50328137,55
6.190644948,55
3.75081332,55
6.682024594,55
5.799585068,55
6.522450979,55
3.390546687,55
3.596583754,55
6.843337112,55
6.793517638,55
1.558167104,55
2.396126464,55
6.730518259,55
4.824510861,55
5.233440246,55
5.225775632,55
6.744214206,55
4.794098163,55
3.749209628,55
4.437132119,55
4.733695689,55
7.05978993,55
7.183744909,55
6.286530874,55
6.720112694,55
4.508259452,55
4.878965658,55
7.075245497,55
4.954985859,55
5.481981812,55
2.309481121,55
5.918185341,55
3.610052736,55
3.13878734,55
6.579774748,55
6.165932321,55
6.520819337,55
5.982212128,55
4.862910693,55
7.540952564,55
9.044415845,55
5.072494123,55
4.31887956,55
5.135019397,55
4.580693214,55
3.332829925,55
4.389319049,55
7.403176274,55
5.678282223,55
6.393290356,55
4.238950806,55
5.670272471,55
4.570075106,55
7.227739499,55
5.786649512,55
4.034031314,55
6.213403119,55
5.476917063,55
7.598291717,55
7.777762326,55
2.324043573,55
6.068123404,55
5.583374977,55
6.482291817,55
4.959671,55
4.191613807,55
5.279902698,55
9.047132177,55
5.010211315,55
5.361710728,55
6.272184334,55
1.405682222,55
5.15246525,55
6.027232213,55
6.717205973,55
6.324092117,55
4.66406307,55
4.760282927,55
6.933663583,55
5.644541421,55
7.308935851,55
6.943509429,55
4.076644536,55
5.023286456,55
4.175451532,55
6.121047736,55
8.694620201,55
5.378228535,55
4.119766353,55
6.88381418,55
7.320722197,55
6.353723151,55
8.172514081,55
5.911424621,55
7.681528662,55
5.286215009,55
5.675492119,55
2.608416214,55
8.061753254,55
7.343517047,55
5.451001517,55
5.34114577,55
5.646583651,55
4.339872225,55
5.173256554,55
6.451176874,55
5.694937781,55
4.773050427,55
5.488315075,55
5.800401464,55
6.844598323,55
4.572235048,55
3.462062764,55
6.807817284,55
5.802535577,55
8.307088196,55
6.823338672,55
6.613840219,55
7.132898039,55
8.000354454,55
3.812711729,55
7.741845908,55
7.110424318,55
2.375920127,55
7.17058064,55
3.540226191,55
6.330879059,55
3.577289674,55
6.087237828,55
2.919191676,55
3.826549087,55
7.37900869,55
5.258234276,55
-0.564062151,55
5.363141925,55
4.474750055,55
5.506216464,55
6.407548455,55
4.655964508,55
6.687781633,55
6.489012485,55
1.660486731,55
5.774119278,55
3.245741308,55
4.90566013,55
3.757746738,55
6.608033881,55
6.152405714,55
6.514493528,55
7.20632848,55
7.72627711,55
6.904266412,55
5.552169068,55
8.394702174,55
5.183908606,55
6.784634387,55
5.394033972,55
5.803819918,55
7.858065119,55
0.890290349,55
4.899903527,55
7.072480579,55
5.473182003,55
7.717430612,55
3.475864904,55
3.738174121,55
5.760372419,55
7.213998276,55
5.08808478,55
5.592289392,55
5.050190178,55
4.331729083,55
6.520466235,55
6.571851426,55
1.968478525,55
5.921378767,55
5.645152354,55
4.790512231,55
7.486251707,55
7.128990345,55
6.524610938,55
6.832894164,55
7.200080201,55
2.892508248,55
4.636990655,55
5.444613884,55
2.726757386,55
8.381785801,55
2.950416178,55
8.469654456,55
8.055727686,55
4.751570046,55
4.410392837,55
4.790386972,55
7.024775654,55
5.207577234,55
7.50011608,55
5.79002811,55
4.781395368,55
5.630938235,55
6.141706744,55
6.577023068,55
5.553962081,55
6.661607682,55
6.141298115,55
5.971840844,55
1.68771938,55
3.926668049,55
6.382218242,55
4.116136531,55
5.579225756,55
0.812840825,55
6.815068844,55
4.01314843,55
4.563908769,55
7.330443038,55
2.221270902,55
4.155208748,55
5.06925682,55
6.369036999,55
2.658237786,55
4.374883915,55
4.221998515,55
6.531384976,55
3.903196939,55
1.541021439,55
4.515667527,55
6.471481972,55
6.020170197,55
5.481593096,55
3.871204508,55
5.880199667,55
6.0647123,55
6.488013457,55
5.895646304,55
5.61101303,55
7.061217472,55
8.388665519,55
4.159173197,55
5.196965259,55
4.996384348,55
5.90545269,55
4.808654718,55
5.885932483,55
2.870687888,55
5.237826145,55
4.628837627,55
6.005854268,55
4.420815497,55
6.770268775,55
3.915092022,55
6.313923944,55
6.680729403,55
4.972875094,55
7.805084667,55
5.779083074,55
8.905728327,55
6.426804472,55
7.489900663,55
2.671741179,55
2.732414262,55
4.67491241,55
4.318663163,55
6.081457109,55
6.515772287,55
7.898820611,55
4.8523746,55
8.148594122,55
1.994258853,55
4.415207388,55
6.152593376,55
7.448072694,55
1.309115248,55
-0.000839586,55
6.535070907,55
5.636606581,55
4.861309365,55
5.796779384,55
6.138104201,55
7.855049656,55
4.238670834,55
6.86979653,55
8.482056515,55
4.570260783,55
5.02004684,55
7.616077115,55
5.87515243,55
4.669524488,55
4.283861393,55
4.556466726,55
4.774495027,55
3.130972049,55
7.184087927,55
4.252737547,55
7.587405426,55
6.549413428,55
1.288178354,55
3.8387807,55
5.415327398,55
1.050095982,55
5.331753854,55
1.686095427,55
4.653758332,55
6.823739649,55
5.917763655,55
-0.648475185,55
6.260449467,55
6.619733529,55
6.224927352,55
3.595243287,55
7.071757968,55
6.908844163,55
-0.584219427,55
3.934559499,55
4.583316766,55
7.637674413,55
4.630981498,55
5.797806298,55
6.050905392,55
6.296169015,55
4.549300363,55
4.73145458,55
5.176072832,55
6.219136739,55
5.368523481,55
3.471562534,55
6.776980442,55
7.879752873,55
7.885224374,55
5.634562276,55
6.46624192,55
5.26327586,55
2.71053734,55
5.737190334,55
5.904697101,55
4.731396481,55
6.303033197,55
6.821628515,55
7.496419541,55
2.726023293,55
4.092514122,55
2.080398573,55
4.567091801,55
5.631907865,55
6.058851495,55
7.238387809,55
5.542032651,55
5.959869842,55
5.063924175,55
7.998542814,55
6.063348819,55
6.238090023,55
7.373602984,55
3.209661136,55
6.16908736,55
5.426441443,55
4.165315863,55
4.293411522,55
4.451206333,55
3.753425962,55
1.003528422,55
6.423333261,55
4.516247415,55
5.456228471,55
6.309140721,55
5.257757439,55
3.452603305,55
5.44505565,55
3.254058904,55
5.441928451,55
6.738188869,55
6.718481388,55
5.518985383,55
6.000034327,55
5.729231637,55
8.108824248,55
2.38246534,55
3.663425482,55
3.629653133,55
6.008820496,55
4.077798361,55
6.077083987,55
4.596056209,55
3.609973071,55
1.606721213,55
3.970335386,55
6.977811017,55
3.309266141,55
0.873467836,55
4.811712586,55
6.263882474,55
7.101810803,55
3.259107802,55
5.563749161,55
5.152402662,55
6.075661295,55
6.858437731,55
7.53724763,55
7.510061304,55
7.386979913,55
4.857825132,55
7.900255042,55
6.580754238,55
7.620558921,55
6.446641074,55
4.272568379,55
7.297976553,55
5.078682325,55
4.305745858,55
4.677693095,55
6.430504628,55
6.151386288,55
7.240474646,55
4.469147901,55
5.618054287,55
6.940528145,55
4.550698016,55
5.099177498,55
7.622270654,55
6.31907437,55
6.169361357,55
5.032063107,55
6.803736992,55
7.344995301,55
6.68069936,55
5.082740464,55
8.510841768,55
2.23131662,55
5.514735165,55
6.671918401,55
5.106037577,55
5.670302135,55
6.041763103,55
3.865040411,55
4.958338914,55
8.33655095,55
1.135736047,55
6.063825058,55
6.280729676,55
7.544175915,55
5.374608704,55
3.387430155,55
5.208721003,55
7.25878663,55
1.857295513,55
5.374556322,55
6.054706733,55
6.048320011,55
7.304662859,55
4.612594644,55
5.526910459,55
6.444299332,55
6.515681889,55
6.627908923,55
2.617480254,55
5.095224629,55
6.32057304,55
8.596916992,55
4.93643085,55
5.664541005,55
1.532643605,55
6.649965849,55
6.457627612,55
6.400644746,55
5.637068031,55
7.128931723,55
5.347594894,55
8.829044423,55
4.58398327,55
7.090624591,55
6.856376467,55
2.250559108,55
2.274427469,55
3.588779532,55
2.751546351,55
4.45640175,55
4.028684807,55
6.408410258,55
7.605077516,55
7.213177041,55
6.775532913,55
3.372014902,55
6.757207152,55
7.395086486,55
5.703918879,55
6.065979356,55
3.864699066,55
2.607646096,55
6.272240801,55
2.521603938,55
5.691601346,55
4.991009659,55
6.415917176,55
5.023230205,55
5.213771182,55
3.83184624,55
5.572291642,55
6.275914904,55
6.900327139,55
3.092363546,55
6.157125938,55
6.226517339,55
6.594617543,55
4.007045169,55
4.46549359,55
5.781905287,55
4.249913739,55
4.78165568,55
4.441669185,55
4.706740278,55
5.913448691,55
4.291020097,55
6.520090008,55
8.11511193,55
5.25189764,55
3.796852635,55
1.806589851,55
3.611599377,55
4.542224309,55
5.858551816,55
4.421605058,55
6.484165924,55
5.662802317,55
4.583488619,55
8.143766256,55
7.200736454,55
3.692597965,55
5.564425869,55
3.266469566,55
3.933834483,55
7.192276581,55
3.431876805,55
4.243511969,55
0.247836164,55
6.775255981,55
6.345612616,55
7.880788728,55
5.394630725,55
3.127760691,55
6.944189409,55
7.385934927,55
7.893926891,55
5.827333125,55
3.710929552,55
7.486217832,55
4.671777707,55
1.972969484,55
2.417741527,55
4.61583848,55
5.176687353,55
8.065295865,55
7.965978177,55
5.791741016,55
4.14586764,55
6.418865264,55
7.911912914,55
6.037789779,55
5.827185944,55
6.409869785,55
4.717785814,55
3.966038345,55
7.228334026,55
6.826740457,55
7.530539457,55
4.272094579,55
7.665525389,55
4.698410799,55
3.72596621,55
2.487967705,55
3.27123511,55
0.610542804,55
5.78540526,55
4.535982201,55
7.262583508,55
4.72911907,55
6.014891554,55
6.226797422,55
6.080118867,55
3.440154357,55
7.09465452,55
3.944936072,55
7.593647054,55
6.739924992,55
5.839886905,55
7.093643669,55
4.253904215,55
4.456217941,55
6.690032191,55
1.477377257,55
4.926688508,55
7.08492022,55
8.524863779,55
6.701171228,55
6.822382424,55
3.553438018,55
3.435939407,55
5.647080841,55
4.049146875,55
4.953492318,55
1.756486844,55
3.804444456,55
3.285748123,55
5.79195866,60
3.977431662,60
3.897441502,60
4.74554667,60
5.982741538,60
4.898514034,60
3.749798796,60
6.720623649,60
7.076430824,60
7.603683471,60
7.009957106,60
5.695716432,60
6.993587451,60
6.412958744,60
3.968578295,60
6.493185779,60
3.581569849,60
3.131802079,60
5.693257925,60
2.620541541,60
5.267462532,60
7.266924181,60
4.021682312,60
6.494413605,60
6.083820184,60
4.105791803,60
2.629638768,60
6.039536709,60
4.782107963,60
5.747288997,60
4.670745481,60
6.274171927,60
5.011124778,60
3.543974246,60
6.189205745,60
5.995320932,60
6.376739119,60
5.084911992,60
7.496696994,60
8.425434249,60
4.792651013,60
8.902466066,60
5.152290187,60
5.852685251,60
5.775963881,60
4.380063382,60
5.753577567,60
1.749083085,60
3.231333308,60
4.43288078,60
5.541884295,60
4.41673028,60
6.319524094,60
7.408298958,60
5.314490575,60
4.863260381,60
4.5295982,60
7.617651469,60
4.338769849,60
5.203760252,60
3.580904576,60
6.696036296,60
8.867633115,60
6.295783709,60
5.8973559,60
8.408223091,60
5.334470397,60
2.260838243,60
4.879841038,60
4.218781752,60
6.249172832,60
4.468183647,60
2.849285631,60
7.952658257,60
6.3433256,60
8.09264216,60
5.064765315,60
7.888921746,60
7.422130005,60
4.113209232,60
2.891516359,60
3.926865014,60
4.241445962,60
5.796229618,60
2.961772842,60
3.662792151,60
5.433829009,60
6.654436793,60
4.681957149,60
2.955003099,60
6.997530189,60
5.231555591,60
6.758402096,60
4.725414519,60
6.80461139,60
7.097830499,60
6.343775575,60
6.435606161,60
6.839802423,60
6.84255596,60
8.584127966,60
7.408705676,60
4.586825611,60
6.536364918,60
5.437230361,60
1.55524607,60
5.549498314,60
6.970431721,60
4.144028782,60
6.184780877,60
8.302334546,60
5.681717968,60
6.706630313,60
6.962941845,60
3.644950255,60
6.167689537,60
6.843372084,60
4.651724984,60
4.273019834,60
8.699817536,60
4.092594629,60
5.392236643,60
6.256276844,60
5.272643926,60
5.941953256,60
4.856095609,60
7.179901084,60
5.74032261,60
4.618278476,60
5.648711151,60
3.893577562,60
5.64982085,60
4.818161794,60
5.859640201,60
5.699431695,60
4.45182482,60
5.858393777,60
5.23685208,60
4.209822335,60
6.095687774,60
5.266566227,60
6.902665321,60
4.439817728,60
3.628674385,60
6.460181963,60
5.233704868,60
5.522588944,60
8.365286891,60
4.496579939,60
3.207816976,60
5.168219578,60
5.398049255,60
6.484127327,60
1.500997164,60
5.634460232,60
5.858872698,60
7.200984085,60
5.449878113,60
4.892832422,60
4.321358179,60
8.721822531,60
6.375059132,60
4.769425629,60
7.612865716,60
7.470162099,60
5.646371379,60
7.043900592,60
6.889753548,60
5.308337115,60
3.905119347,60
6.6158203,60
1.534819462,60
5.173083278,60
6.09351359,60
5.355105797,60
5.362871456,60
4.654938033,60
2.301542374,60
3.855992137,60
6.179965316,60
5.473089184,60
5.533106709,60
4.768784653,60
4.453054076,60
5.036639649,60
6.24283085,60
9.023764305,60
4.506913959,60
5.149804578,60
4.433844532,60
6.16086935,60
8.106654477,60
6.283048148,60
4.669885121,60
3.468708375,60
4.053731665,60
5.430573609,60
8.073934122,60
5.627660742,60
6.754919967,60
5.617288986,60
5.393112707,60
7.318552308,60
5.797949812,60
2.591264212,60
2.491545028,60
6.701865078,60
8.053867915,60
5.022178119,60
6.944197928,60
7.570310783,60
4.802161998,60
4.237425417,60
5.028054813,60
5.586686039,60
5.07150374,60
5.300061069,60
4.265922801,60
4.160332571,60
6.447259215,60
3.49821001,60
5.562343282,60
4.231106643,60
8.212423431,60
7.847006471,60
8.022118904,60
5.082019361,60
4.381406936,60
6.923223888,60
3.23377466,60
3.566650007,60
3.081342294,60
3.977278147,60
5.96894972,60
4.33079598,60
4.698291526,60
5.631689339,60
5.201518255,60
3.880595261,60
6.945784055,60
4.143398209,60
2.277187467,60
6.71957315,60
4.632309546,60
2.013736569,60
7.452336528,60
5.321962902,60
8.017195206,60
5.274786916,60
4.732882469,60
5.549635754,60
2.927101733,60
8.380496954,60
2.600805995,60
4.128282565,60
8.556482358,60
8.127404648,60
4.770060371,60
3.293756117,60
3.390965568,60
8.179038186,60
5.26274719,60
4.123271382,60
5.306563531,60
5.820133867,60
2.57825415,60
7.040356649,60
3.771759671,60
5.04113407,60
6.749364743,60
7.691198146,60
7.7025288,60
4.194174753,60
6.534982547,60
8.831210636,60
6.585627073,60
4.679085715,60
6.78529234,60
6.648250989,60
6.441388364,60
7.170015004,60
6.238200938,60
8.706841235,60
7.319786885,60
4.762809125,60
6.505350242,60
5.048058159,60
5.74001132,60
7.334486298,60
8.796717277,60
5.517061116,60
5.471595084,60
5.004937329,60
1.645510364,60
4.421601392,60
2.784772725,60
5.304235413,60
5.764746682,60
6.982502208,60
4.826715537,60
6.662136091,60
6.678301692,60
7.855988232,60
5.680616526,60
4.889563164,60
2.727962726,60
4.756936128,60
4.245707066,60
6.144034476,60
7.391475958,60
4.399286528,60
4.258987534,60
5.009830323,60
6.817145511,60
6.619020223,60
5.465927691,60
6.186726033,60
5.19917965,60
5.50650664,60
8.56881663,60
3.316337674,60
2.67282078,60
6.614623672,60
7.823689887,60
3.705944171,60
2.361453233,60
1.226167301,60
5.175323261,60
5.149520865,60
7.341975494,60
5.40855396,60
5.204554847,60
6.890876307,60
6.459941419,60
7.237518496,60
4.031926459,60
6.250378311,60
7.21663719,60
-0.52583021,60
2.888431162,60
6.283087703,60
6.465603353,60
4.767440107,60
1.693465309,60
6.084572715,60
8.474450074,60
5.566433467,60
7.668328035,60
6.234651367,60
3.098369587,60
6.829846309,60
1.147768597,60
4.020481835,60
7.108136211,60
5.406992619,60
5.403695628,60
1.030034588,60
3.556770912,60
7.9801984,60
5.352558491,60
5.353810148,60
2.255398409,60
6.896200683,60
4.797790472,60
2.529066573,60
5.315422734,60
7.779941996,60
7.521453367,60
0.945552018,60
7.09578672,60
5.407811068,60
5.438826114,60
6.651489761,60
3.67703823,60
1.012188896,60
4.711108721,60
6.898734689,60
8.07280857,60
8.225541225,60
3.325077844,60
5.677205454,60
6.556881348,60
4.128514353,60
6.011771597,60
4.940050318,60
4.562688694,60
6.471211784,60
8.144218816,60
5.650161355,60
6.260847171,60
5.693948975,60
3.655430565,60
4.375703662,60
6.087126935,60
6.535349583,60
7.164036816,60
7.080825867,60
3.745271498,60
7.496874208,60
6.04914193,60
3.626660019,60
6.623623578,60
5.718811238,60
6.431347102,60
3.220119558,60
3.44573512,60
6.786214369,60
6.735867341,60
1.258886931,60
2.048759405,60
6.57260299,60
4.770980575,60
5.155973102,60
5.157921121,60
6.544089886,60
4.756620516,60
3.585775962,60
4.270586332,60
4.584074129,60
7.031853456,60
7.142192506,60
6.232631645,60
6.688401572,60
4.44240152,60
4.751665733,60
6.849877986,60
4.729840393,60
5.370358434,60
2.211572915,60
5.766232702,60
3.136559773,60
3.015153807,60
6.524997238,60
6.084267724,60
6.429587653,60
5.943914927,60
4.686768033,60
7.459705399,60
8.98343644,60
5.133587779,60
4.265480346,60
4.975727946,60
4.501421394,60
3.173990563,60
4.309163767,60
7.355897291,60
5.590737685,60
6.34806168,60
4.047912608,60
5.510660246,60
4.437958327,60
7.075346402,60
5.753873585,60
3.898163365,60
6.113040531,60
5.396483239,60
7.557182353,60
7.737864605,60
2.129207792,60
6.067904676,60
5.494823379,60
6.445576134,60
4.928426155,60
4.034271695,60
5.224790245,60
9.016753729,60
4.945974478,60
5.260009274,60
6.244362372,60
1.196043501,60
5.058714679,60
6.001355994,60
6.655950359,60
6.30218641,60
4.537949686,60
4.700344553,60
6.740400745,60
5.558177348,60
7.230282047,60
6.875940156,60
3.841841968,60
4.900888273,60
4.120351048,60
5.990260209,60
8.686584957,60
5.354921466,60
4.153678954,60
6.746625872,60
7.31572159,60
6.333215718,60
8.164410964,60
5.812599291,60
7.63779168,60
5.238108813,60
5.667665156,60
2.416976968,60
8.032507333,60
7.300245359,60
5.353911116,60
5.19365817,60
5.586474733,60
4.181100152,60
5.066934456,60
6.381388964,60
5.642318973,60
4.781125134,60
5.400837143,60
5.723145143,60
6.787153591,60
4.480566111,60
3.386481374,60
6.686405372,60
5.74175138,60
8.27961014,60
6.818051032,60
6.521017485,60
7.090286851,60
7.965360485,60
3.73321249,60
7.729821957,60
7.069128415,60
2.210910873,60
7.145815368,60
3.443892133,60
6.339930836,60
3.216751989,60
5.976435023,60
2.786045667,60
3.719270033,60
7.331400108,60
5.207269088,60
-0.595725196,60
5.340222076,60
4.236904013,60
5.446012777,60
6.26588085,60
4.337515508,60
6.52112928,60
6.454841862,60
1.380225875,60
5.715985746,60
3.149640091,60
4.824817643,60
3.596963965,60
6.301395484,60
6.155208272,60
6.460979991,60
7.128849845,60
7.697529251,60
6.888671582,60
5.476882091,60
8.339106342,60
5.059112386,60
6.711849651,60
5.25432997,60
5.769734105,60
7.845770982,60
0.495365544,60
4.708035098,60
7.00145511,60
5.413907584,60
7.67794961,60
3.313042329,60
3.53756701,60
5.642331413,60
7.203638338,60
5.089686675,60
5.48111552,60
4.233656822,60
4.354085965,60
6.516702084,60
6.446238338,60
1.785655162,60
5.842309373,60
5.550064983,60
4.547651079,60
7.487025472,60
7.131746262,60
6.482451102,60
6.823201058,60
7.172608509,60
2.645096795,60
4.538005498,60
5.360666646,60
2.614631846,60
8.336407041,60
2.701721215,60
8.452325511,60
7.994098791,60
4.598793852,60
4.007125644,60
4.631018375,60
7.003185302,60
5.127754771,60
7.396704292,60
5.66070021,60
4.602232832,60
5.555197342,60
6.076959039,60
6.489936251,60
5.416665631,60
6.650088384,60
6.087225384,60
5.850436514,60
1.738131266,60
3.787156185,60
6.325375015,60
4.000887954,60
5.530279887,60
0.590514265,60
6.835523618,60
4.036504207,60
4.465086437,60
7.274475139,60
1.97821734,60
3.890684275,60
4.884040239,60
6.23137723,60
2.452040318,60
4.202482665,60
4.027149249,60
6.450649052,60
3.711107156,60
1.262968975,60
4.348652885,60
6.378716421,60
5.916635549,60
5.398218143,60
3.767356676,60
5.749034729,60
6.037938435,60
6.431470957,60
5.830984356,60
5.561136005,60
7.008379986,60
8.398778671,60
4.100776268,60
5.086827826,60
4.924165319,60
5.155085406,60
4.667033987,60
5.884401992,60
2.874133277,60
5.227243294,60
4.429130917,60
5.942608282,60
4.335569305,60
6.730531212,60
3.734698829,60
6.25362491,60
6.601719918,60
4.951316093,60
7.818369671,60
5.750717727,60
8.941439037,60
6.36463275,60
7.186219129,60
2.554113461,60
2.51149947,60
4.529500608,60
4.222769556,60
6.016753005,60
6.430536056,60
7.802841134,60
4.78783704,60
8.103616614,60
1.524988946,60
4.351015402,60
6.076082391,60
7.406037755,60
0.82124602,60
-0.172071534,60
6.369098712,60
5.496230308,60
4.590490207,60
5.716398229,60
6.057122079,60
7.776622122,60
4.255099623,60
6.820571774,60
8.435851951,60
4.433883468,60
4.899226591,60
7.577709226,60
5.79738017,60
4.680832681,60
4.161321276,60
4.418020893,60
4.753077312,60
2.87236287,60
7.101679906,60
4.124208296,60
7.572525661,60
6.539485776,60
0.928025805,60
3.775112234,60
5.353671056,60
0.741046125,60
5.206001669,60
1.318352431,60
4.312234674,60
6.766230212,60
5.593574379,60
-0.720244415,60
6.17598134,60
6.573364158,60
6.158364732,60
3.612355741,60
7.014939964,60
6.899883066,60
-0.574062909,60
3.841527977,60
4.553953504,60
7.532659649,60
4.601078728,60
5.748697157,60
5.980997398,60
6.1497202,60
4.421590392,60
4.661137841,60
5.038963352,60
6.117324852,60
5.298617081,60
3.338518025,60
6.736968913,60
7.848793613,60
7.722134753,60
5.610814338,60
6.392225283,60
5.17094798,60
2.839845927,60
5.606521327,60
5.691759035,60
4.580076461,60
6.288115402,60
6.756928255,60
7.48887365,60
2.481198254,60
4.0642743,60
1.888627606,60
4.516009395,60
5.590521935,60
6.048081299,60
7.198039458,60
5.546086896,60
5.926171469,60
4.828389906,60
7.976324246,60
5.969631753,60
6.164494945,60
7.353313229,60
3.038072646,60
6.123058061,60
5.368239382,60
3.91129795,60
4.159202275,60
4.369713977,60
3.593700911,60
0.713268097,60
6.347579005,60
4.359167358,60
5.408243281,60
6.277339558,60
5.115023352,60
3.654438438,60
5.303077139,60
2.915585101,60
5.365621435,60
6.669247625,60
6.554777063,60
5.399008964,60
5.939315069,60
5.692576324,60
8.122477796,60
2.119652998,60
3.543912951,60
3.530940225,60
5.992451418,60
3.813745568,60
5.988353443,60
4.459098155,60
3.639745355,60
1.419286712,60
3.857564693,60
6.797989322,60
3.085343735,60
0.546865695,60
4.605825489,60
6.140099665,60
7.100099177,60
2.990969362,60
5.375760144,60
4.76556632,60
6.132780186,60
6.838142561,60
7.486681873,60
7.465258223,60
7.357435554,60
4.675869547,60
7.880353053,60
6.532375226,60
7.525021354,60
6.43652717,60
4.043579832,60
7.282312082,60
4.994363487,60
4.151319811,60
4.503930029,60
6.394513714,60
6.065553309,60
7.202053251,60
4.334225714,60
5.491013414,60
6.897334718,60
4.423946415,60
4.837093805,60
7.594276653,60
6.253669462,60
6.103118882,60
4.965088354,60
6.767293889,60
7.337158251,60
6.647027337,60
5.090053088,60
8.507830538,60
2.007674811,60
5.353703178,60
6.659761238,60
5.03030577,60
5.622021075,60
5.929426113,60
3.713255676,60
4.824733606,60
8.332995881,60
0.64608206,60
6.036770662,60
6.223059256,60
7.521680623,60
5.299973557,60
3.165881738,60
5.058786516,60
7.240557995,60
1.61907758,60
5.104239289,60
6.012825722,60
5.979618884,60
7.301570638,60
4.481920403,60
5.381260925,60
6.394514759,60
6.409311308,60
6.59275537,60
2.303760854,60
4.937172083,60
6.22483302,60
8.523334952,60
4.826004188,60
5.58414603,60
1.267373899,60
6.549746307,60
6.346647587,60
6.358590011,60
5.577019016,60
7.102665995,60
5.255776089,60
8.791073897,60
4.498585336,60
7.044982379,60
6.774796703,60
2.179182891,60
1.692673759,60
3.432977153,60
2.547881353,60
4.328620377,60
4.025398011,60
6.381680538,60
7.556927413,60
7.173133163,60
6.712855632,60
3.199476217,60
6.684085275,60
7.359873657,60
5.622275165,60
5.974486244,60
3.784771726,60
2.402401705,60
6.206668675,60
2.36041255,60
5.595006528,60
4.940474116,60
6.301570964,60
4.894833974,60
5.12192995,60
3.618736471,60
5.523184042,60
6.20606238,60
6.742779055,60
2.919153789,60
6.133481913,60
6.200049757,60
6.543754964,60
4.002183563,60
4.25488955,60
5.769978252,60
4.158678499,60
4.723006524,60
4.340295097,60
4.548600642,60
5.828354748,60
4.233850832,60
6.450473652,60
8.06246138,60
5.16720179,60
3.620734993,60
1.547454717,60
3.451950852,60
4.388301349,60
5.78399724,60
4.231359248,60
6.239921112,60
5.583578278,60
4.553390902,60
8.127323903,60
7.195225838,60
3.576260417,60
5.436218129,60
3.051229746,60
3.784369949,60
7.106938687,60
3.445406212,60
4.089609247,60
-0.111694279,60
6.669506571,60
6.220952857,60
7.873263487,60
5.216454346,60
2.948415214,60
6.910846611,60
7.362577427,60
7.83069768,60
5.73843941,60
3.56884603,60
7.479611683,60
4.537997502,60
1.716390483,60
2.183379308,60
4.459874659,60
4.969452852,60
8.064477364,60
7.93725409,60
5.734417109,60
3.982620708,60
6.410728613,60
7.897976307,60
5.811728421,60
5.704746874,60
6.3701767,60
4.587483723,60
3.830496603,60
7.221071691,60
6.843140176,60
7.486718007,60
4.161382399,60
7.625476307,60
4.583910639,60
3.353414401,60
2.355160981,60
3.112908843,60
0.346995374,60
5.683184985,60
4.54753131,60
7.176903322,60
4.569902355,60
5.918836714,60
6.163292028,60
5.904444278,60
3.135266635,60
7.074383945,60
3.723690499,60
7.557804429,60
6.661958444,60
5.768006806,60
7.115226909,60
4.134117178,60
4.338707707,60
6.605727821,60
1.175099253,60
4.82492715,60
7.091767072,60
8.487877962,60
6.659703945,60
6.813942197,60
3.280067267,60
3.400430588,60
5.457999486,60
3.882552456,60
4.746501887,60
1.434200578,60
3.690906436,60
3.0554122,60
